id,id_setor,id_doc
1,4,1
2,8,1
3,8,3
4,4,3
5,4,5
6,8,5
7,6,6
8,4,6
9,4,7
10,5,7
11,4,8
12,0,9
13,9,9
14,0,10
15,9,10
16,9,12
17,9,15
18,0,15
19,6,8
20,5,8
23,5,19
24,5,20
25,4,20
26,4,21
27,8,21
28,3,22
29,0,22
30,3,23
31,0,23
32,3,24
33,0,24
34,3,25
35,8,25
36,0,25
37,3,26
38,6,27
39,4,27
40,4,28
41,0,30
42,9,30
43,8,32
44,4,32
45,8,33
46,4,33
47,9,34
48,0,34
49,9,35
50,8,36
51,2,36
52,4,36
53,3,36
54,9,36
55,6,15
56,8,35
58,0,39
59,0,41
60,4,41
61,0,42
62,3,42
63,4,43
64,4,45
65,4,46
66,4,47
67,5,47
68,8,48
69,4,48
70,8,49
71,4,49
72,4,50
73,6,50
74,9,50
75,4,53
76,2,53
77,8,53
78,0,56
79,9,56
80,0,57
81,9,57
83,0,58
84,4,62
85,8,62
86,0,64
87,9,64
88,0,65
89,9,65
90,2,66
91,4,68
92,8,68
93,4,69
94,5,69
95,7,69
96,6,69
97,0,70
98,9,70
99,3,71
100,8,71
101,0,71
102,4,72
103,4,73
104,4,74
105,2,74
106,4,76
107,5,76
108,7,76
109,9,78
110,2,78
111,4,79
112,6,79
113,4,80
114,2,80
115,9,81
116,4,81
118,4,82
125,4,86
133,12,92
148,22,110
150,19,111
153,0,112
158,22,114
163,19,118
166,4,118
168,22,121
169,24,121
173,0,130
176,19,136
183,22,142
185,0,146
187,0,147
191,19,149
192,4,149
195,0,150
198,19,152
208,0,165
215,0,175
217,0,194
224,4,195
237,11,195
241,13,195
253,37,195
255,42,195
260,4,196
273,11,196
275,30,196
277,13,196
291,22,198
294,0,198
297,0,199
300,19,201
307,45,211
310,11,211
311,30,213
316,0,214
319,0,215
324,4,216
337,11,216
339,30,216
341,13,216
353,37,216
355,26,217
359,0,218
362,0,220
373,20,229
375,20,230
380,11,232
393,22,243
398,10,247
399,10,248
400,40,249
404,4,251
406,19,253
415,0,256
416,22,257
417,0,258
419,4,259
429,11,259
431,30,259
433,13,259
449,36,264
457,20,271
462,10,273
466,4,274
471,4,277
472,0,279
481,0,282
484,0,286
486,11,280
487,11,281
488,20,288
490,20,289
494,0,290
497,0,291
500,0,292
501,20,293
503,20,295
505,24,296
510,0,302
514,6,304
517,4,307
523,0,310
526,4,312
530,0,313
531,0,314
538,10,323
542,0,328
550,19,334
569,0,354
575,0,356
576,20,357
578,11,356
581,0,360
584,0,361
585,11,355
588,0,363
591,0,366
592,20,367
595,13,356
601,0,372
604,0,376
607,0,377
610,0,379
613,0,380
616,0,381
620,0,383
621,0,385
623,4,372
628,0,390
629,49,391
632,0,397
640,4,405
644,0,406
647,0,407
650,0,409
651,49,410
654,0,411
657,0,412
664,41,416
667,0,417
668,4,291
676,0,425
679,0,427
682,45,431
685,11,431
688,0,441
691,20,443
696,19,448
699,20,451
701,26,452
711,37,453
712,26,454
715,26,455
717,0,456
720,26,457
722,40,458
724,49,459
727,26,462
733,0,465
743,20,475
745,20,476
747,20,477
749,20,478
751,20,479
756,0,482
767,11,490
768,0,490
769,13,490
770,45,492
773,20,493
781,49,499
795,0,514
798,20,515
800,0,516
803,22,518
807,0,519
810,0,524
813,0,526
814,51,527
816,0,531
818,0,533
832,28,549
835,0,551
839,20,557
841,20,558
845,0,559
848,0,560
851,0,561
854,0,562
857,0,563
860,0,564
863,0,567
868,4,570
870,30,576
875,0,578
885,49,589
886,20,595
891,0,597
894,0,599
895,20,601
902,0,606
905,0,607
908,0,608
917,41,620
926,0,634
932,0,638
936,6,643
944,0,651
945,0,654
949,0,656
961,0,669
970,22,674
977,0,680
981,11,676
982,0,691
988,4,692
998,13,692
1011,0,702
1018,0,710
1019,20,711
1023,0,718
1029,42,722
1037,0,726
1040,0,730
1047,13,733
1048,16,733
1052,0,735
1064,11,724
1068,11,760
1071,0,764
1074,0,765
1077,0,766
1079,0,768
1087,0,771
1094,0,777
1098,0,779
1099,28,782
1105,0,787
1115,4,788
1129,11,788
1131,30,788
1133,13,788
1135,16,788
1147,20,795
1154,6,800
1167,49,805
1168,0,806
1174,4,807
1180,11,811
1187,49,814
1192,0,823
1196,0,827
1205,11,829
1215,20,839
1225,0,845
1229,20,847
1231,20,849
1233,0,851
1236,0,852
1243,38,855
1248,4,826
1249,20,859
1251,20,860
1257,0,864
1260,0,866
1263,0,867
1266,0,868
1289,0,892
1294,51,895
1295,4,895
1296,51,898
1297,0,902
1299,51,903
1320,0,919
1323,0,922
1334,4,930
1344,11,930
1346,30,930
1348,13,930
1350,16,930
1361,37,930
1363,0,931
1367,0,939
1369,20,947
1371,2,950
1372,2,951
1373,28,952
1374,20,953
1377,20,955
1381,36,965
1382,35,968
1387,0,973
1390,0,974
1391,0,975
1396,0,978
1402,11,985
1405,0,992
1408,0,993
1413,35,999
1419,0,1004
1422,0,1009
1440,0,1019
1441,20,1020
1445,0,1021
1450,0,1026
1453,0,1030
1462,20,1039
1466,0,1044
1474,22,1057
1477,0,1065
1479,19,1066
1480,4,1066
1487,4,1067
1496,11,1067
1502,16,1067
1513,37,1067
1517,0,1071
1520,0,1072
1521,20,1073
1523,51,1075
1525,51,1076
1527,51,1077
1531,0,1079
1535,0,1081
1538,0,1082
1542,11,1085
1543,26,1087
1545,0,1088
1555,19,1096
1556,4,1096
1558,19,1097
1559,4,1097
1561,19,1098
1563,4,1098
1564,0,1100
1568,0,1101
1569,0,1102
1572,49,1104
1576,0,1106
1580,20,1110
1587,0,1116
1592,20,1120
1610,0,1128
1613,0,1129
1620,11,597
1621,26,1134
1623,0,1135
1626,26,1137
1628,26,1139
1633,11,1144
1649,0,1153
1653,11,1155
1656,0,1158
1657,26,1160
1670,0,1165
1671,20,1167
1673,49,1178
1681,4,1179
1695,11,1179
1697,30,1179
1701,16,1179
1712,37,1179
1729,0,1190
1736,0,1193
1743,0,1201
1747,0,1204
1751,0,1205
1763,49,1211
1765,0,1212
1768,45,1214
1774,0,1216
1779,0,1219
1813,20,1225
1819,20,1228
1821,0,1231
1824,11,1189
1831,0,1234
1832,38,1236
1836,23,1237
1839,38,1239
1843,0,1240
1853,0,1245
1858,0,1246
1868,0,1264
1876,0,1272
1887,0,1276
1890,0,1278
1893,0,1279
1896,0,1280
1898,10,1283
1900,20,1285
1904,0,1286
1911,20,1289
1922,0,1296
1951,45,1308
1962,0,1312
1977,0,1325
1978,0,1326
1999,0,1338
2002,0,1339
2007,0,1341
2010,0,1342
2013,0,1343
2023,0,1347
2031,20,1356
2047,0,1361
2059,0,1365
2074,0,1370
2078,11,1371
2081,0,1373
2084,0,1375
2087,0,1376
2088,20,1377
2096,0,1381
2099,0,1382
2102,20,1391
2104,20,1392
2108,0,1394
2112,0,1399
2121,45,1403
2125,11,1404
2126,0,1404
2130,0,1405
2131,0,1408
2136,0,1415
2139,30,1417
2142,0,1418
2164,0,1426
2172,28,1437
2178,0,1441
2182,26,1446
2194,20,1455
2201,0,1458
2204,0,1459
2205,0,1460
2212,11,1457
2213,11,1463
2216,0,1466
2219,0,1467
2232,0,1477
2235,20,1480
2246,0,1487
2252,0,1489
2256,11,1486
2260,46,1500
2267,4,1508
2271,26,1510
2273,30,1512
2285,0,1520
2287,11,1521
2288,0,1521
2295,4,1524
2299,0,1526
2302,4,1527
2303,0,1529
2307,0,1532
2309,25,1533
2313,0,1534
2321,22,1547
2324,16,1547
2331,0,1551
2338,0,1554
2351,0,1561
2359,11,1565
2371,0,1572
2372,0,1573
2376,0,1574
2385,0,1587
2386,11,1584
2387,0,1591
2390,20,1595
2419,0,1628
2422,0,1630
2425,20,1631
2428,20,1633
2440,0,1642
2451,0,1650
2453,45,1651
2462,0,1660
2467,38,1663
2476,20,1671
2486,13,1687
2489,20,1694
2493,0,1695
2494,20,1696
2506,0,1710
2507,0,1714
2513,0,1725
2518,0,1768
2523,0,1770
2526,0,1771
2528,16,1774
2542,0,1778
2543,20,1779
2547,45,1781
2548,0,1782
2551,4,1783
2557,0,1787
2560,0,1788
2563,20,1794
2565,20,1795
2567,20,1796
2572,20,1798
2574,20,1799
2576,20,1800
2578,20,1801
2586,20,1810
2588,20,1811
2590,0,1815
2596,0,1831
2600,27,1833
2601,10,1833
2602,26,1836
2608,0,1838
2611,0,1840
2614,0,1841
2618,30,1847
2623,0,1849
2629,0,1859
2634,13,1860
2637,0,1863
2645,0,1868
2648,2,1869
2650,10,1870
2651,2,1870
2658,0,1874
2663,0,1881
2668,0,1886
2672,0,1889
2675,11,1888
2676,20,1891
2680,49,1893
2681,40,1895
2688,0,1910
2691,0,1913
2698,0,1917
2700,11,1916
2701,20,1925
2705,0,1927
2706,38,1928
2710,0,1934
2716,0,1944
2721,22,1950
2737,14,1957
2739,13,1957
2740,0,1959
2748,0,1962
2756,8,1966
2762,0,1969
2765,0,1972
2766,20,1975
2775,20,1982
2779,0,1989
2782,8,1996
2785,0,1998
2787,0,1999
2792,0,2001
2794,4,2003
2805,0,2011
2808,36,2013
2811,0,2017
2814,49,2019
2819,0,2021
2831,38,2047
2835,0,2049
2839,21,2055
2842,20,2056
2846,13,2057
2847,11,2062
2849,0,2064
2857,0,2070
2869,30,2088
2878,13,2099
2882,11,2101
2886,0,2102
2894,0,2113
2895,0,2115
2900,22,2128
2901,20,2129
2921,19,2150
2925,0,2153
2929,0,2161
2940,11,2173
2942,20,2180
2944,11,2181
2946,20,2184
2950,0,2186
2953,0,2188
2955,53,2194
2959,0,2195
2962,0,2196
2965,0,2197
2968,0,2199
2971,0,2200
2975,0,2203
2981,0,2210
2984,0,2223
2989,0,2225
2992,0,2226
3013,0,2241
3016,0,2242
3019,45,2249
3022,0,2251
3025,0,2252
3028,0,2253
3032,0,2255
3035,0,2260
3041,0,2263
3052,0,2268
3058,0,2275
3061,0,2277
3066,0,2281
3069,0,2283
3072,0,2285
3073,0,2288
3076,0,2289
3081,0,2292
3086,0,2293
3089,0,2294
3092,0,2295
3095,0,2296
3098,0,2297
3101,0,2298
3110,0,2305
3111,28,2306
3113,49,2313
3114,11,2088
3115,2,2088
3116,19,2318
3127,0,2330
3128,0,2334
3133,51,2342
3138,0,2349
3141,0,2351
3144,0,2353
3147,0,2354
3148,21,2357
3150,21,2358
3154,0,2359
3155,30,2360
3161,0,2366
3164,20,2367
3173,0,2378
3177,30,2378
3183,46,2386
3185,6,2388
3190,0,2392
3196,51,2401
3208,0,2417
3211,0,2420
3212,0,2421
3215,0,2425
3220,0,2434
3222,45,2436
3228,49,2446
3229,0,2447
3232,20,2451
3234,20,2452
3240,0,2454
3248,30,2447
3250,41,2462
3254,0,2466
3258,0,2467
3261,0,2469
3264,0,2470
3265,0,2471
3270,19,2480
3277,0,2489
3283,20,2493
3298,41,2503
3304,46,2508
3309,20,2522
3311,20,2523
3313,0,2525
3319,0,2542
3322,0,2543
3324,0,2546
3334,20,2566
3336,0,2568
3344,46,2570
3348,0,2574
3352,0,2577
3355,20,2578
3369,0,2596
3374,0,2604
3376,20,2609
3378,20,2610
3380,0,2612
3390,0,2617
3391,0,2618
3399,0,2628
3409,20,2641
3411,20,2642
3418,38,2651
3422,38,2652
3429,0,2653
3433,0,2654
3436,0,2655
3446,0,2660
3449,0,2665
3451,41,2669
3453,0,2670
3456,13,2671
3461,0,2673
3464,0,2675
3467,30,2679
3469,20,2680
3471,30,2681
3473,0,2682
3478,0,2687
3481,0,2688
3486,4,2705
3488,30,2706
3490,30,2699
3497,11,2714
3502,0,2721
3503,30,2682
3504,35,2727
3508,0,2728
3513,37,2734
3514,0,2734
3515,20,2735
3517,20,2736
3522,0,2737
3526,0,2742
3530,20,2746
3534,45,2748
3535,0,2749
3542,20,2752
3548,11,2751
3553,0,2759
3554,36,2760
3556,4,2760
3560,20,2762
3563,0,2763
3566,0,2764
3567,22,2765
3570,20,2769
3572,0,2770
3581,40,2776
3586,30,2779
3602,0,2786
3603,19,2787
3617,0,2793
3618,22,2794
3623,0,2799
3638,0,2816
3641,0,2817
3642,28,2819
3645,28,2820
3648,28,2821
3651,46,2822
3657,0,2824
3668,20,2841
3670,0,2854
3676,20,2857
3678,0,2859
3684,0,2863
3692,0,2867
3693,0,2869
3697,4,561
3704,0,2877
3707,30,2869
3709,30,2854
3716,0,2890
3719,0,2894
3720,20,2897
3724,0,2898
3728,20,2918
3742,45,2929
3744,0,2933
3758,0,2940
3761,49,2941
3766,0,2945
3767,49,2946
3770,0,2947
3774,0,2951
3778,0,2959
3785,49,2964
3788,0,2967
3790,45,2971
3794,0,2973
3795,20,2974
3799,0,2975
3801,28,2981
3805,0,2983
3811,0,2992
3814,2,2997
3817,0,2999
3826,0,3006
3827,0,3007
3833,49,3012
3834,16,3012
3839,30,3011
3840,21,3015
3851,0,3023
3853,25,3025
3856,20,3027
3858,20,3028
3868,49,3039
3870,49,3040
3872,49,3041
3873,37,3041
3875,36,3042
3876,49,3043
3877,37,3043
3881,36,3049
3883,49,3050
3889,0,3055
3892,0,3062
3899,22,3068
3903,30,3068
3904,22,3069
3905,13,3069
3907,16,3069
3910,0,3076
3916,41,3080
3919,21,3082
3920,4,3082
3926,11,3085
3927,20,3088
3931,0,3089
3934,0,3090
3935,24,3091
3940,0,3092
3942,0,3094
3949,0,3098
3952,0,3099
3955,0,3100
3956,0,3101
3961,0,3106
3965,2,3109
3968,46,3112
3972,0,3113
3975,0,3114
3978,0,3115
3981,0,3116
3984,0,3118
3987,0,3122
3994,0,3134
4004,0,3142
4013,0,3147
4017,36,3152
4022,0,3159
4032,51,3168
4036,4,3169
4040,0,3170
4043,0,3171
4046,0,3172
4047,0,3175
4052,0,3178
4059,0,3182
4062,0,3184
4065,0,3185
4071,0,3187
4072,19,3189
4074,49,3190
4077,28,3192
4093,0,3198
4094,28,3200
4095,28,3201
4099,11,3206
4100,20,3210
4105,0,3215
4108,0,3217
4112,0,3223
4115,2,3226
4121,0,3232
4124,0,3233
4127,0,3234
4128,20,3236
4130,11,3212
4136,0,3247
4139,0,3248
4143,2,3252
4149,11,3255
4150,0,3258
4160,0,3263
4163,0,3264
4166,0,3265
4169,0,3266
4174,0,3270
4175,20,3275
4181,0,3283
4186,0,3288
4189,25,3291
4191,4,3291
4196,11,3294
4201,22,3301
4204,0,3301
4205,20,3302
4207,20,3303
4237,21,3338
4244,20,3347
4249,0,3358
4252,0,3359
4255,0,3360
4256,0,3363
4259,28,3364
4272,0,3374
4276,0,3375
4280,0,3376
4281,0,3377
4285,0,3382
4297,11,3385
4298,11,3384
4299,11,3383
4300,0,3392
4303,11,3393
4305,0,3394
4312,36,3401
4320,0,3403
4324,0,3413
4337,0,3420
4345,36,3427
4347,45,3429
4356,0,3433
4360,0,3436
4363,0,3437
4368,2,3441
4370,0,3444
4376,0,3450
4379,4,3451
4383,49,3453
4388,0,3454
4389,49,3455
4392,6,3456
4394,49,3457
4397,11,3432
4400,0,3465
4403,0,3466
4408,0,3471
4409,51,3482
4411,0,3483
4415,0,3484
4416,0,3489
4420,11,3489
4422,0,3492
4426,26,3494
4430,0,3495
4436,4,3497
4440,0,3500
4444,0,3502
4446,20,3509
4448,20,3510
4450,11,3501
4455,0,3516
4460,13,3522
4461,46,3523
4466,0,3524
4469,10,3526
4470,24,3526
4475,41,3529
4477,0,3530
4480,11,3530
4488,41,3545
4491,45,3549
4494,0,3553
4498,0,3555
4502,31,3562
4507,22,3563
4510,0,3563
4513,41,3565
4515,31,3566
4520,31,3567
4532,0,3570
4534,36,3571
4536,41,3572
4541,41,3577
4545,4,2772
4546,0,3586
4560,0,3605
4563,0,3606
4564,50,3607
4568,0,3608
4571,0,3610
4574,41,3612
4576,8,3613
4579,0,3624
4584,0,3628
4585,38,3630
4587,0,3631
4594,0,3637
4600,38,3647
4603,38,3648
4610,4,3652
4617,4,3656
4621,0,3657
4622,0,3661
4625,0,3662
4627,0,3666
4631,0,3668
4635,0,3670
4638,20,3672
4659,0,3690
4660,37,3690
4668,0,3705
4672,0,3709
4676,0,3711
4679,0,3713
4687,49,3725
4690,49,3728
4695,20,3732
4698,0,3735
4710,20,3742
4712,20,3743
4716,0,3745
4719,0,3746
4723,0,3747
4728,0,3752
4729,36,3753
4734,0,3756
4735,21,3757
4741,45,3764
4744,45,3765
4747,30,3766
4752,0,3768
4755,0,3772
4758,0,3774
4761,0,3775
4765,0,3777
4766,22,3785
4769,0,3785
4770,51,3789
4771,4,3789
4772,26,3791
4776,0,3799
4787,0,3802
4793,0,3804
4796,0,3805
4799,0,3808
4825,28,3814
4829,41,3816
4831,25,3817
4835,4,3817
4842,19,3827
4846,0,3828
4854,20,3833
4856,20,3835
4858,20,3836
4860,20,3837
4864,0,3839
4868,0,3841
4869,20,3842
4874,51,3847
4875,0,3849
4883,20,3854
4885,20,3855
4892,0,3859
4895,46,3864
4898,35,3866
4900,0,3867
4903,0,3868
4917,11,3881
4921,0,3882
4927,0,3889
4932,0,3892
4935,46,3895
4941,0,3897
4944,50,3902
4948,0,3909
4951,38,3910
4953,38,3913
4956,38,3914
4962,0,3918
4965,0,3919
4968,36,3921
4971,38,3922
4977,38,3925
4982,38,3927
4985,38,3928
4988,0,3929
4993,45,3933
5000,4,3939
5002,0,3940
5007,46,3947
5010,21,3954
5021,46,3960
5026,36,3971
5031,0,3972
5034,0,3977
5037,0,3978
5040,0,3980
5049,30,3990
5055,0,3993
5059,0,3997
5060,26,3998
5062,36,4008
5069,0,4011
5071,0,4016
5076,0,4020
5085,6,4024
5104,25,4036
5113,37,4042
5115,36,4045
5119,6,4048
5124,0,4053
5129,0,4054
5133,0,4056
5136,0,4057
5139,0,4058
5140,21,4059
5143,25,4062
5150,0,4063
5151,6,4064
5156,0,4065
5159,0,4067
5164,0,4068
5165,0,4069
5171,0,4073
5174,0,4074
5177,0,4075
5180,0,4076
5181,25,4077
5186,4,4077
5197,0,4088
5202,0,4092
5205,0,4093
5208,0,4094
5211,0,4096
5214,0,4097
5217,0,4098
5218,49,4099
5220,49,4100
5224,0,4101
5227,0,4102
5228,0,4104
5242,13,4104
5243,22,4113
5248,45,4117
5255,0,4121
5261,4,4128
5264,31,4132
5270,0,4142
5276,6,4148
5278,0,4149
5282,30,3266
5283,11,3266
5295,45,4166
5300,0,4167
5301,4,4143
5308,49,4182
5309,36,4183
5310,0,4184
5312,0,4186
5318,0,4189
5319,0,4191
5332,6,4194
5338,25,4198
5362,0,4205
5383,0,4210
5386,0,4211
5393,0,4213
5414,4,4229
5429,11,4229
5433,13,4229
5435,16,4229
5439,40,4229
5446,37,4229
5455,37,4234
5460,20,4237
5462,19,4238
5468,0,4240
5477,0,4250
5480,0,4251
5485,0,4254
5489,0,4261
5501,0,4270
5505,0,4271
5506,4,4273
5509,20,4277
5513,0,4278
5517,0,4280
5527,0,4285
5530,0,4286
5533,0,4287
5536,0,4288
5539,0,4292
5542,0,4294
5550,0,4296
5561,13,4310
5562,0,4311
5572,51,4332
5577,6,4336
5580,20,4342
5582,20,4343
5584,45,4344
5604,0,4363
5612,0,4365
5622,0,4369
5625,0,4371
5626,25,4372
5628,25,4373
5629,0,4374
5633,0,4378
5635,0,4379
5643,0,4381
5648,0,4382
5653,0,4383
5658,0,4384
5662,11,4395
5664,20,4397
5674,0,4406
5680,20,4409
5684,0,4411
5688,51,4414
5690,0,4415
5693,40,4413
5699,51,4420
5709,0,4427
5710,0,4441
5723,13,4451
5724,0,4452
5734,0,4456
5735,0,4457
5745,0,4463
5748,45,4467
5754,30,4471
5756,49,4473
5757,2,4473
5762,49,4476
5772,20,4485
5774,49,4486
5775,36,4486
5776,0,4487
5780,40,4488
5783,13,4491
5785,0,4494
5796,49,4501
5797,36,4501
5800,0,4502
5803,0,4503
5804,0,4504
5809,0,4511
5812,4,4511
5814,49,4516
5819,0,4521
5825,19,4524
5829,0,4525
5833,0,4527
5836,0,4528
5839,0,4529
5842,0,4530
5843,40,4532
5850,0,4548
5856,0,4552
5868,30,4560
5881,0,4572
5884,0,4574
5887,0,4575
5891,11,4523
5896,0,4581
5898,24,4589
5904,20,4593
5906,20,4594
5908,20,4596
5913,0,4597
5918,0,4602
5921,21,4615
5924,22,4616
5927,0,4616
5936,0,4630
5939,0,4631
5942,0,4632
5945,0,4633
5948,0,4634
5949,0,4635
5954,0,4636
5957,0,4637
5960,0,4638
5961,51,4642
5965,0,4643
5969,0,4655
5974,0,4656
5975,0,4659
5978,0,4661
5985,0,4665
5990,6,4669
5993,20,4670
6004,9,4681
6006,13,4681
6007,0,4684
6020,0,4695
6023,0,4696
6026,0,4698
6029,0,4702
6031,20,4706
6034,0,4713
6037,0,4714
6039,20,4716
6044,0,4719
6046,20,4723
6048,20,4729
6055,36,4734
6059,0,4735
6062,0,4736
6063,36,4737
6068,0,4738
6069,6,4739
6073,11,4752
6074,0,4755
6080,0,4757
6083,0,4758
6086,0,4761
6095,0,4769
6098,20,4771
6100,20,4772
6102,20,4773
6112,30,4769
6113,11,4769
6122,0,4788
6135,28,4797
6136,4,4798
6148,11,4798
6150,30,4798
6152,13,4798
6154,16,4798
6157,40,4798
6164,28,4799
6167,0,4801
6173,11,4807
6177,0,4808
6178,45,4809
6190,0,4818
6195,47,4824
6201,46,4830
6202,0,4833
6220,0,4839
6223,0,4841
6224,0,4842
6227,0,4843
6229,0,4847
6232,0,4848
6239,36,4865
6247,0,4868
6250,0,4870
6253,0,4871
6255,46,4874
6261,21,4883
6268,4,4883
6272,0,4885
6274,0,4888
6276,0,4889
6280,0,4890
6283,0,4891
6286,0,4901
6289,25,4902
6291,47,4903
6295,16,4848
6296,16,4847
6298,20,4916
6300,4,4917
6303,20,4918
6305,20,4919
6307,35,4920
6312,0,4923
6315,11,4923
6317,22,4927
6318,30,4927
6320,0,4927
6323,0,4934
6327,0,4937
6331,0,4939
6334,26,4941
6340,0,4949
6343,0,4950
6346,0,4951
6347,0,4955
6349,0,4958
6353,6,4963
6355,20,4965
6357,20,4966
6359,36,4967
6361,0,4968
6366,0,4969
6367,11,4968
6373,0,4971
6376,0,4972
6379,0,4973
6381,26,4976
6383,46,4978
6392,0,4984
6401,19,4988
6404,4,4988
6405,19,4990
6409,20,4995
6413,0,4997
6416,0,4998
6419,0,4999
6422,0,5000
6425,0,5004
6431,11,5005
6432,13,5005
6446,30,5011
6451,0,5015
6454,0,5017
6457,0,5018
6460,0,5019
6463,0,5020
6464,0,5021
6469,0,5029
6483,20,5040
6486,0,5047
6491,0,5048
6499,0,5052
6502,0,5053
6505,0,5055
6508,0,5058
6511,0,5060
6522,20,5075
6530,11,5021
6535,0,5090
6538,0,5091
6553,0,5099
6558,0,5104
6582,13,5118
6589,0,5122
6590,38,5124
6596,30,5121
6602,0,5128
6606,13,5129
6607,20,5131
6611,20,5134
6617,0,5136
6620,0,5137
6622,41,5140
6627,0,5141
6632,0,5142
6636,0,5143
6639,0,5144
6642,0,5145
6645,0,5147
6646,0,5149
6655,0,5160
6661,28,4463
6670,11,5169
6671,11,5158
6674,20,5184
6676,20,5185
6678,20,5186
6683,11,5187
6684,20,5191
6698,4,5195
6711,11,5195
6713,30,5195
6715,13,5195
6717,16,5195
6721,40,5195
6728,37,5195
6734,28,5199
6740,0,5201
6741,47,5207
6745,13,5214
6747,51,5215
6748,4,5215
6749,0,5216
6774,0,5235
6777,0,5236
6798,0,5245
6799,0,5247
6806,0,5251
6809,49,5255
6821,0,5265
6824,0,5266
6832,0,5271
6835,0,5276
6846,0,5283
6847,46,5284
6850,0,5286
6853,0,5288
6856,0,5293
6859,0,5295
6864,0,5296
6867,0,5297
6868,46,5299
6874,11,5229
6875,11,5230
6878,0,5322
6882,4,5322
6890,0,5327
6899,20,5331
6901,20,5332
6903,20,5334
6905,20,5335
6907,20,5336
6911,0,5337
6914,0,5339
6930,11,5342
6931,47,5352
6933,21,5355
6936,4,5355
6937,0,5366
6946,0,5369
6956,4,5371
6971,11,5371
6973,30,5371
6975,13,5371
6977,16,5371
6981,40,5371
6988,37,5371
6993,45,5373
6994,0,5374
6998,0,5375
6999,0,5376
7002,36,5377
7007,0,5380
7016,0,5387
7017,54,5388
7023,0,5395
7026,0,5396
7036,0,5400
7037,11,5399
7040,0,5402
7043,0,5403
7054,20,5412
7057,11,5411
7064,0,5417
7065,0,5421
7069,45,5424
7077,40,5432
7081,35,5434
7084,46,5435
7085,28,5436
7089,0,5437
7092,0,5438
7093,49,5439
7097,0,5440
7102,0,5446
7104,0,5448
7118,0,5452
7131,46,5463
7135,20,5465
7138,37,5463
7145,36,5474
7147,3,5475
7150,49,5476
7157,46,5478
7162,13,5487
7164,16,5487
7168,30,5488
7171,11,5495
7173,45,5496
7180,0,5498
7186,11,5500
7187,11,5508
7195,0,5513
7198,0,5514
7201,0,5515
7204,0,5516
7207,0,5517
7211,0,5525
7228,20,5532
7233,21,5545
7287,0,5563
7291,46,5567
7294,0,5571
7315,0,5580
7323,47,5585
7326,0,5586
7332,0,5592
7341,0,5603
7344,0,5606
7353,11,5609
7356,0,5616
7359,0,5617
7362,0,5618
7365,0,5619
7367,0,5621
7371,4,5621
7372,0,5625
7374,20,5626
7376,20,5628
7379,20,5630
7387,30,5635
7390,0,5636
7394,20,5642
7397,22,5646
7399,0,5647
7405,0,5653
7409,13,5654
7418,49,5661
7422,40,5668
7431,0,5675
7434,0,5676
7440,0,5681
7443,21,5684
7450,0,5688
7466,0,5702
7471,0,5704
7475,0,5706
7481,40,5708
7482,21,5709
7495,0,5717
7497,0,5720
7508,0,5726
7515,11,5735
7517,4,5736
7525,49,5741
7527,49,5744
7531,49,5746
7532,37,5746
7533,49,5747
7534,37,5747
7535,49,5748
7536,36,5748
7537,19,5750
7540,0,5751
7545,0,5758
7557,11,5766
7560,26,5770
7563,0,5777
7566,11,5777
7568,49,5779
7569,0,5781
7574,0,5782
7584,11,5737
7585,11,5738
7586,0,5792
7588,11,5752
7589,11,5759
7590,11,5760
7591,11,5783
7592,11,5785
7593,11,5787
7596,0,5803
7599,0,5804
7605,6,5816
7607,11,5687
7608,47,5820
7618,0,5830
7621,0,5831
7629,13,5834
7632,13,5835
7635,13,5836
7638,0,5837
7642,0,5839
7644,11,5838
7652,11,5843
7654,11,5842
7656,0,5855
7659,37,5856
7665,0,5857
7670,0,5861
7676,0,5865
7684,0,5876
7686,0,5880
7691,0,5882
7694,0,5884
7697,0,5885
7700,0,5886
7709,20,5895
7717,11,5906
7718,0,5908
7734,22,5917
7735,11,5915
7745,0,5931
7749,26,5933
7766,20,5952
7772,21,5958
7774,4,5958
7777,13,5958
7781,30,5958
7782,16,5958
7784,40,5958
7796,0,5959
7806,9,5971
7809,13,5971
7815,13,5973
7821,13,5976
7825,13,5977
7829,13,5978
7833,13,5979
7837,13,5980
7841,13,5981
7847,22,5987
7850,0,5987
7854,11,5993
7861,0,6004
7863,0,6005
7871,0,6009
7883,0,6018
7888,11,6013
7891,0,6024
7894,0,6025
7897,0,6026
7900,0,6027
7904,0,6034
7906,20,6035
7911,0,6044
7918,0,6049
7920,49,6067
7921,13,6067
7925,40,6048
7930,0,6079
7936,0,6086
7941,0,6088
7948,49,6094
7951,0,6096
7955,0,6101
7956,40,6103
7959,40,6104
7963,0,6109
7969,11,6110
7976,49,6121
7977,37,6121
7982,45,6125
7985,0,6128
7988,13,6122
7993,13,6132
8012,49,6141
8018,49,6149
8022,0,6153
8029,49,6159
8032,0,6160
8035,0,6161
8053,0,6178
8062,0,6185
8068,40,6183
8077,0,6193
8088,11,6197
8100,28,6221
8109,28,6227
8113,0,6228
8119,36,6232
8124,13,6234
8127,37,6233
8130,0,6241
8131,4,6243
8142,11,6251
8146,11,6252
8149,0,6253
8150,47,6254
8154,0,6256
8155,0,6257
8161,19,6260
8169,0,6264
8170,0,6267
8178,0,6273
8181,21,6274
8183,13,6196
8184,40,6278
8187,0,6279
8194,0,6282
8200,22,6284
8201,40,6284
8205,40,6286
8216,0,6294
8219,0,6295
8222,0,6296
8224,4,6185
8229,40,6304
8233,0,6306
8235,46,6310
8243,0,6316
8246,0,6318
8248,40,6320
8251,0,6322
8255,0,6326
8259,40,6330
8272,11,6348
8273,0,6350
8276,11,6314
8277,11,6339
8278,11,6340
8279,36,6358
8283,0,6359
8285,0,6363
8288,0,6364
8295,0,6371
8299,0,6373
8301,46,6377
8302,41,6378
8310,13,6380
8313,13,6381
8314,11,6379
8319,0,6389
8321,11,6385
8322,0,6394
8342,0,6419
8345,26,6421
8359,0,6429
8362,0,6430
8365,0,6431
8369,0,6437
8376,0,6441
8379,0,6442
8386,40,6449
8389,11,6438
8393,0,6454
8394,11,6364
8400,40,6462
8403,10,6463
8413,11,6468
8416,46,6471
8425,0,6477
8426,46,6483
8436,30,6489
8446,4,6490
8461,11,6490
8463,30,6490
8465,13,6490
8467,16,6490
8471,40,6490
8478,37,6490
8482,42,6490
8483,0,6491
8487,0,6493
8490,14,6494
8491,13,6494
8500,4,6501
8504,4,6503
8511,11,6506
8514,21,6508
8517,9,6511
8529,0,6520
8530,0,6521
8532,19,6523
8537,9,6525
8542,53,6528
8544,11,6493
8548,0,6530
8556,46,6540
8557,0,6542
8562,40,6544
8571,13,6546
8578,13,6548
8594,0,6566
8599,0,6568
8605,11,6573
8614,0,6581
8627,0,6593
8630,0,6594
8635,11,6597
8636,46,6598
8646,40,6610
8649,0,6614
8657,4,5692
8662,13,6618
8663,11,6619
8664,28,6630
8668,0,6635
8669,11,6640
8676,4,6643
8681,22,6650
8694,13,6654
8695,13,6655
8698,0,6659
8701,0,6660
8716,31,6670
8723,0,6677
8729,0,6681
8734,4,6686
8740,31,6693
8754,0,6709
8761,11,6715
8768,13,6723
8770,19,6730
8778,11,6732
8787,0,6740
8788,47,6743
8791,0,6747
8794,0,6748
8795,0,6749
8799,45,6757
8821,0,6777
8830,0,6781
8831,31,6783
8842,13,6790
8844,4,6791
8850,31,6794
8852,30,6796
8855,11,6785
8857,11,6796
8858,36,6803
8873,0,6811
8874,28,6813
8875,0,6822
8881,28,6828
8884,46,6829
8888,11,6827
8889,11,6830
8892,0,6833
8893,40,6749
8894,0,6835
8896,0,6836
8907,46,6848
8911,0,6849
8912,0,6850
8919,0,6854
8922,41,6856
8929,22,6864
8930,13,6864
8931,16,6864
8936,30,6865
8942,0,6868
8945,0,6869
8946,13,6867
8947,11,6852
8948,45,6874
8949,11,6874
8954,0,6880
8961,11,6881
8969,20,6894
8974,11,6896
8977,0,6899
8982,0,6900
8995,38,6913
8998,13,6904
9039,11,6936
9048,0,6948
9056,20,6959
9058,36,6965
9067,0,6971
9073,0,6973
9082,11,6977
9084,11,6975
9087,0,6985
9094,11,6991
9095,0,7009
9098,45,7013
9115,52,7031
9117,36,7035
9119,0,7036
9126,36,7044
9132,11,7058
9136,28,7062
9137,30,7063
9146,11,7066
9147,14,7069
9149,13,7069
9150,6,7073
9152,46,7077
9160,0,7081
9170,11,7087
9173,13,7093
9177,20,7099
9179,20,7100
9181,28,7101
9183,46,7103
9184,0,7104
9199,0,7117
9202,46,7119
9205,28,7120
9224,40,7130
9227,0,7131
9230,11,7126
9235,11,7138
9236,20,7140
9238,20,7141
9240,20,7143
9246,0,7146
9249,0,7147
9250,0,7149
9253,8,7149
9254,20,7156
9259,20,7163
9261,20,7164
9263,20,7167
9265,20,7169
9267,20,7170
9269,20,7172
9271,20,7174
9273,20,7175
9275,20,7176
9277,20,7177
9279,20,7178
9282,45,7182
9295,45,7191
9298,45,7195
9301,0,7196
9305,40,7196
9307,40,7202
9310,6,7203
9318,0,7205
9323,0,7206
9327,38,7208
9332,0,7209
9334,11,7207
9337,0,7214
9342,0,7219
9344,0,7224
9348,0,7226
9352,0,7228
9361,28,7235
9363,28,7236
9368,4,7238
9375,4,7242
9382,0,7245
9383,0,7249
9391,6,7258
9394,45,7259
9397,0,7260
9401,0,7263
9408,6,7267
9411,45,7268
9415,49,7279
9420,40,7244
9422,40,7282
9426,0,7284
9427,0,7287
9435,13,7296
9437,0,7300
9443,45,7306
9448,20,7311
9451,20,7312
9455,0,7313
9456,6,7316
9458,30,7317
9461,0,7319
9470,11,7324
9471,11,7323
9479,0,7331
9480,20,7333
9486,0,7337
9489,0,7338
9494,11,7338
9495,0,7342
9507,0,7348
9511,45,7352
9514,47,7353
9519,20,7368
9521,0,7369
9526,0,7375
9528,0,7382
9531,0,7387
9534,0,7391
9537,47,7392
9538,47,7393
9542,0,7397
9546,28,7399
9547,0,7401
9550,0,7402
9563,0,7415
9564,20,7417
9568,0,7418
9573,0,7434
9576,0,7436
9586,0,7445
9594,46,7449
9599,0,7450
9600,20,7451
9606,49,7455
9611,0,7458
9614,0,7459
9616,13,7462
9623,0,7468
9626,0,7469
9629,0,7473
9632,0,7474
9635,0,7475
9638,0,7479
9639,46,7483
9644,0,7487
9650,0,7490
9653,0,7491
9656,0,7492
9659,0,7493
9662,0,7494
9665,0,7496
9669,6,7499
9679,0,7514
9682,0,7518
9686,0,7520
9704,46,7527
9707,0,7528
9709,40,7527
9713,0,7539
9719,0,7541
9722,0,7542
9730,0,7550
9733,45,7551
9736,28,7552
9738,0,7558
9747,28,7563
9749,28,7565
9753,0,7567
9756,0,7568
9758,35,7570
9763,13,7550
9766,0,7576
9773,20,7588
9778,0,7589
9793,46,7600
9810,0,7609
9825,45,7621
9839,20,7649
9843,0,7655
9846,0,7656
9854,46,7661
9855,2,7662
9866,19,7668
9868,0,7670
9871,46,7675
9887,0,7701
9892,0,7706
9899,0,7713
9904,30,7719
9905,22,7720
9906,13,7720
9907,16,7720
9912,40,7724
9917,0,7726
9918,0,7728
9923,0,7729
9926,0,7730
9929,0,7731
9930,36,7732
9934,0,7733
9937,0,7738
9940,0,7741
9943,0,7743
9945,45,7749
9948,0,7752
9955,14,7760
9957,13,7760
9958,0,7761
9961,19,7763
9973,0,7766
9976,0,7770
9984,0,7782
9987,0,7783
9990,0,7786
9993,45,7787
9996,46,7788
9998,4,7784
10000,45,7791
10005,47,7799
10012,40,7805
10015,20,7806
10017,4,7808
10023,0,7809
10026,0,7811
10029,0,7812
10041,0,7833
10043,45,7837
10045,45,7839
10047,45,7841
10049,45,7842
10061,0,7849
10064,0,7857
10067,0,7860
10071,24,7857
10072,6,7864
10080,45,7867
10082,45,7868
10088,45,7872
10090,0,7873
10092,25,7874
10094,46,7875
10098,6,7881
10103,0,7882
10106,0,7885
10107,0,7888
10110,36,7889
10119,0,7893
10127,26,7897
10133,36,7899
10140,0,7902
10144,35,7911
10148,45,7916
10151,0,7918
10159,21,7923
10170,35,7929
10175,19,7932
10179,40,7933
10180,0,7933
10183,0,7934
10185,25,7936
10187,25,7937
10189,0,7940
10192,0,7941
10199,38,7947
10201,0,7948
10204,0,7950
10210,4,7941
10222,0,7970
10232,22,7985
10235,0,7985
10236,22,7986
10239,0,7986
10242,0,7988
10246,0,7989
10247,22,7992
10250,0,7992
10253,0,7993
10254,0,7995
10257,45,7996
10263,0,7999
10266,0,8000
10269,0,8001
10272,0,8002
10285,0,8007
10288,0,8008
10293,0,8009
10296,0,8010
10299,0,8011
10302,0,8012
10305,0,8013
10309,0,8014
10315,0,8019
10318,0,8022
10321,0,8023
10326,0,8027
10329,0,8029
10330,0,8030
10335,0,8031
10347,0,8040
10352,0,8041
10354,20,8045
10356,22,8046
10359,0,8046
10360,22,8047
10363,0,8047
10367,0,8048
10368,22,8050
10371,0,8050
10374,20,8053
10382,0,8058
10391,0,8069
10392,41,8073
10395,41,8077
10398,0,8085
10400,38,8087
10406,0,8088
10410,0,8091
10413,0,8092
10416,0,8093
10419,0,8094
10422,0,8096
10425,0,8097
10428,0,8098
10431,0,8099
10434,0,8115
10437,0,8116
10438,19,8117
10443,0,8120
10447,11,8118
10455,0,8127
10462,0,8130
10465,45,8131
10473,0,8134
10477,0,8135
10478,20,8136
10482,0,8137
10485,0,8138
10488,0,8139
10491,0,8140
10492,11,8124
10493,11,8128
10494,11,8129
10496,20,8144
10500,0,8147
10502,49,8153
10503,49,8154
10506,46,8158
10510,46,8159
10524,11,8167
10540,20,8185
10555,0,8204
10561,30,8205
10571,0,8215
10574,0,8216
10580,0,8218
10583,0,8219
10587,45,8222
10590,46,8223
10591,11,8221
10594,0,8228
10595,46,8230
10598,20,8233
10602,0,8234
10603,0,8237
10610,0,8241
10613,0,8242
10618,0,8246
10620,45,8252
10622,45,8253
10629,0,8256
10633,0,8257
10636,0,8260
10639,0,8261
10642,0,8262
10645,0,8263
10647,40,8264
10648,0,8264
10649,45,8268
10651,45,8270
10653,45,8271
10655,45,8272
10657,45,8273
10659,45,8274
10664,45,8276
10666,45,8277
10676,0,8285
10682,49,8292
10686,24,8298
10688,0,8299
10691,0,8301
10714,0,8323
10720,0,8325
10724,11,8312
10725,20,8347
10728,49,8348
10729,36,8348
10730,0,8353
10733,0,8354
10739,0,8358
10750,41,8366
10755,0,8367
10758,28,8370
10761,4,8374
10765,0,8377
10766,36,8379
10768,0,8382
10771,26,8384
10775,40,7149
10777,4,8382
10787,20,8398
10799,0,8407
10802,0,8411
10805,0,8412
10808,0,8413
10811,0,8414
10813,40,8415
10814,0,8422
10818,0,8426
10832,44,8432
10835,0,8433
10836,49,8436
10840,0,8439
10841,50,8440
10843,50,8441
10845,50,8442
10849,0,8445
10863,0,8456
10864,0,8461
10867,0,8464
10872,0,8467
10878,0,8474
10881,0,8475
10886,0,8481
10889,0,8482
10900,0,8490
10903,0,8491
10910,0,8495
10915,0,8499
10919,46,8504
10925,11,8452
10927,11,8487
10930,0,8509
10936,0,8512
10940,0,8513
10946,0,8519
10951,0,8520
10954,0,8521
10955,0,8522
10958,20,8528
10973,30,8533
10976,30,8534
10983,0,8542
10987,0,8543
10989,38,8547
10990,0,8548
10994,20,8550
11001,11,8390
11010,0,8566
11013,0,8568
11015,28,8572
11017,28,8573
11021,0,8576
11024,0,8578
11029,0,8580
11030,0,8582
11032,0,8583
11035,0,8584
11042,0,8587
11044,0,8588
11049,0,8590
11052,0,8591
11053,0,8592
11057,20,8594
11061,2,8599
11064,31,8605
11067,31,8606
11070,0,8607
11073,0,8609
11076,0,8610
11079,13,8610
11083,0,8620
11084,20,8621
11089,0,8622
11090,41,8623
11095,11,8583
11097,11,8522
11104,13,8632
11106,0,8639
11109,0,8640
11114,0,8644
11117,26,8648
11121,0,8652
11123,0,8653
11136,45,8664
11141,0,8666
11144,0,8667
11147,0,8668
11150,0,8669
11153,0,8670
11154,31,8671
11159,0,8673
11160,13,8673
11165,0,8679
11169,20,8682
11177,0,8686
11180,0,8687
11181,46,8688
11183,11,8653
11191,13,8653
11197,11,8695
11203,4,8712
11205,22,8714
11207,22,8715
11209,22,8716
11217,20,8726
11219,0,8728
11221,0,8729
11229,0,8732
11232,0,8733
11235,0,8734
11236,0,8735
11239,50,8742
11241,50,8743
11242,36,8743
11246,50,8745
11247,16,8745
11248,20,8746
11252,20,8748
11259,0,8756
11262,20,8758
11263,4,8759
11272,0,8773
11281,0,8776
11284,0,8782
11287,0,8785
11289,0,8786
11297,0,8792
11301,0,8794
11310,22,8804
11311,13,8804
11312,16,8804
11317,30,8805
11321,0,8807
11325,0,8811
11331,0,8819
11332,28,8821
11335,26,8822
11338,26,8823
11341,26,8824
11346,26,8826
11351,46,8829
11355,25,8833
11358,26,8834
11363,11,8796
11367,0,8849
11370,6,8854
11373,0,8859
11376,0,8860
11379,0,8861
11381,0,8865
11385,28,8867
11386,0,8871
11393,0,8877
11395,20,8881
11398,0,8886
11405,0,8888
11423,0,8904
11426,0,8905
11440,0,8914
11443,0,8918
11446,46,8922
11448,46,8923
11453,20,8928
11457,45,8929
11458,20,8930
11464,50,8932
11467,50,8933
11473,50,8936
11476,49,8937
11477,11,8937
11488,0,8943
11495,50,8947
11499,0,8948
11500,0,8953
11502,0,8955
11507,0,8957
11508,11,8940
11513,0,8963
11522,4,8972
11529,4,8974
11535,49,8985
11537,13,8777
11543,0,8996
11544,4,8997
11549,0,9001
11552,40,9003
11557,0,9004
11558,12,8299
11564,0,9011
11569,45,9014
11572,40,9001
11573,0,9017
11575,45,9020
11576,0,9021
11579,20,9024
11584,41,9030
11591,0,9034
11596,0,9048
11606,38,9055
11612,38,9061
11616,0,9062
11619,0,9063
11622,0,9064
11632,40,9073
11636,0,9074
11638,13,9075
11639,0,9075
11642,0,9076
11646,0,9088
11649,0,9089
11650,8,9090
11656,20,9092
11659,11,9091
11660,38,9094
11669,11,9011
11696,11,9128
11697,11,9130
11700,0,9136
11701,13,8900
11702,0,9140
11706,0,9142
11711,0,9143
11712,14,9146
11716,0,9147
11733,38,9162
11737,0,9163
11739,20,9171
11741,20,9172
11743,20,9173
11745,20,9174
11747,20,9175
11750,20,9177
11752,20,9178
11754,20,9179
11756,20,9180
11758,11,9132
11760,0,9188
11765,0,9189
11770,0,9195
11775,0,9196
11779,0,9201
11788,0,9210
11791,0,9211
11794,0,9212
11797,36,9217
11799,49,9218
11800,26,9218
11801,49,9221
11805,45,9231
11808,20,9232
11811,49,9233
11812,36,9233
11813,49,9234
11815,49,9235
11817,11,9188
11818,0,9241
11830,4,9246
11842,0,9254
11845,0,9255
11850,0,9258
11863,35,9263
11867,0,9265
11868,40,9268
11870,0,9269
11873,20,9273
11876,20,9274
11881,4,9275
11885,40,8085
11886,40,8953
11887,40,8728
11892,0,9289
11903,20,9299
11906,46,9301
11909,38,9309
11911,0,9310
11924,0,9320
11927,0,9322
11930,45,9326
11943,0,9335
11946,0,9336
11949,0,9337
11951,20,9339
11956,0,9340
11962,40,9343
11963,4,9335
11966,0,9345
11967,11,9334
11969,20,9358
11987,0,9367
11988,0,9368
11992,0,9369
11995,0,9370
11998,40,9373
11999,0,9373
12000,4,9370
12002,6,9378
12007,0,9379
12014,0,9386
12017,0,9388
12020,28,9390
12027,20,9398
12030,20,9399
12035,19,9406
12038,0,9407
12041,40,9411
12044,0,9412
12048,0,9415
12052,51,9420
12055,9,9422
12060,0,9423
12063,0,9424
12066,0,9425
12070,0,9431
12075,0,9432
12076,8,9433
12077,2,9433
12084,49,9440
12087,0,9441
12090,45,9450
12095,0,9451
12098,0,9453
12101,0,9454
12113,36,9465
12115,22,9467
12122,41,9472
12124,41,9473
12126,41,9474
12128,41,9475
12133,0,9479
12135,41,9480
12137,41,9481
12142,0,9483
12145,0,9484
12146,41,9486
12151,41,9494
12158,11,9450
12159,0,9500
12164,0,9502
12170,0,9506
12176,0,9508
12179,0,9512
12183,0,9513
12186,0,9514
12196,54,9524
12198,37,9524
12201,37,9525
12202,54,9526
12204,37,9526
12205,36,9527
12211,36,9536
12213,0,9537
12216,9,9538
12230,40,8492
12231,46,9550
12236,0,9556
12239,0,9557
12244,0,9565
12247,0,9566
12250,0,9567
12255,19,9574
12257,19,9575
12258,19,9577
12259,28,9578
12264,0,9586
12280,0,9596
12284,0,9597
12287,0,9608
12293,0,9611
12298,20,9618
12321,0,9630
12324,40,9631
12328,0,9636
12331,20,9640
12334,0,9645
12339,0,9649
12340,20,9651
12348,0,9658
12354,51,9668
12360,20,9672
12369,11,9657
12378,0,9697
12379,19,9698
12380,20,9700
12383,0,9703
12386,20,9705
12391,0,9708
12396,0,9717
12402,0,9721
12406,0,9727
12410,0,9733
12415,0,9744
12418,0,9745
12421,0,9746
12426,0,9748
12429,0,9752
12436,0,9755
12437,20,9756
12441,0,9758
12453,40,9771
12455,11,9771
12456,51,9773
12461,11,9774
12467,0,9777
12471,0,9779
12476,0,9783
12479,0,9784
12488,0,9787
12495,0,9797
12500,0,9805
12503,0,9806
12506,0,9807
12509,0,9808
12512,0,9809
12513,20,9812
12518,0,9814
12521,40,9819
12523,11,9819
12526,0,9821
12531,47,9826
12539,0,9833
12541,0,9839
12543,4,9840
12545,2,9842
12546,0,9851
12554,0,9857
12560,13,9868
12563,21,9869
12565,0,9873
12568,0,9875
12572,0,9876
12573,0,9877
12578,40,9883
12582,12,9884
12584,0,9885
12586,0,9886
12596,45,9900
12599,45,9901
12602,45,9902
12607,0,9905
12610,0,9906
12613,0,9907
12615,0,9914
12617,14,9915
12618,13,9915
12626,0,9920
12629,0,9923
12636,38,9929
12639,38,9930
12644,0,9934
12647,0,9935
12650,0,9937
12651,20,9940
12653,20,9942
12655,20,9943
12657,46,9945
12664,0,9947
12667,0,9948
12670,0,9949
12673,0,9950
12676,0,9953
12680,0,9955
12681,11,9946
12682,47,9960
12686,4,9965
12693,0,9966
12698,0,9971
12701,0,9972
12702,20,9973
12704,20,9975
12706,38,9982
12710,0,9985
12711,0,9991
12714,46,9994
12715,0,9997
12720,0,9998
12724,0,10008
12732,0,10018
12735,0,10019
12738,0,10020
12741,0,10021
12742,0,10028
12744,0,10030
12747,20,10037
12752,0,10040
12755,0,10041
12769,0,10058
12778,20,10072
12780,20,10073
12786,0,10082
12801,0,10114
12803,13,10115
12804,0,10115
12805,20,10117
12809,0,10118
12810,13,10114
12813,0,10120
12815,0,10123
12821,0,10131
12829,0,10138
12832,0,10139
12833,31,10141
12844,6,10150
12849,0,10155
12852,0,10158
12855,0,10161
12857,20,10171
12862,19,10174
12868,11,10172
12869,20,10178
12871,0,10179
12877,38,10181
12882,11,10180
12889,11,10195
12890,0,10195
12892,0,10198
12894,0,10204
12900,0,10215
12906,0,10219
12909,0,10222
12913,0,10226
12917,0,10229
12918,8,10230
12923,13,10233
12937,0,10238
12943,13,10242
12944,0,10245
12950,40,10248
12957,0,10251
12960,0,10252
12963,0,10253
12970,0,10262
12973,0,10263
12976,0,10264
12979,0,10265
12982,0,10266
12985,0,10267
12988,0,10268
12989,0,10269
12992,0,10276
12995,40,10278
13002,11,10279
13004,20,10285
13006,20,10286
13008,0,10287
13014,40,10296
13018,20,10297
13025,0,10301
13029,36,10307
13032,6,10310
13037,26,10318
13039,26,10320
13043,0,10321
13046,0,10325
13047,51,10326
13049,51,10327
13054,0,10328
13059,0,10329
13061,20,10330
13063,0,10331
13066,38,10335
13069,0,10336
13073,11,10331
13077,11,10338
13080,0,10344
13083,0,10345
13084,30,10347
13085,11,10347
13087,20,10348
13089,20,10349
13092,13,10351
13093,0,10351
13094,40,10353
13096,40,10358
13100,40,10360
13102,40,10361
13104,40,10364
13106,11,10204
13107,20,10370
13108,12,10370
13110,11,10371
13111,0,10371
13114,0,10374
13117,0,10376
13121,0,10378
13125,0,10380
13128,0,10381
13131,0,10382
13132,13,10380
13133,30,10386
13134,11,10386
13138,24,10393
13153,0,10401
13155,11,10402
13156,0,10402
13160,0,10406
13164,6,10408
13167,0,10409
13168,6,10410
13169,40,10413
13175,11,10414
13176,20,10416
13178,20,10417
13182,11,10418
13183,0,10418
13187,20,10420
13191,11,10422
13192,0,10422
13196,11,10419
13197,11,10423
13200,11,10426
13204,0,10430
13208,11,10439
13210,36,10447
13216,20,10451
13221,0,10454
13226,12,10456
13230,21,10457
13232,21,10459
13236,0,10461
13239,0,10462
13243,11,10452
13244,0,10479
13250,0,10485
13257,36,10497
13263,31,10502
13267,0,10503
13269,13,10506
13270,16,10506
13272,22,10507
13273,11,10507
13274,30,10507
13276,21,10513
13281,0,10514
13284,46,10520
13286,46,10521
13291,0,10524
13294,20,10527
13298,0,10530
13299,20,10531
13303,13,10532
13304,15,10533
13307,13,10533
13308,20,10537
13314,0,10541
13315,0,10543
13329,20,10562
13335,12,10566
13341,20,10572
13343,20,10573
13348,11,10575
13353,0,10583
13357,20,10585
13363,11,10588
13367,0,10591
13375,11,10592
13381,0,10597
13385,40,10598
13389,11,10600
13392,0,10608
13395,0,10609
13400,11,10612
13403,51,10617
13405,20,10618
13409,0,10620
13410,11,10621
13417,13,10624
13419,11,10626
13422,40,10627
13424,20,10629
13430,36,10631
13432,0,10632
13436,0,10633
13441,13,10635
13442,19,10637
13445,0,10638
13448,9,10641
13449,13,10641
13453,37,10638
13460,0,10644
13463,0,10645
13469,0,10648
13473,11,10652
13480,40,10658
13483,0,10659
13489,40,10661
13492,40,10662
13502,11,10654
13507,11,10660
13508,0,10677
13511,25,10679
13513,11,10679
13516,0,10680
13518,36,10682
13521,0,10683
13522,0,10687
13529,20,10692
13531,26,10694
13532,12,10694
13539,0,10705
13545,40,10707
13548,0,10711
13550,13,10705
13553,11,10714
13556,20,10717
13559,11,10720
13565,0,10724
13568,0,10725
13571,0,10727
13574,0,10728
13575,46,10729
13583,20,10733
13585,20,10734
13587,20,10735
13591,13,10736
13592,0,10740
13595,20,10742
13600,11,10743
13601,45,10745
13604,6,10746
13605,45,10749
13615,0,10754
13623,11,10755
13624,0,10757
13626,26,10758
13634,22,10764
13637,0,10764
13649,0,10770
13651,13,10769
13659,0,10784
13663,0,10789
13666,0,10794
13688,11,10808
13695,11,10815
13698,0,10816
13701,0,10817
13706,0,10821
13710,0,10827
13713,0,10828
13718,20,10836
13728,0,10848
13731,0,10849
13734,0,10850
13737,0,10851
13738,40,10855
13747,0,10861
13750,38,10863
13753,45,10866
13755,11,10866
13756,31,10867
13757,11,10867
13758,20,10868
13767,13,10873
13771,11,10876
13772,12,10751
13778,0,10888
13785,45,10892
13788,31,10893
13802,0,10903
13805,0,10904
13806,0,10905
13808,0,10906
13812,0,10912
13819,36,10916
13821,11,10905
13826,0,10923
13832,0,10932
13835,45,10934
13838,45,10935
13841,45,10936
13844,45,10937
13847,45,10938
13850,11,10929
13857,0,10942
13860,0,10943
13861,20,10944
13867,0,10950
13870,0,10953
13871,11,10950
13874,12,10956
13875,40,10957
13879,4,10950
13881,0,10969
13888,11,10971
13891,0,10973
13894,0,10975
13899,11,10983
13904,40,10990
13908,0,10992
13911,0,10993
13912,11,10996
13917,20,11000
13924,0,11004
13934,7,11010
13937,20,11012
13939,20,11013
13942,0,11017
13945,11,11017
13949,0,11023
13950,4,11031
13955,0,11034
13970,12,11046
13972,20,11047
13978,12,11050
13982,13,11051
13983,20,11053
13985,20,11054
13987,25,11056
13988,25,11057
14002,11,11065
14004,11,11062
14007,11,11067
14009,20,11068
14013,11,11069
14018,0,11074
14024,0,11076
14027,0,11077
14030,0,11079
14033,0,11080
14039,0,11084
14041,40,11088
14044,25,11089
14046,0,11090
14049,20,11091
14055,12,11093
14059,0,11095
14062,0,11096
14065,0,11097
14070,0,11112
14080,0,11117
14081,20,11121
14085,0,11124
14091,22,11130
14094,0,11130
14106,11,11137
14114,0,11145
14117,0,11146
14122,0,11151
14130,0,11162
14133,20,11165
14137,0,11169
14147,0,11177
14153,11,11181
14156,0,11184
14159,0,11185
14160,0,11186
14164,20,11188
14172,20,11198
14176,0,11201
14178,13,11202
14180,16,11202
14182,11,11203
14184,0,11207
14189,40,11209
14194,0,11210
14199,4,11218
14202,23,11221
14205,11,11221
14212,0,11226
14213,6,11227
14217,0,11231
14220,0,11234
14223,4,11235
14228,0,11237
14238,0,11253
14249,0,11259
14252,0,11261
14258,0,11268
14260,46,11271
14261,11,11258
14262,11,11264
14267,12,11275
14271,12,11268
14275,0,11283
14276,20,11284
14278,4,11285
14283,0,11286
14286,0,11287
14287,0,11288
14290,0,11289
14293,46,11292
14295,46,11293
14300,13,11296
14304,20,11302
14313,0,11311
14317,28,11315
14320,0,11316
14322,40,11319
14325,40,11320
14330,0,11323
14334,9,11325
14337,46,11326
14338,36,11327
14340,31,11328
14341,11,11328
14342,0,11329
14345,0,11330
14348,11,11324
14349,0,11336
14355,0,11338
14360,0,11340
14363,0,11341
14364,46,11343
14365,49,11344
14367,38,11345
14369,0,11346
14372,0,11347
14375,0,11349
14381,0,11353
14384,0,11354
14386,40,11346
14387,20,11359
14395,0,11361
14396,40,11349
14399,0,11367
14402,0,11368
14403,46,11369
14407,26,11371
14412,40,11376
14415,0,11379
14418,0,11380
14421,0,11383
14427,13,11383
14438,12,11395
14441,0,11396
14444,12,11398
14447,0,11400
14448,0,11404
14450,0,11406
14452,8,11407
14463,0,11415
14465,20,11419
14467,11,11386
14475,45,11430
14477,11,11430
14481,22,11436
14482,12,11436
14484,0,11436
14487,0,11437
14490,0,11438
14493,0,11439
14496,0,11440
14498,51,11444
14502,28,11447
14505,0,11448
14506,13,11448
14510,46,11451
14515,11,11454
14522,28,11462
14523,0,11465
14529,11,11466
14539,0,11475
14540,38,11476
14543,25,11477
14550,4,11480
14553,26,11484
14557,0,11485
14563,0,11488
14564,12,11103
14569,21,11495
14572,0,11497
14575,0,11498
14581,11,11499
14588,0,11508
14594,0,11511
14605,20,11521
14607,11,11520
14618,0,11529
14621,0,11530
14622,0,11531
14626,0,11532
14627,11,11528
14628,11,11526
14629,20,11535
14637,0,11541
14648,0,11546
14651,0,11547
14654,0,11548
14657,0,11550
14660,0,11551
14663,0,11552
14666,0,11553
14669,0,11554
14672,26,11556
14675,0,11557
14678,0,11559
14679,0,11560
14682,0,11561
14691,11,11565
14692,11,11566
14698,0,11571
14701,20,11575
14705,0,11576
14711,0,11578
14716,0,11584
14719,0,11586
14721,0,11588
14724,20,11589
14730,0,11594
14735,11,11594
14741,0,11602
14744,0,11603
14747,0,11604
14750,0,11606
14753,0,11607
14756,0,11608
14760,20,11610
14766,51,11612
14767,11,11612
14769,40,11612
14771,12,11614
14776,0,11615
14777,0,11616
14781,0,11619
14784,0,11621
14787,0,11623
14788,40,11616
14791,0,11625
14795,0,11628
14796,45,11632
14804,0,11636
14805,0,11641
14815,11,11649
14816,11,11645
14819,11,11652
14822,11,11654
14826,13,11656
14830,20,11660
14835,0,11661
14840,13,11663
14841,0,11663
14842,13,11661
14844,0,11666
14851,11,11669
14854,0,11673
14857,11,11673
14860,0,11678
14863,0,11679
14878,0,11689
14885,11,11697
14886,20,11700
14888,46,11702
14897,12,11704
14900,12,11705
14904,38,11709
14912,12,11715
14914,12,11717
14920,0,11720
14923,0,11721
14924,20,11722
14927,0,11723
14930,0,11724
14934,12,10815
14938,46,11736
14955,11,11750
14958,0,11756
14963,0,11758
14964,20,11759
14968,0,11760
14972,13,11761
14976,12,11764
14989,11,11772
14990,20,11775
14994,0,11776
14998,0,11778
15010,12,11783
15011,0,11784
15016,54,11786
15022,49,11791
15025,40,11796
15032,0,11799
15033,49,11800
15035,40,11801
15038,4,11802
15044,0,11807
15047,0,11808
15057,0,11814
15060,0,11815
15062,12,11780
15068,12,11823
15070,12,11824
15073,0,11828
15077,12,11807
15078,4,11834
15083,0,11837
15084,0,11838
15087,40,11828
15088,20,11843
15095,11,11845
15099,0,11847
15102,0,11848
15106,0,11852
15119,4,11858
15124,13,11859
15136,4,11662
15137,4,11867
15140,11,11869
15145,0,11871
15152,13,11875
15158,12,11880
15159,0,11881
15163,0,11883
15164,0,11884
15166,0,11888
15171,16,11890
15172,45,11896
15177,9,11914
15178,13,11914
15188,13,11890
15189,4,11922
15192,4,11923
15200,0,11928
15201,40,11932
15203,0,11936
15209,0,11944
15212,0,11945
15215,0,11946
15216,0,11947
15223,30,11947
15226,4,11955
15245,0,11968
15255,13,11971
15256,4,11972
15264,11,11969
15265,11,11976
15266,12,6185
15270,22,11982
15280,22,11990
15283,0,11990
15284,0,11993
15289,0,11996
15292,0,11997
15295,0,11998
15298,0,11999
15299,0,12001
15304,0,12002
15307,0,12003
15311,0,12005
15314,0,12006
15320,0,12023
15323,42,11968
15324,40,12028
15326,40,12029
15334,0,12037
15335,40,12023
15336,0,12042
15356,0,12061
15359,26,12064
15361,11,12028
15362,11,11796
15363,11,12029
15366,40,12071
15370,0,12072
15373,0,12073
15375,4,12076
15378,46,12077
15383,11,12078
15387,4,12083
15409,40,12097
15414,38,12102
15423,0,12111
15424,49,12118
15428,49,12120
15437,11,12124
15438,0,12128
15443,0,12130
15455,19,12145
15458,0,12146
15464,0,12149
15467,0,12151
15468,13,12151
15472,12,12146
15473,11,12146
15474,13,12146
15478,0,12166
15481,40,12169
15486,12,12173
15490,11,12163
15492,45,12178
15496,0,12179
15499,0,12180
15502,0,12181
15505,0,12182
15508,0,12183
15511,0,12184
15514,0,12185
15517,0,12186
15518,49,12188
15522,13,12190
15525,0,12192
15526,0,12200
15529,11,12192
15531,12,11993
15532,0,12203
15551,4,12213
15556,0,12216
15557,11,12216
15564,11,12225
15568,11,12229
15569,45,12236
15574,0,12240
15580,0,12242
15582,45,12245
15585,0,12248
15591,46,12250
15592,11,12249
15597,0,12258
15604,0,12263
15607,0,12264
15610,0,12265
15611,0,12271
15614,0,12274
15617,38,12275
15619,38,12277
15625,4,12285
15629,11,12284
15640,40,12301
15648,0,12309
15649,0,12310
15660,12,12316
15661,8,12322
15665,11,12301
15666,11,12071
15667,11,12097
15668,0,12325
15670,40,12326
15674,0,12327
15675,0,12328
15679,0,12332
15682,0,12333
15684,0,12334
15695,0,12338
15698,0,12339
15701,0,12340
15704,0,12343
15707,0,12346
15710,0,12347
15711,6,12349
15716,40,12329
15717,10,12357
15721,0,12359
15724,0,12360
15727,0,12362
15730,0,12367
15731,24,12371
15741,40,12367
15748,0,12379
15754,0,12382
15760,21,12387
15763,21,12388
15766,21,12389
15771,0,12390
15772,0,12391
15781,11,12386
15786,45,12403
15792,0,12406
15795,0,12407
15798,0,12408
15804,11,12409
15807,0,12414
15811,11,12417
15814,0,12423
15817,31,12424
15818,11,12424
15819,0,12425
15824,0,12431
15826,26,12435
15831,0,12440
15832,46,12445
15834,21,12451
15835,0,12452
15840,46,12456
15846,0,12461
15849,8,12391
15850,0,12465
15856,0,12467
15860,0,12469
15862,11,12460
15867,0,12476
15870,0,12477
15874,11,12482
15876,11,12484
15879,12,12142
15880,40,12488
15882,11,12488
15886,11,12491
15890,0,12493
15894,13,12498
15896,38,12501
15901,12,12502
15902,46,12504
15904,46,12505
15912,0,12509
15916,26,12513
15919,12,12514
15923,22,12521
15925,12,12521
15926,26,12521
15927,11,12522
15931,0,12526
15939,0,12528
15942,0,12529
15944,22,12535
15947,0,12535
15952,0,12540
15955,0,12543
15958,0,12544
15961,0,12546
15967,0,12552
15971,0,12554
15976,0,12555
15979,0,12556
15982,0,12557
15985,0,12558
15987,12,12559
15988,0,12559
15989,11,12552
16000,0,12566
16003,0,12567
16006,0,12568
16015,38,12578
16020,0,12584
16023,0,12585
16026,0,12586
16029,0,12588
16032,0,12589
16035,40,12590
16039,0,12597
16041,4,12598
16044,0,12599
16052,11,12601
16053,11,12602
16058,0,12615
16059,0,12616
16062,38,12617
16066,0,12621
16069,0,12622
16072,0,12624
16073,45,12626
16075,0,12627
16077,49,12634
16078,28,12637
16079,4,12637
16080,11,12637
16081,0,12638
16083,40,12654
16095,13,12659
16099,0,12663
16101,12,12665
16117,4,12674
16122,12,12679
16124,12,12680
16125,41,12681
16139,0,12692
16142,0,12693
16143,13,12683
16150,12,12699
16151,0,12699
16154,12,12700
16155,0,12700
16158,0,12702
16161,4,12706
16163,2,12706
16167,12,12710
16171,11,12711
16172,22,12712
16175,28,12715
16176,13,12713
16180,13,12705
16181,31,12727
16182,11,12727
16183,31,12728
16184,11,12728
16189,11,12734
16192,0,12738
16196,0,12740
16201,49,12747
16204,49,12749
16207,0,12751
16210,40,12751
16213,0,12754
16216,0,12755
16218,0,12759
16222,31,12761
16223,11,12761
16224,49,12763
16225,11,12765
16227,11,12759
16235,26,12777
16238,32,12778
16239,11,12778
16241,4,12783
16243,2,12783
16248,0,12784
16251,11,12785
16258,0,12788
16269,12,12796
16271,12,12795
16274,0,12801
16277,0,12803
16281,0,12808
16282,40,12809
16287,12,12789
16289,4,12816
16290,4,12818
16296,4,12820
16301,12,12822
16305,25,12826
16309,0,12828
16311,12,12824
16312,28,12835
16313,4,12837
16318,12,12838
16319,21,12838
16320,0,12838
16323,12,12844
16324,0,12848
16328,4,12851
16332,12,12853
16333,0,12853
16337,0,12860
16339,12,12861
16341,12,12862
16343,4,12864
16346,11,12866
16349,0,12867
16350,0,12868
16353,0,12869
16361,40,12876
16363,40,12877
16366,4,12879
16371,0,12883
16375,0,12888
16376,13,12873
16383,11,12893
16386,0,12898
16390,0,12901
16394,0,12910
16399,0,12915
16401,49,12920
16410,0,12932
16411,57,12935
16414,0,12935
16416,26,12937
16418,0,12938
16422,11,12939
16425,0,12942
16428,26,12943
16429,4,12944
16432,0,12945
16435,26,12946
16437,0,12947
16440,0,12949
16443,0,12950
16446,4,12951
16449,0,12952
16452,0,12953
16455,0,12954
16458,0,12955
16461,0,12956
16467,11,12959
16471,0,12965
16473,20,12966
16486,0,12976
16489,0,12977
16492,0,12978
16495,0,12979
16496,4,12982
16503,12,12965
16511,9,12996
16526,13,12964
16527,11,12998
16528,49,13010
16529,36,13012
16531,40,12869
16534,12,13017
16542,0,13025
16547,21,13036
16550,22,13041
16553,0,13041
16554,21,13043
16559,0,13044
16562,4,13060
16564,2,13060
16565,12,13041
16580,8,13070
16582,0,13074
16586,0,13077
16600,12,13084
16605,12,13085
16608,0,13088
16609,0,13093
16615,12,12898
16618,0,13101
16626,0,13109
16629,0,13112
16630,0,13113
16634,45,13119
16635,11,13119
16636,21,13121
16640,0,13122
16643,12,13093
16644,13,13093
16646,11,13093
16655,4,13132
16657,2,13132
16663,12,13141
16664,28,13145
16665,22,13146
16666,30,13146
16668,0,13146
16674,0,13149
16675,0,13150
16680,0,13151
16683,0,13152
16685,13,13147
16693,12,13160
16697,11,13156
16700,12,13163
16701,23,13164
16704,11,13161
16706,4,13167
16708,2,13167
16711,0,13168
16714,0,13169
16716,12,13170
16719,12,13171
16724,12,13175
16727,4,13178
16734,12,13181
16740,11,13186
16751,12,13190
16758,12,13206
16760,0,13208
16763,28,13215
16768,0,13218
16773,0,13221
16776,0,13222
16779,0,13225
16782,0,13231
16786,0,13237
16790,9,13240
16791,0,13242
16800,21,13250
16805,0,13254
16809,0,13263
16820,20,13279
16824,30,13263
16828,0,13285
16832,4,13288
16833,12,13288
16859,31,13300
16860,11,13300
16861,0,13301
16924,0,13332
16931,13,13347
16932,31,13350
16933,11,13350
16937,40,13358
16942,0,13360
16946,50,13365
16957,0,13369
16960,0,13370
16981,11,13419
16994,28,13429
17032,0,13448
17043,0,13456
17049,0,13461
17056,0,13464
17057,0,13465
17068,12,13468
17080,0,13482
17082,22,13483
17085,0,13483
17106,0,13501
17109,0,13502
17123,45,13564
17124,11,13564
17125,45,13565
17126,11,13565
17128,11,13566
17130,11,13567
17132,11,13568
17133,20,13577
17134,0,13578
17138,0,13579
17159,0,13592
17162,0,13593
17167,0,13595
17169,11,13596
17170,11,13594
17173,0,13599
17191,12,13624
17193,46,13625
17198,12,13628
17201,12,13629
17206,21,13628
17207,21,13629
17208,9,13635
17211,0,13640
17217,0,13644
17221,0,13647
17228,0,13654
17231,0,13659
17234,0,13660
17237,0,13661
17240,0,13662
17243,0,13664
17244,45,13669
17247,45,13670
17250,9,13673
17260,38,13696
17266,0,13707
17271,11,13712
17272,45,13716
17274,0,13718
17277,4,13727
17279,2,13727
17283,46,13732
17285,0,13734
17289,0,13735
17297,4,13744
17298,0,13744
17299,46,13749
17301,46,13750
17305,0,13751
17312,11,13753
17313,11,13752
17317,0,13763
17321,0,13764
17322,0,13766
17324,28,13769
17326,4,13769
17329,0,13770
17332,21,13778
17341,4,13786
17344,40,13770
17354,0,13809
17357,0,13810
17363,0,13813
17369,39,13825
17371,4,13826
17376,0,13829
17379,46,13830
17380,30,13830
17382,21,13830
17385,0,13836
17386,41,13843
17391,28,13851
17393,0,13852
17396,0,13868
17401,0,13883
17406,0,13886
17409,12,13888
17412,0,13900
17416,0,13902
17418,12,13903
17423,0,13909
17431,0,13919
17432,11,13904
17434,8,13904
17440,0,13932
17443,12,13938
17446,12,13943
17449,0,13951
17450,40,13952
17454,0,13955
17458,0,13963
17459,44,13965
17463,0,13969
17466,0,13970
17469,0,13973
17471,4,13974
17477,0,13975
17482,0,13983
17483,0,13984
17486,36,13985
17494,13,13990
17499,38,13995
17503,11,13996
17509,0,14000
17510,0,14001
17516,0,14003
17517,0,14005
17520,28,14008
17521,28,14009
17522,28,14010
17523,28,14011
17524,28,14012
17525,28,14013
17526,28,14014
17527,28,14015
17528,28,14016
17529,28,14017
17530,28,14018
17533,28,14020
17536,40,13983
17538,6,14025
17541,0,14031
17544,0,14033
17552,0,14039
17556,28,14043
17563,0,14051
17568,0,14056
17574,0,14062
17588,0,14078
17589,0,14080
17594,21,14084
17597,0,14086
17600,0,14087
17601,11,14084
17604,25,14091
17605,11,14091
17607,40,14084
17608,23,14093
17612,0,14094
17616,11,14095
17626,14,14108
17629,21,14097
17631,40,14097
17637,0,14116
17645,0,14124
17649,12,14101
17653,0,14131
17654,40,14131
17659,13,14138
17661,46,14144
17665,11,14126
17669,0,14155
17682,0,14170
17688,0,14171
17689,0,14172
17694,11,14173
17697,21,14174
17698,40,14174
17702,0,14182
17705,21,14183
17709,45,14189
17712,45,14192
17718,0,14193
17723,45,14201
17729,0,14204
17732,0,14205
17735,0,14206
17738,0,14207
17741,0,14208
17744,0,14209
17747,0,14211
17750,0,14212
17753,0,14213
17756,0,14214
17759,0,14215
17762,0,14217
17763,0,14218
17772,0,14223
17778,46,14227
17782,0,14228
17785,0,14229
17786,9,14231
17788,13,14231
17798,0,14243
17802,0,14244
17803,11,14238
17804,11,14239
17811,0,14255
17814,0,14256
17817,0,14257
17818,21,14258
17822,12,14173
17834,0,14276
17837,0,14277
17838,0,14278
17843,0,14279
17846,0,14281
17860,11,14298
17864,49,14302
17866,46,14305
17872,0,14310
17875,0,14311
17879,0,14314
17880,49,14319
17882,4,14325
17887,0,14326
17890,0,14327
17891,4,14328
17894,0,14329
17897,32,14329
17902,0,14333
17917,0,14339
17922,11,14341
17943,0,14359
17950,31,14364
17951,11,14364
17957,0,14366
17958,11,14365
17961,0,14368
17962,49,14369
17964,0,14373
17969,12,14378
17970,13,14380
17976,13,14382
17989,0,14395
17990,22,14396
17991,11,14396
17993,0,14396
17997,0,14401
17998,13,14386
18001,0,14403
18002,14,14405
18004,13,14405
18007,0,14408
18008,20,14412
18009,4,14413
18012,40,14415
18015,40,14416
18018,21,14419
18020,12,14419
18022,26,14420
18025,0,14421
18028,0,14426
18072,21,14455
18075,0,14456
18079,12,14457
18080,0,14457
18099,28,14465
18112,0,14470
18120,0,14474
18123,0,14475
18126,0,14476
18129,0,14477
18148,0,14487
18151,0,14488
18160,11,14504
18162,0,14526
18166,0,14527
18169,0,14528
18171,0,14532
18173,4,14536
18179,4,14539
18182,0,14542
18184,40,14543
18195,0,14551
18196,22,14552
18201,0,14553
18203,45,14559
18214,11,14544
18215,0,14578
18218,45,14581
18219,11,14581
18220,45,14582
18221,11,14582
18222,21,14583
18225,0,14592
18228,49,14594
18229,36,14594
18243,8,14601
18248,0,14605
18252,0,14617
18254,0,14618
18256,8,14620
18261,0,14627
18268,40,14636
18271,36,14637
18274,11,14630
18284,0,14655
18285,0,14658
18288,0,14659
18293,0,14664
18296,4,14667
18297,0,14670
18304,0,14673
18313,0,14679
18316,0,14680
18319,0,14682
18322,0,14683
18325,11,14684
18329,0,14692
18331,0,14693
18333,36,14695
18336,0,14700
18339,0,14701
18342,0,14702
18345,0,14703
18348,0,14704
18356,4,14717
18360,41,14719
18363,41,14720
18366,12,14684
18367,41,14722
18370,13,14713
18373,11,14740
18375,40,14746
18389,0,14756
18392,11,14757
18394,31,14759
18402,0,14768
18405,8,14769
18406,12,14769
18407,49,14773
18410,0,14777
18413,0,14779
18426,26,14791
18429,0,14793
18434,0,14797
18445,49,14812
18446,0,14814
18473,0,14838
18476,4,14839
18482,0,14843
18491,0,14878
18494,0,14879
18499,0,14881
18500,0,14882
18503,36,14885
18506,0,14886
18510,11,14891
18520,0,14918
18524,46,14932
18531,0,14938
18536,49,14944
18537,14,14944
18540,0,14947
18544,12,14950
18546,0,14953
18559,0,14961
18564,49,14972
18567,49,14974
18570,0,14975
18572,5,14976
18573,0,14976
18575,0,14978
18583,0,14983
18588,0,14984
18589,0,14985
18592,0,14986
18597,0,14987
18598,0,14988
18608,41,14999
18610,41,15000
18618,0,15005
18619,51,15012
18634,0,15021
18637,45,15022
18643,0,15023
18644,0,15024
18650,0,15030
18658,0,15036
18661,0,15037
18662,49,15039
18664,40,15048
18666,0,15052
18676,28,15061
18678,28,15062
18686,4,15077
18693,0,15081
18694,0,15084
18700,0,15094
18703,0,15095
18707,0,15101
18710,19,15102
18716,0,15105
18719,0,15106
18722,0,15108
18727,0,15117
18729,49,15120
18737,0,15123
18740,38,15125
18742,8,15125
18745,0,15132
18750,0,15141
18755,45,15144
18756,11,15144
18758,0,15146
18767,49,15152
18768,36,15152
18769,49,15153
18771,49,15154
18772,36,15154
18804,0,15167
18807,0,15169
18810,0,15170
18813,0,15174
18814,12,15178
18818,5,15179
18819,0,15179
18820,4,15180
18821,11,15180
18829,0,15188
18832,14,15199
18833,12,15199
18834,13,15199
18838,0,15202
18842,49,15205
18845,13,15204
18846,49,15212
18852,0,15226
18853,6,15228
18856,0,15229
18859,0,15231
18865,21,15229
18877,0,15247
18880,0,15248
18882,13,15250
18883,0,15250
18884,0,15254
18891,0,15259
18902,0,15264
18903,11,15219
18907,49,15273
18911,46,15276
18912,11,15275
18916,11,15279
18917,49,15284
18924,36,15292
18928,20,15296
18932,4,15312
18936,25,15317
18937,21,15317
18941,13,15317
18944,0,15324
18946,5,15325
18947,0,15325
18950,0,15326
18960,0,15331
18972,4,15335
18975,45,15337
18980,46,15341
18981,0,15342
18986,0,15344
18989,0,15346
18992,0,15348
18994,0,15352
18998,13,15353
19002,0,15356
19005,49,15359
19028,0,15373
19038,40,15384
19050,38,15389
19063,0,15393
19068,0,15398
19069,4,15399
19073,37,15398
19077,40,15408
19079,0,15408
19083,40,15413
19091,0,15417
19098,46,15428
19106,0,15430
19107,11,15429
19108,4,15432
19111,0,15433
19114,28,15438
19118,0,15439
19121,0,15440
19122,45,15441
19136,40,15446
19151,11,15454
19167,0,15463
19202,4,15481
19204,11,15481
19210,0,15485
19228,4,15491
19232,4,15493
19235,11,15493
19282,4,15519
19285,11,15519
19286,4,15521
19289,11,15521
19298,0,15533
19302,11,15534
19305,11,15538
19306,0,15539
19311,0,15540
19316,0,15542
19317,6,15543
19321,0,15545
19329,0,15553
19330,26,15554
19332,0,15555
19335,12,15555
19345,0,15565
19349,9,15569
19352,5,15571
19353,0,15571
19356,0,15572
19357,0,15587
19364,11,15591
19365,28,15592
19369,11,15595
19372,11,15596
19375,12,15609
19376,0,15609
19378,4,15611
19380,0,15612
19384,0,15613
19387,0,15614
19391,5,15622
19392,0,15622
19407,0,15628
19410,0,15629
19417,46,15633
19420,0,15635
19425,46,15638
19433,40,15649
19437,0,15653
19440,21,15676
19443,21,15680
19449,0,15682
19452,49,15682
19456,11,15685
19459,0,15686
19464,40,15693
19467,0,15693
19468,6,15694
19476,0,15697
19479,0,15698
19486,0,15700
19487,0,15701
19497,0,15708
19501,0,15710
19514,0,15715
19515,0,15716
19524,0,15718
19527,4,15696
19528,40,15722
19536,0,15725
19552,0,15736
19561,0,15740
19564,0,15741
19567,0,15742
19568,6,15743
19570,22,15744
19571,12,15744
19572,22,15745
19573,12,15745
19574,22,15746
19575,12,15746
19576,22,15747
19577,12,15747
19578,45,15748
19579,11,15748
19582,0,15749
19585,0,15750
19589,8,15768
19591,20,15768
19594,31,15770
19598,12,15771
19602,0,15772
19605,21,15777
19609,0,15783
19613,11,15784
19623,0,15790
19626,0,15791
19629,0,15792
19632,0,15798
19633,21,15799
19636,21,15800
19641,0,15801
19644,0,15802
19648,21,15804
19659,0,15811
19662,0,15812
19665,0,15813
19668,0,15814
19672,0,15818
19675,0,15820
19678,0,15821
19683,0,15822
19684,11,15649
19685,49,15827
19687,0,15828
19692,0,15830
19695,0,15834
19698,0,15835
19701,0,15836
19704,0,15837
19711,12,15830
19714,46,15845
19715,0,15850
19722,0,15857
19725,0,15858
19728,0,15859
19731,0,15860
19734,13,15861
19737,45,15865
19739,11,15865
19754,41,15882
19767,12,15889
19779,0,15897
19780,40,15898
19789,5,15910
19793,11,15911
19806,21,15911
19812,21,15925
19832,46,15941
19850,40,15959
19856,0,15963
19862,21,15970
19864,12,15970
19873,0,15976
19883,11,15988
19905,0,16010
19910,0,16011
19913,0,16012
19916,0,16013
19918,6,16017
19922,40,16024
19925,0,16024
19931,11,16028
19934,12,16029
19935,0,16029
19940,45,16032
19944,45,16033
19949,40,16035
19958,45,16040
19961,11,16040
19965,0,16045
19971,40,16047
19974,21,16052
19979,0,16053
19980,21,16054
19985,0,16055
19990,45,16058
19999,0,16064
20003,0,16065
20004,31,16069
20005,11,16069
20014,40,16076
20022,0,16087
20032,0,16095
20033,0,16099
20040,0,16102
20041,40,15850
20044,0,16104
20048,0,16105
20053,0,16111
20056,0,16112
20059,0,16113
20063,45,16124
20065,22,16128
20068,0,16128
20069,0,16129
20074,0,16130
20075,0,16131
20078,0,16136
20084,0,16140
20089,0,16142
20090,0,16143
20093,0,16144
20102,0,16150
20107,49,16153
20110,13,16131
20112,4,16156
20124,0,16165
20125,40,16167
20128,12,16149
20131,0,16169
20134,0,16171
20139,45,16188
20144,45,16191
20158,45,16202
20161,11,16202
20164,40,16210
20171,0,16212
20172,0,16215
20185,35,16229
20188,31,16231
20204,35,16248
20208,0,16249
20211,0,16250
20212,0,16251
20214,21,16253
20236,0,16269
20238,12,16270
20239,0,16270
20241,49,16275
20244,0,16276
20247,0,16277
20252,0,16287
20255,5,16291
20256,0,16291
20260,22,16297
20261,30,16297
20263,0,16297
20264,46,16298
20270,31,16314
20274,0,16326
20275,45,16328
20278,11,16328
20281,0,16329
20284,0,16331
20287,0,16332
20290,0,16333
20294,0,16339
20297,32,16340
20299,49,16341
20301,31,16342
20303,0,16343
20305,22,16344
20308,0,16344
20309,45,16346
20317,50,16353
20319,50,16354
20321,50,16356
20323,31,16358
20331,12,16363
20374,0,16389
20376,0,16390
20383,0,16400
20387,0,16401
20390,0,16402
20393,0,16409
20400,11,16412
20403,0,16416
20408,0,16420
20416,50,16426
20417,0,16431
20427,0,16439
20430,0,16440
20431,0,16442
20434,12,16444
20441,46,16451
20442,36,16452
20445,0,16455
20448,0,16456
20451,0,16458
20455,0,16464
20459,37,16466
20462,40,16472
20474,0,16486
20477,0,16488
20485,38,16497
20487,0,16498
20490,0,16500
20494,50,16504
20499,0,16511
20504,4,16516
20506,13,16516
20509,0,16520
20513,0,16525
20518,0,16527
20522,0,16530
20523,22,16532
20526,11,16532
20528,0,16539
20532,11,16539
20537,0,16546
20540,0,16551
20546,0,16556
20549,0,16557
20550,0,16561
20570,0,16570
20576,0,16572
20579,0,16573
20580,46,16575
20588,12,16580
20591,0,16582
20592,6,16583
20597,0,16584
20602,0,16589
20603,51,16590
20611,5,16591
20612,0,16591
20613,49,16592
20615,46,16597
20616,51,16598
20621,13,16515
20622,11,16599
20623,0,16607
20626,0,16608
20629,0,16610
20631,6,16611
20634,11,16614
20641,0,16616
20645,13,16621
20654,0,16625
20657,0,16626
20661,0,16628
20667,0,16633
20671,4,16638
20677,11,16651
20679,0,16674
20683,0,16679
20689,0,16681
20694,0,16684
20698,13,16685
20699,32,16686
20705,11,16687
20708,0,16688
20710,0,16696
20714,0,16697
20719,45,16705
20721,11,16705
20724,13,16707
20727,13,16708
20728,41,16710
20732,0,16711
20733,13,16697
20744,0,16721
20747,0,16722
20753,0,16724
20754,40,16727
20764,0,16731
20767,0,16732
20772,0,16736
20776,13,16740
20819,0,16761
20822,40,16762
20830,13,16764
20832,0,16767
20836,0,16768
20860,0,16786
20865,11,16551
20877,0,16802
20885,0,16804
20908,11,16763
20929,22,16871
20934,11,16873
20937,0,16875
20940,0,16877
20943,0,16878
20946,0,16879
20949,0,16880
20952,0,16882
20961,0,16886
20973,0,16894
20974,22,16895
20977,0,16895
20980,11,16896
20982,0,16897
20993,5,16904
20994,4,16904
20996,40,15603
20998,0,16909
21002,0,16910
21003,0,16914
21005,46,16919
21007,11,16919
21009,21,16920
21011,46,16922
21014,0,16923
21018,5,16927
21019,0,16927
21023,0,16932
21026,0,16933
21030,0,16937
21031,46,16939
21042,0,16956
21046,0,16968
21053,0,16970
21058,13,16974
21064,0,16976
21067,0,16977
21068,0,16979
21072,5,16981
21073,4,16981
21078,11,16975
21079,11,16982
21081,41,16989
21083,0,16991
21088,49,17000
21089,45,17001
21092,0,17006
21095,11,17010
21097,31,17011
21104,5,17013
21105,0,17013
21106,0,17014
21109,31,17016
21110,11,17016
21111,0,17021
21117,11,17022
21123,11,17031
21125,0,17032
21130,41,17037
21133,45,17038
21138,0,17042
21141,41,17043
21152,5,17048
21153,4,17048
21161,11,17049
21162,11,17051
21163,45,17058
21164,11,17058
21165,45,17059
21169,0,17061
21175,13,17070
21183,0,17078
21184,45,17084
21185,11,17084
21186,0,17086
21192,11,17046
21195,0,17100
21198,0,17101
21199,0,17102
21204,5,17107
21205,4,17107
21207,36,17111
21215,11,17115
21226,5,17121
21227,4,17121
21231,0,17123
21234,0,17125
21238,45,17128
21240,11,17128
21244,0,17129
21247,46,17143
21248,40,17146
21255,31,17150
21260,11,17151
21261,40,17152
21269,0,17158
21272,0,17159
21275,0,17160
21276,36,17161
21281,40,17163
21289,0,17169
21295,38,17182
21300,0,17188
21302,0,17191
21314,40,17196
21327,11,17208
21329,56,17209
21331,0,17214
21357,0,17231
21361,28,17237
21362,8,17237
21363,11,17237
21365,49,17240
21366,49,17247
21367,49,17248
21370,12,17249
21372,0,17257
21425,40,17276
21428,40,17277
21446,12,17176
21458,0,17306
21461,0,17307
21466,11,17276
21469,13,17289
21470,0,17322
21478,0,17327
21481,0,17328
21488,0,17336
21492,0,17338
21498,0,17341
21504,11,17337
21506,35,17354
21536,45,17371
21542,0,17372
21556,40,12200
21558,40,17382
21584,0,17400
21591,0,17405
21594,0,17406
21598,0,17409
21610,41,17419
21620,12,17438
21623,12,17439
21632,0,17447
21635,0,17449
21649,41,17461
21655,0,17463
21658,22,17464
21667,0,17468
21676,0,17474
21680,5,17475
21681,4,17475
21685,40,17483
21689,0,17484
21693,38,17487
21695,2,17488
21726,0,17499
21746,38,17512
21751,38,17515
21755,0,17516
21756,38,17517
21760,0,17519
21763,0,17520
21777,0,17530
21781,0,17533
21784,0,17537
21792,0,17546
21798,40,17545
21803,0,17557
21804,0,17558
21809,12,17559
21813,11,17561
21818,5,17563
21833,0,17575
21837,11,17570
21840,9,17579
21843,0,17582
21846,0,17583
21849,0,17584
21857,0,17587
21860,0,17588
21864,11,17590
21868,12,17587
21869,6,17604
21872,0,17605
21877,0,17611
21879,12,17613
21888,13,17615
21894,13,17617
21897,13,17618
21902,13,17622
21906,0,17626
21910,13,17629
21916,13,17631
21919,0,17632
21934,0,17641
21935,46,17642
21944,45,17662
21946,11,17662
21949,45,17664
21951,11,17664
21952,45,17665
21954,11,17665
21955,45,17666
21957,11,17666
21959,40,17671
21972,0,17679
21976,13,17680
21979,0,17682
21982,0,17684
21983,49,17693
21985,13,17693
21999,40,17704
22002,40,17705
22005,49,17710
22037,0,17729
22049,13,17733
22085,38,17760
22093,0,17772
22096,22,17774
22099,0,17774
22102,22,17778
22115,36,17784
22117,44,17789
22119,28,17791
22122,45,17793
22124,11,17793
22127,0,17795
22131,14,17797
22133,26,17798
22136,0,17799
22139,0,17800
22143,40,17809
22157,14,17818
22159,13,17818
22160,30,17817
22161,11,17816
22165,0,17824
22176,12,15696
22183,0,17844
22186,0,17845
22187,0,17847
22197,0,17861
22234,12,17869
22240,0,17902
22247,22,17914
22248,12,17914
22249,0,17916
22253,0,17920
22261,0,17926
22279,13,17935
22280,0,17936
22285,0,17939
22287,0,17940
22291,37,17941
22296,13,17922
22297,49,17950
22298,22,17954
22301,0,17954
22302,0,17957
22305,49,17961
22309,0,17962
22312,0,17963
22316,11,17965
22318,45,17968
22324,0,17980
22327,0,17981
22331,0,17987
22335,0,17988
22338,0,17993
22345,46,18009
22353,11,18041
22355,32,18041
22359,0,18042
22360,11,18043
22363,32,18043
22369,0,18046
22370,0,18049
22376,0,18055
22387,0,18067
22392,0,18072
22395,0,18073
22399,20,18077
22404,0,18092
22407,0,18094
22410,0,18095
22413,0,18096
22419,0,18098
22433,0,18109
22437,0,18112
22447,22,18119
22450,22,18120
22456,12,18122
22457,0,18125
22462,13,18126
22473,45,18131
22476,11,18131
22477,46,18133
22480,0,18134
22481,0,18136
22486,0,18138
22489,0,18139
22492,0,18140
22495,0,18141
22500,45,18146
22502,30,18146
22504,35,18148
22507,0,18151
22510,45,18154
22512,41,18155
22517,0,18159
22520,0,18160
22523,40,18161
22532,40,18166
22547,11,18163
22578,0,18194
22587,22,18197
22590,0,18197
22591,0,18199
22600,49,18204
22606,0,18210
22609,0,18211
22611,4,12484
22614,0,18214
22616,40,18218
22619,11,18221
22622,30,18221
22623,11,18222
22626,30,18222
22631,11,18225
22633,30,18225
22642,0,18230
22645,0,18232
22646,31,18233
22652,0,18243
22656,0,18248
22660,0,18252
22663,0,18256
22672,0,18270
22724,56,18297
22726,41,18298
22732,41,18306
22735,11,18192
22739,25,18318
22744,11,18322
22749,0,18326
22752,0,18327
22753,11,18270
22756,0,18329
22761,38,18335
22767,41,18339
22771,4,18336
22772,22,18342
22775,0,18342
22776,38,18344
22777,38,18345
22780,0,18346
22783,13,18347
22784,46,18348
22786,0,18350
22789,0,18351
22792,0,18352
22798,46,18354
22800,4,18354
22801,41,18355
22807,0,18357
22817,0,18368
22820,0,18374
22823,0,18376
22828,0,18380
22838,13,18383
22842,13,18386
22843,13,18388
22850,13,18393
22855,13,18398
22863,12,18403
22882,0,18418
22886,14,18421
22888,13,18421
22900,45,18428
22901,11,18428
22903,4,18411
22907,5,18433
22909,4,18433
22916,54,18433
22918,12,18433
22928,11,18433
22930,32,18433
22932,30,18433
22934,13,18433
22936,16,18433
22945,37,18433
22946,40,18433
22953,0,18434
22956,9,18437
22957,36,18437
22977,11,18446
22978,11,18447
22979,11,18448
22980,11,18449
22984,11,18450
22987,12,18457
22991,0,18458
22994,0,18459
22999,36,18466
23012,12,18467
23013,11,18468
23028,11,18487
23031,0,18494
23032,0,18496
23034,49,18497
23035,0,18498
23039,0,18505
23042,0,18506
23046,0,18510
23051,45,18517
23056,0,18525
23060,0,18529
23069,0,18537
23091,11,18547
23092,50,18549
23106,11,18550
23113,11,18563
23126,50,18570
23130,0,18575
23131,0,18576
23134,45,18577
23135,11,18577
23137,5,18579
23138,4,18579
23139,11,18580
23146,30,18584
23151,0,18595
23154,0,18601
23161,9,18608
23163,11,18612
23168,40,18613
23169,38,18615
23171,0,18617
23175,0,18618
23178,0,18619
23179,0,18620
23184,0,18621
23189,0,18626
23190,24,18627
23191,12,18627
23192,26,18629
23194,4,18635
23199,4,18636
23200,11,18595
23201,0,18640
23206,0,18642
23209,0,18644
23220,38,18658
23228,49,18665
23233,12,18669
23236,0,18673
23265,12,18702
23287,0,18721
23291,11,18721
23294,0,18727
23300,0,18734
23307,0,18738
23314,0,18745
23317,0,18749
23324,11,18752
23325,9,18753
23326,37,18753
23330,0,18761
23332,0,18762
23335,13,18760
23343,0,18772
23346,0,18774
23350,11,18779
23361,32,18784
23364,32,18785
23372,11,18767
23376,13,18796
23380,0,18797
23388,0,18800
23389,46,18801
23394,0,18804
23400,0,18816
23423,32,18840
23428,0,18841
23429,11,18840
23432,0,18844
23433,31,18845
23436,28,18848
23448,0,18866
23460,12,18870
23485,0,18896
23486,0,18899
23491,0,18905
23494,0,18906
23497,0,18907
23501,0,18908
23502,40,18909
23504,35,18912
23507,22,18914
23510,0,18914
23512,11,18917
23516,0,18919
23518,0,18921
23523,0,18922
23524,36,18923
23527,49,18926
23530,0,18927
23534,0,18930
23536,11,18931
23538,46,18936
23547,40,18938
23550,22,18939
23553,0,18939
23556,0,18942
23559,0,18944
23560,46,18945
23563,0,18947
23566,0,18948
23568,31,18959
23570,38,18964
23572,38,18965
23574,0,18968
23582,0,18970
23588,0,18974
23606,11,18982
23610,0,18991
23611,0,18994
23615,4,18996
23616,5,18996
23619,0,18999
23622,0,19005
23626,41,19010
23633,0,19012
23636,0,19013
23637,0,19014
23641,0,19016
23642,0,19024
23645,38,19025
23647,0,19035
23651,4,19038
23652,5,19038
23655,0,19040
23656,0,19041
23660,0,19045
23663,0,19046
23666,0,19048
23669,0,19049
23672,0,19050
23675,0,19052
23678,0,19053
23681,0,19054
23684,0,19055
23687,0,19056
23690,0,19057
23693,0,19058
23696,0,19059
23699,0,19060
23702,0,19061
23705,0,19062
23706,24,19064
23710,0,19070
23713,0,19074
23714,0,19075
23723,12,19085
23729,0,19087
23733,46,19092
23735,4,19098
23741,0,19101
23744,0,19103
23745,0,19104
23751,0,19107
23754,0,19108
23758,11,19091
23759,45,19119
23760,11,19119
23761,46,19125
23762,30,19104
23791,0,19142
23797,13,19144
23806,0,19151
23807,22,19153
23810,0,19153
23813,0,19154
23816,0,19155
23819,0,19156
23822,0,19157
23827,0,19161
23830,0,19162
23833,0,19163
23836,0,19165
23839,0,19166
23840,0,19167
23844,0,19168
23847,0,19169
23850,0,19170
23853,0,19171
23867,0,19185
23868,41,19190
23874,0,19200
23875,28,19201
23877,28,19202
23878,45,19204
23879,32,19204
23880,11,19204
23881,28,19207
23885,0,19213
23888,28,19214
23891,0,19216
23892,0,19217
23914,0,19236
23917,0,19238
23920,0,19239
23924,0,19274
23927,0,19275
23932,0,19283
23933,30,19284
23934,11,19284
23938,0,19285
23941,0,19286
23946,0,19293
23949,0,19294
23952,0,19295
23953,46,19297
23961,13,19276
23971,0,19308
23976,0,19309
23979,35,19314
23981,30,19315
23982,11,19315
23985,0,19328
23990,0,19329
23995,0,19332
23996,35,19334
24000,0,19336
24001,0,19342
24007,38,19348
24010,46,19350
24013,0,19352
24014,30,19354
24017,30,19355
24020,30,19357
24023,30,19358
24026,0,19363
24029,0,19364
24032,0,19369
24037,0,19371
24038,11,19372
24046,0,19382
24048,21,19383
24049,0,19383
24053,40,19387
24057,36,19393
24062,0,19397
24064,36,19398
24071,0,19405
24074,0,19406
24077,0,19408
24081,0,19417
24099,20,19434
24102,41,19438
24107,0,19452
24110,9,19454
24113,0,19455
24117,0,19456
24122,36,19460
24128,0,19467
24146,0,19481
24190,38,19511
24212,13,19519
24218,12,19521
24280,0,19588
24283,0,19589
24287,19,19595
24288,12,19595
24291,0,19598
24292,28,19599
24299,0,19603
24305,0,19607
24308,0,19608
24311,0,19609
24314,0,19610
24317,0,19611
24320,0,19612
24323,0,19613
24326,13,19614
24327,12,19611
24328,8,19626
24333,13,19627
24341,0,19633
24344,0,19634
24345,0,19653
24348,38,19654
24352,0,19659
24358,9,19670
24360,11,19673
24362,13,19673
24363,0,19673
24365,11,19674
24367,13,19674
24368,0,19674
24375,38,19682
24383,0,19685
24386,0,19686
24389,8,19687
24393,0,19690
24396,0,19691
24399,0,19692
24402,0,19693
24405,0,19694
24408,0,19695
24414,0,19697
24417,0,19698
24420,0,19699
24430,0,19714
24433,0,19715
24436,0,19719
24437,42,19677
24438,13,19696
24439,13,19700
24440,0,19727
24443,46,19728
24460,42,19730
24461,42,19729
24471,42,19743
24474,0,19745
24478,46,19750
24481,46,19751
24484,36,19753
24486,8,19753
24488,4,19753
24491,0,19754
24494,0,19755
24497,0,19756
24498,38,19763
24503,32,19765
24510,42,19770
24514,30,19773
24517,0,19775
24523,0,19779
24526,0,19780
24530,0,19787
24535,40,19787
24549,0,19802
24556,32,19807
24560,0,19812
24566,0,19815
24567,11,19816
24570,45,19817
24573,11,19818
24575,13,19818
24578,13,19819
24579,0,19820
24588,8,19828
24593,0,19832
24598,37,19781
24602,0,19840
24606,46,19843
24618,40,19852
24621,0,19857
24624,30,19846
24625,13,19839
24626,0,19862
24634,11,19874
24639,0,19880
24642,45,19883
24647,46,19890
24654,41,19898
24658,0,19900
24664,11,19883
24665,0,19908
24668,0,19909
24671,26,19910
24675,46,19913
24677,45,19917
24683,36,19925
24691,0,19934
24694,0,19935
24697,0,19936
24700,0,19937
24704,0,19944
24706,0,19947
24709,0,19948
24712,13,19947
24714,36,19950
24718,21,19952
24721,21,19953
24724,45,19958
24726,32,19958
24730,11,19959
24740,0,19967
24743,0,19968
24746,0,19970
24749,0,19972
24756,0,19974
24764,11,19979
24767,0,19984
24771,0,19987
24780,0,19991
24801,42,20002
24811,0,20015
24815,0,20017
24820,12,19670
24822,6,20024
24828,0,20027
24834,0,20036
24837,0,20039
24840,0,20042
24841,0,20043
24845,13,20045
24846,0,20045
24847,46,20053
24850,0,20054
24851,0,20057
24856,11,20057
24865,0,20061
24868,0,20064
24871,0,20067
24874,0,20069
24877,11,19996
24880,46,20073
24881,0,20077
24884,0,20078
24887,0,20081
24889,0,20082
24893,0,20084
24899,21,20097
24908,0,20105
24909,31,20106
24910,11,20106
24912,0,20109
24917,0,20111
24920,0,20112
24923,0,20113
24956,0,20125
24959,0,20126
24966,0,20130
24975,0,20134
24979,4,20135
24983,0,20136
24989,30,20137
24990,52,20138
24991,8,20138
24998,0,20144
25000,0,20145
25003,46,20146
25006,0,20149
25007,38,20152
25010,32,20077
25013,36,20157
25018,46,20163
25026,13,20171
25034,52,20179
25039,6,20188
25042,0,20190
25045,35,20192
25054,0,20209
25057,0,20211
25067,11,20223
25070,0,20225
25074,26,20234
25083,22,20248
25087,0,20249
25092,13,20251
25099,0,20260
25102,8,20261
25107,40,20269
25108,0,20269
25111,0,20271
25113,0,20275
25117,11,20275
25120,0,20278
25123,0,20279
25124,36,20281
25130,45,20285
25160,12,20296
25163,11,20298
25164,41,20305
25204,0,20341
25205,22,20357
25222,49,20387
25229,45,20395
25240,11,20403
25252,0,20409
25253,11,20406
25256,32,20404
25258,50,20431
25260,50,20432
25262,50,20433
25264,50,20434
25266,50,20435
25268,50,20437
25270,50,20438
25272,50,20439
25274,50,20440
25277,50,20442
25279,50,20443
25295,0,20460
25308,45,20477
25310,11,20477
25313,32,20477
25317,11,20482
25318,0,20483
25333,11,20491
25337,46,20495
25340,46,20496
25349,0,20504
25353,30,20501
25357,0,20512
25365,0,20519
25367,40,20524
25375,0,20526
25376,11,20525
25380,11,20536
25384,0,20539
25390,0,20540
25393,0,20541
25396,0,20543
25403,11,20546
25405,4,20548
25406,50,20548
25409,11,20551
25410,45,20554
25413,42,20555
25416,11,20555
25421,0,20559
25423,12,20560
25424,0,20560
25425,0,20563
25435,0,20576
25445,11,20577
25448,11,20574
25449,12,20582
25452,28,20591
25453,0,20592
25456,0,20593
25460,4,20599
25474,0,20613
25480,50,20625
25487,0,20634
25488,31,20635
25490,11,20635
25504,11,20641
25509,11,20653
25512,0,20654
25513,0,20655
25516,50,20656
25518,0,20657
25521,31,20658
25522,11,20658
25525,50,20661
25526,66,20661
25529,0,20662
25531,0,20664
25536,0,20665
25542,0,20667
25545,0,20668
25546,11,20660
25547,28,20670
25550,0,20671
25555,0,20680
25556,0,20681
25560,11,20682
25573,41,20697
25576,0,20700
25580,0,20703
25586,0,20710
25587,0,20711
25592,0,20714
25596,0,20719
25599,0,20720
25600,45,20721
25602,11,20721
25603,0,20723
25606,8,20724
25609,40,20728
25614,0,20729
25623,8,19104
25626,0,20744
25627,0,20747
25630,11,20749
25635,11,20755
25637,0,20757
25646,0,20761
25649,0,20762
25653,9,20766
25668,11,20763
25677,0,20798
25681,13,20788
25683,0,20807
25686,50,20808
25696,40,20822
25699,0,20824
25704,11,20810
25710,0,20835
25711,13,20833
25718,0,20841
25719,41,20844
25724,28,20854
25730,0,20856
25741,38,20864
25746,45,20867
25748,11,20867
25749,45,20868
25751,11,20868
25756,0,20870
25759,0,20871
25762,45,20875
25764,11,20875
25768,64,20878
25769,64,20879
25772,0,20881
25773,64,20887
25778,45,20890
25780,11,20890
25781,50,20893
25783,45,20897
25785,11,20897
25786,0,20900
25798,11,20915
25801,11,20916
25802,13,20916
25804,4,20917
25805,38,20918
25810,13,20919
25822,0,20933
25824,28,20935
25825,0,20938
25827,11,20939
25829,28,20940
25834,0,20943
25837,0,20945
25844,25,20949
25850,0,20955
25874,45,20978
25877,45,20979
25880,0,20981
25882,54,20982
25887,12,20990
25888,4,20990
25890,45,21001
25895,0,21004
25898,0,21005
25901,39,21006
25905,0,21008
25910,0,21010
25911,0,21011
25916,0,21012
25922,40,21022
25929,0,21028
25930,45,21033
25931,0,21034
25933,36,21035
25936,36,21037
25939,36,21038
25953,11,21053
25956,0,21057
25963,0,21063
25966,0,21064
25978,0,21068
25982,39,21070
25984,0,21071
25992,49,21087
25995,49,21093
25999,0,21094
26000,46,21095
26003,0,21096
26005,65,21098
26006,65,21099
26007,46,21105
26010,0,21107
26016,49,21112
26021,64,21114
26022,10,21114
26026,64,21116
26027,10,21116
26032,10,21118
26036,41,21122
26037,10,21122
26052,0,21130
26063,30,21159
26064,0,21161
26069,12,21163
26071,65,21164
26072,14,21164
26073,50,21172
26075,0,21173
26081,0,21177
26088,0,21182
26131,11,21207
26134,0,21208
26141,0,21221
26146,0,21226
26151,0,21227
26154,0,21229
26157,0,21230
26159,65,21232
26161,11,21232
26163,65,21235
26164,0,21239
26170,45,21243
26176,0,21246
26179,0,21248
26180,0,21253
26185,13,21254
26188,13,21256
26215,35,21271
26219,41,21273
26227,50,21196
26234,0,21286
26238,0,21296
26249,0,21305
26252,0,21306
26255,0,21307
26264,0,21316
26267,0,21328
26269,0,21329
26271,0,21330
26273,0,21342
26275,9,21350
26280,9,21355
26284,0,21371
26288,45,21375
26297,65,21380
26299,65,21381
26301,65,21382
26302,8,21382
26303,0,21385
26309,0,21388
26312,0,21389
26315,0,21390
26318,0,21391
26323,13,21300
26324,13,21301
26328,49,21402
26330,0,21402
26332,46,21404
26343,49,21417
26345,0,21417
26356,49,21435
26358,45,21437
26361,30,21437
26362,11,21437
26368,0,21439
26369,67,21440
26370,40,21441
26375,0,21443
26377,56,21444
26378,0,21444
26385,0,21451
26388,0,21452
26391,0,21453
26395,30,21455
26398,0,21457
26428,66,21474
26436,0,21479
26440,0,21482
26443,66,21483
26447,0,21484
26449,0,21487
26455,0,21489
26484,0,21506
26488,66,21527
26489,36,21527
26490,66,21529
26494,0,21532
26495,66,21543
26496,8,21543
26499,11,21549
26500,32,21549
26502,12,21549
26509,0,21555
26513,65,21556
26514,0,21556
26520,64,21565
26523,0,21567
26527,0,21571
26535,0,21576
26540,0,21581
26542,35,21584
26544,8,21584
26547,0,21587
26548,45,21590
26550,45,21591
26555,11,21590
26556,0,21594
26570,4,21608
26574,4,21610
26581,0,21617
26584,0,21620
26587,0,21622
26590,0,21623
26591,0,21629
26594,12,21614
26597,0,21636
26599,41,21638
26606,0,21642
26612,0,21646
26631,30,21667
26637,0,21673
26638,8,21674
26640,12,21673
26641,23,21677
26644,11,21677
26647,65,21678
26650,65,21679
26652,0,21680
26657,0,21684
26668,8,21692
26673,46,21698
26680,15,21700
26687,0,21711
26688,66,21712
26689,14,21712
26694,0,21714
26695,0,21716
26701,0,21718
26705,0,21719
26706,65,21723
26708,0,21725
26718,67,21736
26721,67,21738
26727,0,21740
26730,49,21741
26732,0,21741
26738,0,21743
26740,0,21748
26743,11,21748
26744,41,21752
26746,49,21754
26747,49,21755
26748,49,21756
26754,0,21758
26763,14,21765
26764,13,21765
26776,0,21776
26782,65,21790
26784,32,21553
26787,0,21799
26788,40,21800
26791,40,21801
26794,0,21810
26796,11,19958
26801,66,21814
26807,0,21817
26811,0,21819
26814,0,21821
26817,0,21823
26820,0,21825
26821,67,21827
26822,21,21827
26823,0,21828
26828,0,21829
26832,0,21831
26837,0,21834
26840,0,21835
26844,8,21838
26858,0,21846
26861,0,21848
26863,41,21852
26874,0,21868
26877,40,21872
26880,66,21873
26881,36,21873
26882,66,21874
26883,36,21874
26884,66,21875
26886,66,21876
26888,66,21877
26899,0,21891
26907,0,21898
26911,0,21899
26914,0,21900
26917,0,21901
26920,0,21902
26921,64,21907
26926,0,21917
26927,22,21918
26931,9,21923
26934,67,21924
26937,50,21930
26938,11,21930
26941,0,21931
26950,0,21939
26956,66,21944
26958,0,21945
26967,0,21950
26968,65,21955
26978,30,21958
26980,0,21962
26987,65,21967
26989,65,21968
26996,65,21972
26997,0,21973
27008,0,21980
27020,36,21985
27022,66,21986
27025,0,21987
27028,0,21988
27029,30,21757
27034,0,22010
27037,0,22018
27043,0,22020
27052,40,22021
27059,0,22031
27062,0,22032
27065,0,22037
27068,25,22039
27070,46,22040
27074,0,22042
27079,28,22048
27081,0,22050
27086,0,22052
27089,0,22055
27092,0,22057
27094,50,22060
27096,45,22061
27099,30,22061
27100,11,22061
27101,45,22064
27104,32,22064
27105,11,22064
27106,0,22065
27108,46,22066
27109,0,22068
27111,12,22042
27116,0,22075
27121,0,22078
27122,12,22078
27132,66,22101
27134,0,22104
27137,66,22105
27138,26,22105
27144,0,22119
27145,12,22119
27148,45,22126
27149,11,22126
27150,30,22126
27152,49,22127
27154,0,22127
27158,0,22134
27161,0,22135
27164,0,22139
27167,0,22142
27170,0,22143
27205,66,22160
27215,0,22174
27218,0,22175
27219,0,22176
27223,0,22178
27226,0,22179
27227,49,22182
27231,0,22191
27236,0,22193
27240,32,22198
27241,11,22198
27243,0,22201
27248,0,22205
27255,13,22211
27258,4,22213
27262,4,22215
27267,0,22221
27276,0,22228
27280,0,22231
27292,14,22245
27293,0,22246
27302,0,22250
27307,0,22252
27309,0,22255
27315,0,22257
27316,65,22258
27319,0,22259
27322,0,22261
27325,0,22262
27332,0,22276
27334,46,22277
27335,21,22278
27337,66,22279
27338,36,22279
27339,66,22280
27340,36,22280
27341,66,22281
27345,66,22286
27353,30,22291
27356,0,22294
27361,0,22298
27364,0,22299
27372,11,22319
27373,0,22321
27378,0,22323
27379,6,22324
27383,19,22336
27385,0,22339
27389,0,22344
27398,49,22355
27400,0,22355
27402,56,22360
27403,11,22360
27412,0,22368
27415,31,22369
27416,11,22369
27419,0,22372
27420,0,22374
27459,65,22401
27468,0,22405
27471,0,22406
27474,0,22419
27475,0,22422
27477,0,22425
27517,0,22456
27520,0,22457
27525,0,22460
27535,0,22469
27542,46,22475
27543,21,22490
27549,49,22492
27552,0,22496
27553,49,22498
27554,49,22499
27558,0,22500
27561,0,22514
27563,0,22515
27567,15,22516
27568,0,22516
27569,20,22518
27582,49,22533
27585,49,22536
27586,49,22537
27588,0,22542
27595,0,22556
27613,0,22566
27615,31,22567
27618,8,22572
27619,0,22572
27621,12,22573
27626,45,22576
27628,0,22578
27631,32,22532
27632,32,22595
27636,25,22597
27642,15,22607
27643,0,22607
27644,21,22611
27647,65,22618
27649,65,22620
27652,0,22627
27655,65,22630
27656,0,22631
27662,0,22633
27667,0,22634
27670,11,22635
27671,32,22635
27677,65,22644
27683,0,22650
27687,13,22652
27694,0,22658
27697,56,22662
27698,0,22662
27704,0,22664
27712,0,22674
27723,0,22683
27738,0,22690
27745,24,22696
27748,12,22696
27749,0,22697
27753,0,22708
27761,0,22712
27765,0,22716
27768,0,22717
27775,8,22720
27779,0,22721
27784,65,22725
27787,28,22726
27788,28,22727
27789,28,22728
27790,28,22729
27791,40,22735
27796,13,22738
27801,0,22745
27804,0,22746
27808,32,22748
27809,40,22722
27817,0,22754
27818,49,22755
27822,46,22757
27826,6,22761
27829,24,22762
27834,0,22774
27842,11,22722
27843,40,22781
27847,39,22785
27850,31,22790
27852,0,22791
27855,0,22792
27864,0,22797
27865,0,22801
27868,49,22804
27869,31,22806
27872,11,12589
27873,12,22810
27876,5,22811
27880,32,22793
27885,11,22821
27887,14,22822
27892,25,22826
27897,0,22832
27901,12,22683
27903,8,22791
27921,40,22627
27927,0,22872
27930,0,22873
27933,0,22874
27936,0,22876
27937,6,22877
27939,39,22880
27944,0,22884
27971,13,22902
27982,31,22918
27983,11,22918
27984,21,22919
27988,0,22920
27989,38,22922
27993,0,22924
27996,0,22925
27998,19,22928
28004,0,22930
28008,0,22931
28009,66,22935
28011,67,22939
28016,11,22943
28023,11,22946
28026,0,22953
28033,0,22963
28037,0,22970
28040,0,22973
28043,0,22974
28045,31,22978
28049,31,22980
28053,0,22982
28056,28,22988
28060,0,22991
28061,6,22993
28063,14,22995
28067,8,23004
28077,0,23012
28083,0,23014
28092,0,23020
28095,0,23021
28096,4,23022
28104,0,23033
28107,0,23042
28110,0,23043
28115,0,23049
28117,67,23051
28120,56,23052
28123,56,23053
28134,0,23061
28147,6,23071
28152,0,23072
28170,0,23087
28175,0,23094
28180,0,23096
28187,0,23102
28190,0,23103
28193,0,23104
28194,13,23043
28210,4,23127
28216,0,23130
28219,36,23134
28220,26,23135
28253,65,23149
28254,0,23149
28258,13,23151
28259,0,23157
28265,0,23168
28270,0,23178
28286,0,23190
28299,0,23200
28302,0,23201
28305,0,23202
28308,0,23203
28311,0,23205
28317,12,23215
28318,0,23230
28326,0,23233
28331,0,23244
28333,4,23230
28341,31,23258
28342,11,23258
28347,0,23263
28350,0,23269
28353,47,23270
28364,0,23277
28367,0,23278
28368,49,23283
28377,65,23301
28379,21,23308
28388,0,23313
28394,21,23315
28395,30,23315
28396,16,23315
28397,29,23315
28398,13,23315
28400,12,23315
28401,31,23316
28402,11,23316
28405,0,23318
28410,0,23324
28413,0,23325
28416,0,23326
28419,0,23327
28422,0,23330
28426,0,23332
28428,0,23337
28435,0,23345
28451,20,23356
28466,66,23379
28470,29,23385
28471,0,23385
28476,31,23391
28477,11,23391
28478,31,23392
28479,11,23392
28482,11,23393
28483,30,23388
28486,0,23396
28489,0,23397
28492,0,23401
28493,65,23403
28532,67,23427
28548,0,23444
28550,30,23432
28552,0,23455
28555,45,23456
28565,0,23461
28568,0,23462
28571,0,23463
28574,0,23464
28577,0,23465
28580,0,23466
28637,40,23502
28639,40,23503
28641,0,23503
28651,19,23511
28653,0,23514
28656,40,23514
28657,45,23517
28661,11,23517
28665,11,23521
28668,65,23548
28671,0,23549
28674,0,23550
28675,0,23551
28684,0,23558
28693,0,23568
28696,0,23569
28705,0,23574
28706,28,23575
28711,9,23582
28715,0,23584
28721,0,23590
28727,12,23598
28730,0,23600
28731,31,23604
28732,11,23604
28733,66,23606
28737,0,23607
28741,32,23608
28745,30,23616
28748,0,23628
28760,0,23634
28764,0,23636
28767,0,23637
28770,0,23638
28776,32,23647
28784,0,23663
28785,65,23664
28788,0,23665
28789,13,23666
28792,65,23668
28801,0,23674
28809,14,23682
28810,13,23682
28819,0,23689
28820,23,23690
28824,0,23694
28825,19,23696
28831,0,23698
28834,0,23699
28841,14,23702
28854,0,23709
28856,28,23711
28857,28,23712
28858,0,23713
28861,45,23715
28863,0,23716
28878,0,23746
28882,0,23747
28886,0,23750
28891,47,23713
28892,0,23755
28895,0,23756
28898,27,23757
28902,0,23764
28908,30,23700
28910,30,23701
28919,0,23776
28922,0,23777
28926,0,23778
28933,13,23782
28937,0,23785
28940,31,23786
28945,0,23789
28953,0,23793
28960,0,23801
28963,0,23804
28968,0,23807
28970,25,23809
28972,45,23811
28983,0,23820
28986,0,23823
28991,0,23826
28994,0,23827
28997,0,23828
28998,25,23830
29006,0,23835
29009,0,23836
29015,0,23839
29017,66,23841
29018,36,23841
29019,49,23845
29020,47,23801
29021,6,23849
29050,0,23869
29056,0,23871
29057,0,23872
29061,0,23873
29062,65,23872
29065,0,23875
29066,28,23877
29067,28,23878
29079,0,23907
29086,0,23919
29088,0,23922
29091,0,23925
29093,0,23927
29100,47,23755
29107,0,23942
29108,30,23928
29112,13,23729
29115,12,23672
29116,12,23673
29117,45,23967
29119,32,23967
29128,0,23984
29129,31,23985
29130,11,23985
29131,25,23987
29135,21,23991
29137,21,23993
29141,8,23996
29148,49,23999
29149,0,24000
29158,0,24004
29165,40,24022
29171,0,24026
29182,40,24034
29185,40,24035
29190,0,24036
29193,0,24037
29195,29,24038
29202,0,24045
29204,0,24046
29206,40,24048
29208,0,24049
29212,23,24050
29217,40,24058
29219,8,24058
29220,0,24058
29221,40,24061
29224,0,24061
29225,40,24062
29228,0,24062
29229,0,24063
29241,19,24072
29247,0,24077
29253,36,24083
29257,45,24086
29260,0,24088
29267,40,24094
29272,0,24096
29275,0,24097
29276,0,24100
29279,8,24094
29283,0,24106
29287,0,24111
29290,40,24114
29293,50,24118
29297,0,24119
29299,50,24124
29300,26,24124
29301,50,24125
29302,11,24125
29303,50,24126
29304,11,24126
29305,50,24128
29307,50,24129
29309,0,24130
29312,50,24135
29316,0,24143
29321,0,24144
29322,25,24146
29325,6,24147
29327,31,24148
29329,31,24151
29332,31,24154
29337,45,24161
29339,66,24164
29341,66,24165
29343,66,24166
29344,36,24166
29345,66,24167
29346,36,24167
29349,0,24168
29350,38,24170
29354,0,24171
29360,0,24177
29373,8,24200
29375,40,24200
29377,45,24212
29380,11,24212
29383,0,24213
29386,0,24214
29389,0,24215
29390,0,24216
29395,65,24221
29397,13,23781
29398,13,23790
29399,13,23792
29401,12,23743
29402,46,24231
29403,9,24232
29404,0,24236
29406,0,24239
29410,11,24240
29412,50,24242
29413,26,24242
29414,50,24243
29415,26,24243
29416,50,24244
29417,26,24244
29442,0,24253
29456,0,24259
29458,22,24271
29459,30,24271
29461,0,24271
29464,0,24273
29465,0,24276
29468,0,24278
29471,21,24240
29473,30,24281
29481,0,24290
29482,36,24292
29487,0,24299
29491,0,24304
29492,0,24308
29501,30,24311
29504,0,24318
29506,65,24308
29509,0,24324
29515,0,24326
29518,0,24327
29521,0,24328
29524,0,24329
29526,40,24330
29527,0,24330
29530,0,24332
29531,0,24341
29537,47,24341
29538,23,24346
29540,40,24347
29545,0,24356
29557,0,24361
29571,35,24377
29578,0,24381
29579,28,24383
29581,0,24386
29593,0,24406
29594,0,24408
29602,0,24422
29605,0,24423
29608,0,24424
29611,0,24425
29614,0,24426
29617,0,24431
29621,0,24434
29623,0,24435
29628,0,24436
29632,40,24441
29633,0,24442
29636,0,24443
29643,25,24447
29647,0,24449
29654,0,24458
29655,0,24460
29658,46,24461
29667,9,24467
29669,0,24471
29680,26,24485
29684,0,24493
29690,0,24496
29691,38,24500
29695,0,24502
29697,40,24504
29702,0,24506
29704,40,24512
29706,40,24513
29712,40,24515
29715,0,24516
29718,0,24518
29721,0,24519
29724,0,24520
29736,0,24526
29743,46,24535
29757,65,24544
29760,0,24545
29763,0,24548
29766,0,24549
29767,65,24550
29768,0,24551
29778,8,24559
29782,8,24560
29785,0,24576
29790,0,24577
29864,0,24606
29867,21,24610
29869,30,24548
29873,8,24613
29874,8,24616
29877,45,24624
29879,0,24628
29882,32,24628
29883,0,24634
29895,11,24636
29897,0,24641
29916,40,24655
29926,30,24659
29930,11,24673
29939,0,24691
29943,30,24693
29953,30,24720
29966,0,24728
29969,0,24730
29972,0,24731
29976,0,24735
29979,0,24736
29980,50,24740
29981,26,24740
29982,50,24742
29984,0,24743
29987,37,24401
29990,30,24727
29994,0,24753
30009,0,24764
30013,0,24768
30019,32,24769
30020,47,24773
30024,0,24775
30027,11,24777
30030,66,24779
30031,26,24779
30032,30,24780
30037,0,24782
30046,0,24792
30049,0,24793
30052,0,24794
30053,66,24795
30066,0,24800
30068,0,24804
30079,49,24815
30081,0,24816
30086,0,24822
30087,66,24826
30091,0,24827
30094,0,24828
30096,39,24832
30098,0,24833
30116,0,24860
30122,38,24865
30126,0,24872
30128,40,24775
30129,0,24875
30134,30,24872
30138,23,24883
30141,11,24883
30142,0,24885
30146,0,24886
30153,4,24896
30163,0,24904
30167,30,24897
30168,0,24909
30173,40,24922
30175,40,24923
30178,40,24925
30183,0,24931
30184,0,24932
30191,66,24935
30195,0,24939
30206,45,24966
30208,0,24967
30216,0,24973
30219,0,24974
30222,0,24975
30225,0,24976
30231,65,24980
30239,0,24987
30243,19,24989
30249,0,24999
30250,30,25002
30251,11,25002
30260,0,25017
30275,49,25034
30277,45,25037
30286,0,25044
30290,0,25045
30297,0,25056
30308,65,25060
30310,65,25061
30311,25,25061
30312,65,25062
30314,11,25049
30317,11,25069
30322,49,25074
30324,0,25074
30326,11,25075
30328,69,25073
30331,0,25080
30335,12,25083
30338,0,25085
30339,66,25087
30340,54,25087
30344,19,25092
30346,39,25093
30350,0,25096
30356,0,25105
30359,0,25107
30362,66,25108
30371,36,25113
30377,26,25118
30382,11,25120
30389,0,25129
30399,36,25138
30402,40,25080
30403,0,25143
30408,0,25148
30417,12,23058
30427,23,25167
30429,11,25167
30433,12,25170
30434,0,25178
30438,0,25182
30439,66,25186
30440,36,25186
30442,0,25192
30446,0,25197
30451,49,25201
30456,40,25206
30458,0,25208
30463,66,25212
30464,8,25212
30465,28,25213
30474,0,25218
30477,0,25219
30480,0,25221
30481,49,25227
30482,11,25227
30487,31,25231
30488,11,25231
30490,49,25232
30491,49,25233
30492,49,25234
30493,0,25235
30495,11,25235
30497,45,25237
30498,49,25243
30499,49,25245
30502,0,25247
30505,4,25248
30511,0,25251
30516,11,25254
30527,0,25263
30543,0,25270
30546,0,25271
30564,50,25304
30575,12,25307
30576,0,25316
30581,0,25318
30584,4,25319
30586,23,25320
30589,11,25320
30596,0,25326
30597,11,25326
30601,8,25330
30603,0,25331
30608,66,25349
30633,13,25336
30634,11,25350
30638,28,25370
30641,0,25372
30645,66,25375
30646,35,25375
30649,0,25377
30650,0,25378
30652,49,25379
30655,49,25387
30656,0,25388
30663,8,25389
30686,0,25405
30687,0,25406
30690,0,25410
30696,8,25388
30697,0,25427
30702,8,25433
30706,49,25436
30708,0,25437
30710,0,25438
30712,21,25439
30714,0,25440
30716,0,25441
30718,0,25447
30721,0,25448
30728,0,25453
30735,11,25121
30736,11,25119
30737,0,25467
30744,0,25475
30750,13,25449
30752,11,25478
30753,6,25485
30761,0,25487
30765,0,25489
30768,36,25501
30772,0,25503
30775,0,25504
30776,0,25505
30780,0,25506
30786,0,25509
30788,0,25511
30793,0,25514
30797,66,25522
30802,45,25525
30805,11,25508
30808,66,25533
30811,0,25534
30814,0,25535
30817,0,25536
30829,12,25546
30830,0,25547
30835,67,25550
30845,0,25556
30847,0,25557
30855,13,25571
30856,0,25574
30859,0,25578
30862,0,25594
30865,0,25604
30873,0,25609
30897,0,25622
30912,0,25635
30922,0,25656
30926,65,25665
30927,0,25666
30935,0,25674
30936,4,25693
30950,49,25709
30953,0,25711
30956,0,25716
30959,0,25718
30963,0,25725
30966,0,25730
30972,0,25735
30973,0,25741
30975,40,25743
30979,65,25745
30980,26,25745
30981,0,25747
30990,0,25754
30999,0,25765
31001,0,25766
31003,0,25767
31034,0,25783
31036,49,25784
31037,12,25784
31038,0,25786
31059,12,25800
31061,0,25803
31065,0,25804
31067,0,25807
31072,0,25808
31075,0,25823
31076,0,25824
31079,66,25826
31080,36,25826
31081,66,25827
31083,31,25828
31091,0,25831
31096,11,25829
31097,11,25833
31099,69,25831
31121,13,25840
31126,0,25862
31129,0,25864
31136,0,25880
31138,50,25889
31140,8,25895
31142,0,25897
31144,69,25880
31151,0,25902
31155,0,25905
31157,40,25906
31160,8,25906
31164,11,25914
31170,49,25918
31173,49,25920
31175,0,25921
31186,0,25933
31190,11,25932
31195,0,25940
31207,13,25952
31213,50,25966
31215,0,25969
31218,11,25975
31220,50,25976
31221,26,25976
31222,11,25977
31224,50,25978
31225,30,25978
31226,0,25980
31231,46,25985
31235,0,25986
31237,0,25988
31241,0,25993
31244,21,26002
31247,11,26005
31249,49,26009
31252,8,26013
31255,0,26015
31258,0,26016
31259,0,26017
31261,0,26019
31269,0,26025
31272,0,26026
31277,49,26035
31278,26,26035
31280,49,26038
31282,0,26041
31284,0,26042
31288,66,26045
31289,21,26045
31291,0,26048
31294,0,26055
31303,0,26068
31305,0,26074
31308,0,26086
31312,11,26034
31313,11,26022
31316,0,26090
31317,0,26091
31319,0,26093
31322,0,26095
31324,0,26097
31328,0,26101
31332,11,26109
31335,8,26111
31337,0,26112
31340,0,26115
31344,0,26116
31357,0,26143
31375,11,26167
31380,0,26169
31383,11,26172
31386,40,26187
31391,13,26190
31393,35,26191
31398,0,26201
31401,0,26209
31405,0,26216
31410,0,26221
31412,0,26225
31415,4,26227
31416,0,26227
31417,0,26231
31424,0,26238
31427,0,26243
31429,4,26246
31430,0,26246
31432,0,26248
31437,0,26249
31438,8,26250
31441,0,26252
31444,0,26253
31446,0,26254
31448,0,26255
31458,8,26263
31466,11,26268
31470,0,26269
31473,0,26270
31476,0,26271
31482,40,26277
31483,0,26283
31487,0,26288
31490,0,26293
31493,30,25506
31494,0,26299
31498,0,26303
31505,0,26305
31506,0,26309
31508,0,26310
31511,11,26304
31512,4,26299
31514,2,26329
31516,8,26332
31518,0,26334
31523,12,26335
31526,8,26337
31528,8,26338
31529,0,26344
31531,0,26345
31535,4,26347
31536,0,26347
31539,0,26353
31541,11,26355
31542,0,26355
31543,0,26358
31545,50,26359
31546,23,26359
31548,0,26368
31555,0,26375
31556,0,26378
31559,49,26389
31560,41,26395
31563,0,26400
31566,0,26402
31570,0,26406
31574,0,26410
31576,0,26411
31579,0,26415
31583,0,26421
31585,30,26422
31587,0,26423
31593,0,26430
31596,0,26431
31598,11,26434
31605,0,26439
31606,64,26440
31607,64,26442
31609,4,26431
31610,52,26446
31615,0,26463
31621,0,26469
31623,0,26471
31627,0,26475
31629,49,26480
31631,0,26485
31636,50,26488
31639,0,26493
31643,12,26491
31644,49,26497
31650,0,26500
31654,0,26504
31658,25,26509
31659,8,26509
31672,0,26533
31674,0,26534
31676,0,26535
31678,0,26539
31686,0,26548
31692,0,26550
31694,50,26552
31695,26,26552
31696,50,26553
31708,0,26568
31709,0,26571
31714,50,26574
31716,0,26575
31718,0,26577
31719,28,26577
31721,0,26578
31723,13,26580
31728,0,26585
31731,0,26586
31735,0,26593
31736,0,26598
31740,11,26608
31746,11,26612
31752,0,26618
31758,0,26621
31764,11,26422
31765,65,26633
31766,12,26633
31772,65,26639
31778,0,26643
31779,4,26645
31782,0,26645
31783,0,26649
31786,0,26654
31814,65,26671
31829,0,26679
31832,8,26681
31838,0,26687
31841,0,26689
31844,0,26690
31847,0,26691
31850,0,26692
31853,0,26710
31856,0,26713
31860,0,26719
31863,0,26722
31865,0,26723
31868,49,26726
31869,0,26726
31870,13,26687
31872,0,26733
31874,0,26734
31876,0,26739
31881,0,26744
31883,0,26749
31885,0,26750
31890,8,26759
31893,8,26760
31895,13,26769
31897,0,26771
31905,0,26778
31907,6,26789
31910,19,26791
31912,0,26793
31915,8,26795
31920,0,26801
31929,0,26808
31933,0,26814
31938,28,26820
31939,8,26820
31943,0,26824
31952,0,26831
31953,46,26832
31956,31,26837
31958,11,26837
31959,4,26839
31962,13,26840
31969,0,26848
31972,0,26850
31974,0,26852
31977,0,26858
31979,0,26860
31981,0,26861
31983,0,26862
31988,0,26866
31991,0,26868
31994,12,26873
31997,0,26882
32004,0,26904
32005,0,26905
32008,0,26907
32015,30,26710
32018,0,26911
32020,0,26913
32022,0,26914
32024,66,26916
32026,46,26917
32027,0,26918
32029,0,26919
32033,0,26921
32037,0,26922
32040,0,26923
32043,0,26924
32046,0,26926
32049,0,26927
32050,66,26928
32056,66,26936
32066,0,26941
32069,0,26942
32072,0,26943
32074,30,26938
32075,30,26939
32078,0,26947
32079,0,26950
32081,0,26951
32084,50,26953
32086,65,26955
32090,0,26963
32092,0,26964
32094,0,26967
32102,0,26974
32112,0,26991
32115,0,26995
32117,0,26996
32125,0,27007
32129,8,26187
32130,0,27023
32132,11,26920
32134,14,27028
32139,0,27036
32142,40,27038
32145,40,27040
32148,0,27049
32151,50,27053
32158,12,27059
32163,12,27060
32165,0,27061
32167,20,27064
32169,0,27066
32171,0,27067
32174,0,27073
32176,0,27074
32182,0,27077
32187,13,27075
32188,0,27094
32192,0,27108
32193,3,27108
32194,30,27108
32197,0,27112
32205,8,27120
32209,11,27121
32212,0,27122
32215,69,26921
32219,22,27147
32227,0,27150
32232,0,27152
32240,0,27155
32260,0,27171
32265,40,27175
32274,0,27183
32288,0,27204
32293,0,27206
32296,0,27208
32300,13,27209
32304,0,27213
32305,0,27214
32307,21,27215
32309,11,27215
32312,0,27219
32316,0,27223
32319,0,27231
32325,0,27233
32327,0,27243
32329,0,27244
32331,0,27245
32339,22,27243
32347,0,27257
32355,51,27262
32385,65,24141
32386,11,27248
32389,12,27243
32390,0,27296
32392,0,27302
32398,0,27311
32399,65,27313
32403,29,27249
32410,69,26717
32411,36,27353
32412,8,27353
32415,0,27354
32420,64,27362
32421,64,27363
32423,0,27366
32425,8,27372
32427,0,27375
32429,50,27379
32430,26,27379
32431,0,27380
32435,6,27390
32441,8,27397
32442,0,27397
32445,0,27403
32450,65,27407
32452,30,27413
32454,30,27414
32459,69,27417
32460,0,27430
32464,0,27433
32467,0,27438
32469,0,27439
32471,11,27440
32473,29,27440
32475,0,27442
32477,0,27443
32480,49,27445
32482,0,27445
32487,0,27457
32491,0,27459
32493,0,27465
32499,65,27478
32506,40,27483
32511,0,27492
32513,0,27493
32515,19,27494
32517,0,27500
32521,12,27501
32525,11,27516
32529,0,27521
32532,8,27527
32538,0,27529
32541,0,27534
32542,35,27536
32544,0,27537
32546,0,27538
32556,69,27537
32557,69,27538
32562,0,27550
32563,0,27551
32569,0,27556
32571,50,27560
32576,0,27567
32578,0,27568
32591,0,27577
32593,12,27476
32597,0,27584
32603,0,27594
32605,0,27595
32610,0,27598
32611,0,27604
32615,65,27611
32617,40,27621
32620,40,27624
32623,8,27621
32624,0,27633
32626,21,27634
32629,0,27639
32637,41,27644
32641,13,27652
32644,0,27655
32648,0,27656
32651,0,27657
32654,0,27658
32658,45,27661
32661,30,27661
32662,11,27661
32665,65,27676
32666,30,27680
32669,30,27682
32674,11,27685
32677,0,27689
32681,30,27693
32699,32,27697
32700,0,27708
32702,0,27710
32704,0,27711
32706,0,27712
32708,0,27713
32710,11,27713
32711,11,27712
32712,11,27711
32716,11,27710
32717,12,27556
32722,0,27723
32726,0,27724
32727,11,27724
32728,0,27725
32731,0,27726
32735,0,27728
32738,0,27729
32739,6,27735
32743,0,27736
32746,0,27737
32750,0,27741
32752,46,27744
32756,0,27747
32757,11,27747
32761,0,27749
32762,11,27749
32763,11,27723
32766,12,27753
32777,0,27768
32778,56,27771
32781,11,26431
32782,4,26523
32788,49,27782
32792,11,27783
32793,20,27785
32798,0,27800
32800,23,27801
32803,30,27801
32805,0,27806
32809,0,27810
32810,11,27813
32811,23,27813
32812,8,27818
32814,0,27819
32817,0,27825
32821,0,27826
32823,0,27828
32825,0,27834
32827,9,27835
32829,35,27836
32834,14,27840
32836,12,27842
32838,65,27843
32839,36,27845
32842,0,27854
32844,0,27855
32848,8,27856
32850,0,27859
32856,0,27868
32857,22,27875
32860,0,27875
32861,0,27877
32864,0,27883
32868,8,27889
32869,9,27893
32873,0,27895
32876,0,27899
32877,0,27902
32879,0,27903
32883,0,27904
32886,0,27914
32888,0,27921
32890,40,27922
32891,40,27925
32894,0,27937
32898,12,27942
32899,44,27943
32901,0,27943
32902,0,27948
32904,0,27950
32911,0,27962
32912,0,27963
32918,0,27971
32921,8,27970
32924,0,27972
32925,19,27976
32927,51,27978
32929,12,27981
32932,65,27985
32933,16,27985
32934,0,27987
32939,0,27997
32946,0,28007
32949,0,28015
32953,0,28019
32961,13,28029
32965,0,28032
32966,22,28033
32969,0,28033
32972,0,28038
32975,0,28041
32978,0,28044
32981,0,28045
32983,0,28063
32994,0,28076
32996,65,28084
32999,0,28086
33000,0,28087
33025,0,28108
33039,0,28128
33040,30,28136
33042,11,28136
33043,30,28137
33045,11,28137
33046,0,28141
33049,0,28146
33053,0,28147
33066,0,28168
33070,0,28169
33075,0,28172
33078,0,28174
33081,0,28175
33082,44,28178
33084,0,28178
33090,0,28187
33113,11,28211
33116,11,28214
33122,11,28217
33123,0,28218
33133,11,28221
33138,0,28225
33146,49,28237
33147,20,28239
33149,13,28226
33151,40,28243
33153,8,28243
33164,66,28254
33167,20,28260
33169,64,28266
33170,11,28266
33171,30,28267
33174,11,28269
33178,66,28272
33183,0,28276
33189,0,28281
33192,0,28282
33193,0,28287
33196,0,28288
33200,0,28291
33203,49,28298
33205,39,28316
33207,8,28316
33208,0,28320
33210,26,28324
33212,0,28330
33214,38,28331
33217,0,28332
33218,3,28332
33219,40,28333
33233,0,28343
33249,0,28365
33253,0,28374
33257,0,28381
33259,0,28382
33265,12,28384
33266,39,28386
33268,8,28386
33272,12,28375
33274,0,28390
33276,9,28391
33278,0,28397
33283,65,27583
33284,0,28417
33289,0,28426
33292,0,28432
33295,25,28436
33297,0,28437
33299,0,28438
33300,3,28438
33303,28,28440
33305,0,28444
33316,0,28455
33318,0,28463
33322,0,28469
33327,0,28479
33335,0,28490
33338,65,28493
33339,22,28493
33342,0,28503
33345,0,28506
33348,0,28508
33359,0,28528
33362,0,28529
33366,0,28536
33372,30,28541
33373,11,28541
33378,0,28543
33379,0,28545
33381,11,28508
33384,0,28553
33391,0,28559
33394,0,28561
33398,0,28565
33400,9,28574
33403,11,28558
33408,0,28585
33409,0,28593
33412,6,28595
33415,0,28602
33419,0,28607
33421,0,28610
33423,0,28611
33425,65,28613
33433,8,28627
33434,40,28627
33438,8,28631
33442,66,28635
33446,0,28636
33454,40,28642
33455,0,28642
33465,66,28646
33473,66,28650
33474,11,28650
33475,66,28651
33479,0,28662
33480,0,28669
33485,0,28673
33490,0,28678
33493,0,28679
33496,8,28680
33497,0,28692
33502,0,28694
33504,0,28695
33510,30,28696
33511,21,28700
33516,0,28711
33526,0,28728
33533,37,28739
33534,0,28739
33535,11,28673
33539,23,28719
33540,0,28758
33543,0,28760
33545,0,28761
33547,0,28763
33549,0,28764
33573,41,28791
33586,0,28802
33587,44,28805
33589,0,28805
33592,4,28810
33595,0,28810
33596,4,28811
33599,0,28811
33603,0,28813
33606,0,28814
33608,0,28815
33614,8,28813
33615,0,28825
33622,0,28835
33624,0,28859
33627,36,28866
33628,8,28866
33632,0,28867
33633,65,28868
33635,0,28873
33637,0,28876
33640,13,28776
33641,0,28880
33650,0,28890
33658,0,28913
33695,0,28933
33699,65,28938
33700,65,28939
33701,16,28939
33704,8,28941
33706,0,28943
33712,8,28950
33716,0,28961
33718,0,28962
33723,0,28969
33726,0,28970
33736,0,28980
33740,24,28991
33745,0,28994
33746,0,28996
33749,44,28998
33751,0,28998
33757,0,29003
33763,0,29008
33782,0,29016
33788,0,29018
33805,28,29027
33808,11,29016
33811,0,29040
33812,9,29041
33813,0,29044
33816,0,29069
33818,0,29071
33820,0,29072
33829,4,29086
33832,0,29086
33833,4,29088
33836,0,29088
33841,0,29100
33845,0,29102
33846,3,29102
33850,8,29104
33860,0,29111
33863,8,29119
33865,0,29120
33870,0,29126
33874,0,29134
33879,0,29144
33883,13,29146
33886,0,29147
33887,0,29148
33890,30,29148
33894,0,29150
33897,0,29154
33908,0,29178
33933,0,29196
33936,0,29197
33938,65,29199
33940,22,29200
33943,0,29200
33946,0,29208
33948,0,29209
33952,0,29214
33957,40,27172
33959,40,28331
33961,0,29237
33966,0,29240
33974,0,29248
33976,12,29187
33977,45,29253
33980,0,29264
33981,0,29265
33983,8,29266
33988,0,29274
33991,0,29279
33993,0,29280
33996,69,29281
34001,0,29292
34002,0,29295
34007,0,29300
34009,0,29304
34020,0,29316
34022,0,29317
34024,0,29322
34032,0,29325
34034,0,29331
34038,0,29332
34039,0,29340
34041,0,29341
34043,0,29342
34052,69,29342
34054,22,29361
34057,0,29361
34062,13,29363
34064,11,29311
34065,0,29370
34068,0,29374
34072,0,29377
34079,0,29385
34080,0,29388
34084,47,29370
34090,0,29398
34092,11,29399
34093,8,29399
34094,12,29399
34098,12,29402
34099,65,29406
34100,0,29411
34103,29,29412
34106,8,29415
34107,0,29420
34111,0,29424
34116,30,29426
34117,11,29426
34118,11,29427
34120,0,29429
34123,0,29431
34129,8,29442
34134,8,29445
34137,64,29447
34138,0,29448
34140,64,29449
34141,64,29452
34147,49,29459
34154,49,29467
34155,32,29467
34156,45,29470
34157,0,29471
34162,0,29472
34166,49,29475
34169,65,29482
34179,22,29488
34182,0,29488
34183,0,29490
34188,19,29492
34190,0,29495
34192,11,29496
34194,0,29499
34199,0,29501
34201,0,29502
34203,0,29503
34207,0,29504
34208,0,29505
34211,11,29507
34212,12,29472
34214,8,29500
34221,0,29524
34227,0,29545
34230,0,29546
34241,41,29559
34243,11,29558
34246,8,29566
34250,11,29491
34255,11,29577
34258,13,28169
34266,8,29596
34268,8,29598
34274,28,29608
34278,0,29611
34281,0,29612
34284,0,29613
34287,0,29614
34292,0,29628
34295,0,29629
34298,0,29631
34305,0,29638
34310,69,29635
34312,0,29645
34314,49,29648
34315,23,29648
34317,66,29650
34318,0,29653
34322,49,29655
34324,0,29661
34329,0,29664
34330,30,29667
34331,11,29667
34332,0,29674
34334,0,29682
34336,49,29683
34342,66,29689
34344,23,29690
34355,0,29702
34366,0,29711
34369,0,29713
34372,0,29716
34376,0,29735
34378,66,29737
34379,0,29739
34386,0,29752
34399,0,29759
34401,0,29766
34403,0,29767
34407,0,29770
34408,36,29771
34410,49,29779
34414,0,29781
34415,0,29782
34419,0,29783
34425,0,29787
34428,0,29788
34431,12,29789
34434,0,29790
34435,14,29316
34441,0,29795
34455,0,29810
34457,11,29798
34460,11,29814
34464,11,29815
34468,49,29830
34469,11,29831
34471,0,29832
34474,0,29834
34476,0,29835
34478,0,29836
34486,30,29845
34487,11,29845
34494,0,29855
34495,0,29866
34509,0,29880
34513,4,29881
34518,0,29885
34522,65,29888
34526,26,29890
34529,0,29891
34535,9,29898
34541,0,29903
34562,0,29916
34567,11,29920
34570,0,29921
34571,40,29922
34573,0,29923
34578,14,28961
34580,40,29943
34582,0,29944
34584,0,29945
34587,30,29946
34588,11,29946
34592,0,29949
34594,0,29953
34598,13,29957
34599,0,29958
34601,0,29960
34605,30,29967
34606,11,29967
34610,0,29971
34612,0,29972
34617,0,29974
34620,0,29975
34624,8,29980
34629,69,29972
34632,0,29984
34633,0,29988
34639,0,29994
34642,0,30001
34644,0,30002
34649,0,30009
34655,0,30023
34658,0,30027
34661,0,30028
34663,25,30029
34669,11,30034
34671,0,30034
34674,8,30036
34677,8,30037
34683,8,30039
34684,0,30042
34686,21,30043
34688,0,30044
34690,9,30045
34699,0,30063
34702,0,30067
34704,40,30069
34708,0,30070
34710,0,30075
34712,0,30077
34716,40,30081
34724,0,30088
34727,8,30091
34730,0,30094
34731,0,30095
34736,0,30096
34737,9,30126
34744,4,30130
34749,8,30131
34753,8,30132
34754,0,30133
34758,49,30134
34759,41,30135
34761,11,30136
34766,0,30143
34768,0,30144
34770,0,30149
34772,6,30152
34778,0,30159
34779,9,30163
34783,0,30167
34791,0,30183
34795,0,30186
34798,0,30198
34800,12,30184
34801,11,30201
34804,0,30201
34805,11,30163
34807,0,30207
34813,0,30216
34818,11,30215
34819,11,30223
34824,65,30227
34828,13,30223
34834,0,30241
34837,0,30250
34843,0,30253
34847,9,30264
34849,13,30264
34852,0,30266
34855,0,30267
34858,0,30268
34861,0,30269
34863,39,30272
34864,8,30272
34867,8,30276
34876,49,30280
34886,12,30294
34887,22,30297
34890,0,30297
34895,0,30317
34897,69,30317
34898,9,30325
34899,0,30327
34904,0,30330
34907,12,30232
34918,30,30343
34919,6,30354
34921,0,30356
34925,0,30357
34928,0,30360
34930,0,30362
34932,0,30363
34936,49,30365
34944,0,30372
34946,0,30376
34949,20,30377
34956,0,30379
34959,40,30383
34962,0,30384
34964,0,30385
34966,40,30386
34969,40,30387
34972,0,30388
34974,40,30391
34980,0,30395
34983,0,30396
34985,11,30396
34989,21,26284
34992,0,30415
34993,65,30416
35033,39,30446
35037,30,30447
35039,11,30447
35042,0,30464
35045,0,30465
35046,22,30466
35050,29,30469
35052,29,30470
35057,0,30473
35062,0,30478
35065,29,30481
35068,0,30481
35071,0,30482
35074,0,30484
35082,0,30488
35085,0,30492
35086,0,30493
35089,0,30495
35091,0,30496
35096,0,30517
35100,0,30521
35101,0,30522
35116,0,30540
35121,8,30543
35124,0,30547
35127,8,30548
35128,65,30554
35130,0,30562
35135,50,30567
35137,50,30568
35140,0,30572
35148,12,30574
35149,12,30573
35153,0,30583
35154,66,30585
35155,4,30585
35156,66,30586
35157,4,30586
35163,0,30595
35167,0,30598
35171,0,30608
35174,0,30610
35175,0,30612
35181,0,30622
35182,0,30628
35187,0,30635
35191,9,30643
35197,0,30648
35202,0,30657
35225,0,30667
35235,0,30670
35237,0,30674
35241,12,30675
35243,0,30683
35245,0,30684
35262,22,30700
35265,0,30700
35266,30,30701
35268,11,30701
35273,0,30705
35274,25,30706
35276,0,30707
35280,0,30708
35281,44,30709
35283,0,30709
35286,0,30711
35289,0,30713
35297,30,30717
35298,46,30719
35300,49,30721
35303,22,30728
35306,0,30728
35307,49,30730
35312,0,30733
35314,69,30733
35315,8,30741
35316,41,30741
35318,0,30742
35326,37,30746
35334,11,30756
35335,8,30756
35351,22,30767
35356,0,30769
35357,8,30773
35366,0,30778
35368,0,30780
35370,0,30781
35372,30,30783
35373,11,30783
35377,29,30789
35382,45,30792
35385,30,30794
35387,11,30794
35388,0,30800
35406,0,30820
35407,12,30821
35409,11,30816
35410,12,30724
35413,0,30825
35416,30,30829
35417,32,30829
35418,0,30832
35421,0,30834
35426,11,30836
35429,2,30821
35433,4,30842
35436,11,30843
35438,0,30845
35440,0,30848
35445,0,30850
35447,0,30852
35449,0,30853
35452,0,30854
35455,0,30856
35457,0,30858
35467,0,30878
35468,0,30879
35471,0,30881
35477,0,30885
35479,0,30887
35485,0,30898
35490,0,30907
35505,30,30928
35506,30,30929
35508,0,30950
35511,0,30964
35514,0,30966
35518,0,30968
35521,69,30950
35524,0,30973
35530,0,30981
35536,8,30983
35541,8,30986
35542,44,31007
35544,0,31007
35554,0,31023
35556,0,31024
35561,11,31033
35565,0,31040
35569,65,31047
35572,0,31056
35575,65,31058
35576,21,31058
35577,65,31059
35580,0,31066
35582,0,31068
35593,66,31079
35594,4,31079
35596,0,31094
35599,0,31104
35601,0,31106
35607,0,31122
35611,0,31124
35613,0,31131
35616,0,31132
35619,0,31133
35622,25,31138
35624,0,31139
35629,0,31143
35633,0,31160
35635,0,31164
35639,0,31173
35641,0,31176
35649,0,31186
35652,11,31188
35653,0,31196
35657,0,31197
35660,0,31198
35663,0,31201
35664,0,31203
35669,0,31205
35673,0,31207
35676,0,31209
35679,0,31210
35682,0,31211
35683,9,31218
35687,0,31219
35688,0,31220
35694,22,31225
35697,0,31225
35700,0,31226
35703,0,31228
35706,0,31229
35709,0,31230
35712,0,31231
35715,0,31232
35718,0,31233
35721,0,31234
35724,0,31235
35727,0,31236
35730,0,31237
35733,0,31238
35736,0,31239
35739,0,31240
35742,0,31241
35745,0,31242
35746,0,31246
35750,22,31253
35753,0,31253
35754,0,31259
35759,14,31068
35764,66,31273
35768,0,31274
35770,65,31278
35777,8,31282
35779,0,31283
35784,0,31284
35785,40,31287
35787,0,31288
35789,0,31289
35794,0,31303
35795,0,31304
35800,0,31310
35801,4,31314
35804,0,31314
35807,69,31271
35811,0,31320
35819,0,31325
35820,40,31326
35825,40,31333
35828,0,31333
35830,0,31337
35834,40,31334
35836,65,31343
35837,22,31347
35849,0,31375
35850,40,31377
35853,40,31378
35856,40,31379
35859,40,31380
35869,0,31386
35870,65,31389
35871,65,31390
35873,0,31394
35878,0,31402
35881,0,31403
35883,0,31413
35885,0,31414
35889,0,31419
35891,0,31428
35894,0,31430
35897,28,31433
35899,40,31435
35902,13,31436
35904,40,31438
35907,22,31441
35910,0,31441
35913,0,31444
35915,40,31450
35918,0,31452
35924,0,31454
35928,0,31461
35932,52,31473
35934,0,31475
35936,22,31477
35939,0,31477
35943,0,31486
35944,0,31489
35947,22,31495
35950,0,31495
35951,0,31500
35954,0,31501
35956,0,31502
35958,0,31503
35964,13,31504
35970,0,31512
35973,0,31513
35976,0,31514
35979,0,31515
35980,0,31516
35983,40,31023
35985,0,31520
35988,11,31523
35992,22,31537
35995,11,31540
36000,35,31547
36007,40,31556
36010,40,31558
36013,0,31559
36016,11,31555
36017,30,31555
36018,40,31562
36022,40,31567
36025,66,31572
36026,36,31572
36027,66,31573
36029,66,31574
36033,0,31577
36034,36,31578
36040,12,31583
36047,12,31588
36050,0,31590
36053,65,31594
36054,26,31594
36058,0,31602
36059,0,31603
36062,8,31520
36063,11,31603
36066,0,31609
36067,0,31611
36087,0,31625
36088,0,31630
36091,0,31633
36094,8,31637
36095,0,31641
36098,0,31642
36101,0,31643
36106,0,31649
36109,0,31651
36110,65,24067
36112,0,31653
36118,0,31654
36119,65,31655
36122,0,31656
36125,0,31657
36130,0,31661
36136,0,31665
36139,0,31666
36152,44,31669
36154,0,31669
36155,0,31671
36159,0,31673
36161,0,31677
36163,8,31678
36167,0,31679
36169,0,31685
36174,0,31690
36176,0,31691
36181,0,31708
36185,0,31710
36188,5,31711
36211,30,31728
36212,11,31728
36213,4,31729
36215,0,31734
36216,11,31734
36223,0,31737
36224,0,31740
36227,11,31742
36230,0,31744
36247,0,31751
36253,11,31613
36255,30,31750
36256,13,31660
36263,0,31768
36266,0,31769
36270,12,31777
36277,40,31791
36279,40,31793
36290,0,31814
36294,41,31817
36296,0,31820
36298,0,31823
36300,66,31824
36301,9,31824
36304,9,31830
36306,13,31830
36307,41,31831
36309,45,31832
36314,0,31833
36317,0,31835
36318,0,31837
36327,65,31842
36328,26,31842
36329,11,31838
36330,32,31839
36332,65,31845
36335,65,31846
36339,0,31851
36342,0,31853
36343,0,31854
36348,0,31871
36354,11,31887
36359,0,31896
36360,0,31900
36363,0,31902
36365,19,31904
36369,30,31902
36372,39,31916
36377,0,31917
36378,0,31918
36380,0,31921
36383,69,31918
36384,0,31923
36386,0,31925
36389,0,31926
36391,0,31927
36394,0,31928
36396,0,31929
36405,0,31933
36411,8,31942
36416,0,31943
36417,30,31944
36419,0,31945
36421,28,27438
36422,0,31952
36424,32,31931
36425,44,31956
36427,0,31956
36429,69,31952
36431,13,31959
36435,0,31975
36438,0,31976
36441,0,31977
36447,0,31988
36448,0,31990
36452,0,31996
36462,0,32011
36467,0,32020
36468,0,32021
36470,0,32022
36473,40,32029
36475,0,32033
36478,0,32040
36483,0,32047
36486,0,32049
36492,0,32053
36499,0,32061
36500,8,32062
36502,0,32069
36506,50,32075
36508,23,32078
36511,0,32082
36518,0,32089
36521,0,32092
36523,0,32093
36526,0,32094
36531,13,32097
36533,0,32101
36536,0,32102
36539,0,32108
36541,0,32109
36548,0,32113
36552,0,32121
36567,0,32126
36576,0,32130
36577,50,32133
36580,0,32138
36583,0,32144
36586,0,32146
36589,0,32147
36594,0,32158
36597,0,32160
36602,0,32165
36605,0,32166
36607,40,32169
36610,8,32169
36611,0,32170
36627,40,32176
36631,41,32186
36649,8,32189
36650,0,32212
36651,3,32212
36653,11,32085
36654,0,32216
36678,0,32232
36680,40,32234
36686,0,32236
36687,0,32241
36691,0,32247
36695,11,32250
36711,0,32261
36714,0,32262
36718,65,32264
36719,26,32264
36724,0,32270
36726,0,32272
36731,44,32276
36733,0,32276
36734,0,32277
36736,0,32278
36740,40,32279
36745,40,32274
36746,0,32285
36749,0,32286
36753,0,32287
36754,32,32265
36755,49,32298
36757,0,32299
36762,0,32303
36764,0,32304
36769,0,32308
36778,0,32316
36782,11,32317
36786,11,32318
36789,0,32333
36792,8,32305
36794,30,32336
36795,11,32336
36796,0,32337
36801,13,32342
36804,13,32343
36807,13,32344
36810,13,32345
36813,13,32346
36816,13,32347
36819,13,32349
36822,13,32350
36825,0,32351
36828,13,32352
36831,0,32353
36834,13,32354
36837,0,32365
36838,22,32368
36843,0,32371
36853,0,32377
36856,0,32391
36859,0,32399
36862,49,32407
36866,0,32411
36871,49,32414
36873,65,32415
36876,65,32417
36879,65,32418
36882,0,32419
36884,49,32423
36885,40,32424
36891,8,32428
36892,0,32430
36895,66,32433
36897,11,32436
36899,11,32446
36901,30,32446
36905,0,32449
36907,0,32450
36910,0,32451
36915,13,32456
36924,8,32373
36925,8,32374
36926,29,32457
36928,30,32465
36932,8,32375
36947,0,32501
36961,0,32513
36963,65,32518
36966,0,32521
36969,9,32524
36971,9,32526
36976,13,32532
36986,13,32543
36987,9,32544
36989,9,32545
36995,4,32549
36999,0,32550
37000,0,32553
37005,0,32554
37012,0,32559
37014,0,32560
37041,30,32563
37045,30,32564
37046,30,32565
37047,30,32566
37051,30,32567
37052,30,32568
37053,30,32572
37054,30,32576
37077,30,32581
37078,30,32582
37082,30,32583
37083,30,32584
37084,30,32585
37085,8,32550
37086,30,32587
37087,11,32586
37091,30,32591
37092,30,32598
37096,30,32569
37097,11,32601
37101,29,32542
37102,11,32557
37105,0,32607
37106,30,32604
37110,30,32610
37120,8,32628
37122,0,32628
37125,8,32629
37127,0,32629
37129,0,32632
37135,13,32636
37137,11,32624
37140,0,32641
37141,0,32642
37143,0,32643
37147,0,32645
37154,0,32655
37157,0,32656
37161,0,32658
37166,0,32668
37169,0,32671
37175,0,32675
37176,49,32681
37179,0,32682
37184,0,32685
37187,0,32687
37189,49,32693
37190,0,32696
37201,0,32703
37209,0,32718
37212,19,32719
37217,0,32721
37244,50,32732
37259,45,32741
37261,11,32741
37262,19,32749
37264,40,32750
37266,40,32752
37270,0,32753
37271,0,32755
37274,40,32776
37277,0,32784
37282,0,32785
37284,0,32792
37289,0,32794
37290,40,32795
37292,8,32798
37295,0,32800
37298,0,32807
37304,0,32820
37306,0,32822
37310,0,32823
37311,22,32824
37321,46,32840
37323,49,32841
37325,0,32841
37327,49,32843
37329,0,32843
37331,49,32844
37333,0,32844
37343,0,32855
37348,0,32861
37352,0,32871
37354,0,32874
37358,36,32887
37360,8,32887
37362,0,32890
37365,0,32893
37373,0,32900
37376,14,27439
37379,0,32907
37386,0,32918
37389,0,32919
37392,0,32920
37407,8,32752
37409,8,32750
37410,8,32776
37415,8,32930
37416,0,32944
37421,13,32945
37425,0,32950
37428,0,32951
37431,0,32953
37443,29,32956
37444,32,32955
37448,29,32958
37449,29,32961
37453,0,32964
37464,32,32968
37467,0,32972
37468,41,32980
37475,0,32984
37478,0,32989
37481,0,32990
37482,12,32993
37486,13,32994
37487,0,32995
37494,0,33012
37502,8,33007
37503,29,33014
37507,11,33017
37508,46,33022
37511,0,33025
37513,0,33033
37517,0,33037
37523,0,33042
37527,8,33046
37528,12,32990
37534,45,33054
37537,0,33059
37546,0,33072
37549,11,27942
37551,0,33091
37559,12,33061
37560,32,33062
37561,29,33093
37562,29,33095
37564,0,33117
37566,11,33120
37569,0,33121
37571,67,33120
37578,11,33127
37579,0,33131
37586,8,33142
37587,0,33145
37592,11,33146
37605,8,33157
37614,0,33164
37615,0,33168
37621,0,33175
37625,0,33176
37626,29,33161
37627,29,33149
37628,29,33150
37629,29,33151
37630,0,33185
37633,0,33187
37638,36,33190
37639,8,33190
37642,40,33191
37644,0,33192
37647,0,33193
37653,0,33195
37657,0,33200
37665,29,33201
37666,29,33202
37667,0,33206
37676,8,33215
37680,0,33222
37686,0,33226
37689,22,33227
37692,0,33227
37695,0,33228
37696,0,33229
37703,8,33244
37705,12,33244
37707,0,33249
37712,0,33256
37714,0,33257
37717,0,33258
37722,29,33225
37729,45,33268
37731,11,33268
37732,0,33275
37734,40,22276
37745,0,33284
37749,0,33286
37752,65,33289
37757,0,33290
37758,65,33292
37761,65,33294
37764,0,33299
37768,0,33303
37772,0,33306
37775,0,33310
37779,0,33312
37782,0,33319
37786,0,33325
37791,0,33330
37792,0,33335
37796,0,33339
37800,0,33342
37801,0,33343
37804,36,33347
37805,0,33348
37808,0,33355
37819,0,33362
37823,0,33365
37825,0,33366
37829,0,33373
37831,0,33376
37834,49,33378
37836,0,33383
37838,0,33384
37841,0,33385
37850,65,21409
37858,0,33402
37861,0,33405
37863,0,33407
37868,11,33356
37869,0,33414
37877,40,33419
37883,0,33436
37886,30,33438
37887,11,33438
37888,0,33440
37893,0,33450
37898,12,33457
37899,0,33460
37909,50,33465
37915,0,33468
37916,40,33472
37923,0,33486
37929,11,33488
37931,0,33488
37937,0,33499
37943,0,33503
37944,0,33506
37947,0,33507
37949,0,33508
37951,19,33510
37958,39,33515
37973,37,33528
37974,0,33528
37977,0,33530
37978,19,33534
37981,37,33536
37982,0,33536
37989,0,33546
37995,0,33557
37997,0,33558
38001,8,33561
38002,0,33563
38005,0,33564
38008,0,33566
38010,0,33567
38013,29,33554
38014,0,33571
38016,0,33573
38018,0,33574
38020,0,33575
38023,0,33576
38026,0,33577
38029,0,33578
38031,0,33579
38033,0,33580
38036,0,33581
38039,0,33584
38044,0,33586
38046,0,33587
38052,0,33590
38058,40,33598
38060,40,33599
38066,0,33600
38075,0,33613
38079,0,33616
38083,0,33617
38089,39,33628
38090,0,33629
38092,32,33607
38093,0,33634
38100,39,33641
38101,0,33643
38111,28,33654
38117,0,33656
38120,22,33660
38123,0,33660
38125,0,33663
38129,0,33664
38132,69,33668
38138,0,33678
38139,0,33681
38141,0,33683
38144,0,33688
38151,0,33697
38154,0,33698
38161,0,33704
38162,0,33709
38167,39,33713
38168,0,33722
38171,0,33723
38181,0,33753
38184,0,33767
38201,0,33787
38204,0,33789
38205,11,33791
38208,32,33791
38211,0,33794
38212,0,33796
38215,0,33801
38232,0,33818
38236,0,33821
38237,22,33822
38240,8,33810
38241,13,33815
38245,0,33827
38249,0,33831
38255,0,33836
38256,26,33837
38257,0,33843
38259,22,33845
38262,0,33845
38270,0,33856
38271,0,33858
38277,0,33863
38280,0,33868
38283,46,33870
38287,0,33877
38292,0,33878
38293,23,33880
38296,11,33880
38297,0,33881
38301,23,33884
38303,11,33884
38305,0,33885
38311,0,33903
38313,0,33911
38318,0,33918
38325,0,33921
38328,0,33922
38331,12,33919
38336,0,33929
38338,28,33932
38339,0,33934
38342,0,33935
38345,65,33936
38346,21,33936
38348,12,33942
38354,14,33954
38355,13,33954
38366,22,33961
38370,52,33975
38378,0,33979
38381,0,33982
38401,0,33992
38403,0,33993
38412,35,34004
38416,0,34005
38419,0,34007
38422,0,34008
38423,0,34009
38428,0,34014
38429,0,34017
38433,0,34020
38439,0,34026
38442,0,34030
38444,0,34033
38447,23,34036
38449,11,34036
38450,0,34039
38452,0,34040
38454,36,34041
38457,14,34046
38460,13,34046
38463,0,34047
38466,46,34051
38469,13,34022
38471,0,34057
38473,0,34058
38477,0,34063
38484,11,34065
38489,30,34072
38493,66,34079
38494,11,34078
38495,4,34084
38498,23,34085
38500,11,34085
38503,0,34092
38505,0,34093
38507,0,34094
38517,0,34105
38523,24,34092
38525,11,34113
38527,44,34114
38529,0,34114
38543,0,34120
38545,30,34118
38552,0,34142
38569,12,34156
38570,0,34159
38578,0,34167
38582,49,34170
38591,0,34174
38593,0,34175
38598,0,34176
38602,0,34181
38616,13,34183
38617,13,34186
38621,0,34195
38624,0,34199
38627,0,34200
38629,0,34206
38640,13,34225
38643,13,34228
38645,29,34212
38650,13,34234
38651,26,34235
38652,65,34235
38655,13,34236
38659,13,34237
38661,35,34238
38663,0,34240
38667,0,34247
38670,0,34251
38672,39,34252
38688,26,34273
38691,14,34279
38694,13,34279
38697,0,34280
38708,39,34289
38713,0,34293
38719,30,34292
38721,0,34297
38725,65,34301
38731,11,34302
38736,11,34313
38737,0,34319
38742,35,34327
38746,0,34329
38751,0,34333
38754,0,34335
38761,8,34340
38764,11,34342
38788,8,34356
38789,0,34365
38792,0,34369
38795,0,34372
38798,0,34380
38800,40,34386
38806,8,34392
38813,8,34398
38816,0,34404
38820,0,34405
38823,0,34416
38826,0,34419
38828,0,34420
38843,0,34436
38844,8,34437
38846,0,34438
38847,3,34438
38854,0,34447
38856,0,34449
38859,0,34450
38864,2,34461
38865,13,34463
38867,13,34465
38871,0,34476
38875,49,34491
38877,0,34491
38878,13,34503
38881,50,34516
38883,13,34517
38888,0,34521
38892,13,34536
38896,35,34542
38904,29,34539
38905,13,34545
38909,0,34549
38914,0,34552
38923,0,34559
38924,0,34561
38927,0,34562
38929,25,34565
38934,35,34570
38936,0,34571
38941,0,34575
38944,0,34577
38947,0,34579
38948,36,34586
38949,29,34588
38952,29,34589
38956,0,34591
38961,0,34593
38963,0,34606
38967,20,34621
38969,20,34623
38977,39,34630
38990,40,26504
38992,0,34641
38997,0,34642
38998,0,34643
39001,0,34644
39003,0,34645
39009,0,34654
39018,0,34663
39020,0,34667
39023,0,34676
39049,0,34700
39058,0,34703
39064,0,34705
39067,0,34706
39076,0,34712
39080,0,34714
39085,0,34719
39088,28,34738
39089,8,34738
39092,49,34744
39094,22,34695
39097,0,34751
39101,0,34752
39115,39,34765
39120,49,34771
39124,0,34776
39127,0,34778
39132,0,34781
39133,6,34785
39135,5,34785
39139,0,34787
39140,30,34788
39142,0,34792
39145,0,34793
39148,0,34798
39153,12,34801
39162,0,34807
39173,0,34813
39205,0,34837
39210,0,34847
39213,0,34850
39216,0,34853
39220,0,34856
39225,0,34862
39227,0,34865
39229,28,34867
39234,0,34868
39235,0,34869
39237,6,34880
39241,0,34883
39243,0,34886
39245,0,34889
39252,0,34898
39255,0,34899
39260,0,34906
39264,0,34916
39269,0,34922
39273,8,34927
39279,0,34935
39281,0,34943
39284,0,34946
39287,0,34947
39295,11,34957
39296,0,34957
39297,0,34958
39300,0,34960
39302,0,34961
39305,11,34969
39312,0,34990
39318,0,34993
39321,0,34997
39323,0,34998
39325,0,35000
39328,0,35001
39342,0,35023
39350,0,35027
39353,0,35028
39356,0,35031
39357,8,35032
39360,39,35033
39362,8,35033
39364,0,35035
39367,0,35038
39370,0,35041
39375,0,35044
39378,0,35045
39381,0,35047
39382,11,35025
39385,0,35050
39388,0,35052
39391,0,35053
39394,0,35054
39397,0,35055
39398,0,35057
39400,0,35059
39406,0,35062
39410,0,35066
39416,0,35076
39421,0,35087
39424,0,35093
39426,0,35098
39427,3,35098
39430,0,35102
39432,0,35106
39437,0,35111
39440,11,35115
39442,0,35119
39445,0,35120
39448,0,35121
39450,0,35122
39454,8,35131
39457,0,35133
39459,8,35136
39462,0,35137
39467,39,35145
39469,0,35149
39474,0,35154
39477,0,35156
39479,0,35161
39482,0,35163
39490,0,35183
39501,0,35192
39505,0,35197
39507,49,35198
39508,0,35199
39510,0,35200
39512,0,35201
39515,0,35206
39518,0,35208
39523,0,35210
39524,0,35211
39529,0,35212
39530,0,35213
39536,0,35216
39538,9,35220
39539,0,35222
39541,0,35223
39544,0,35225
39559,52,35232
39563,0,35233
39564,65,35234
39573,0,35250
39582,29,35256
39590,0,35268
39593,35,35271
39596,41,35275
39599,41,35276
39602,0,35278
39607,0,35279
39610,45,35279
39611,11,35279
39614,0,35284
39615,0,35287
39619,0,35290
39621,36,35293
39622,0,35299
39625,35,35300
39629,0,35307
39632,0,35309
39635,0,35310
39645,30,35323
39646,11,35323
39647,0,35324
39653,35,35327
39657,0,35331
39664,0,35336
39666,0,35339
39669,11,35343
39672,0,35348
39675,0,35354
39679,0,35356
39682,0,35357
39684,0,35364
39690,4,35372
39692,19,35376
39694,28,35406
39696,0,35411
39698,0,35412
39701,0,35413
39707,0,35419
39710,0,35421
39713,0,35422
39716,0,35423
39721,0,35425
39726,0,35431
39729,0,35432
39730,25,35433
39736,0,35434
39737,0,35436
39743,41,35439
39749,0,35441
39753,0,35454
39756,65,35455
39758,0,35457
39762,13,35458
39763,0,35460
39767,0,35461
39770,0,35467
39774,26,35472
39775,22,25708
39778,0,35480
39779,0,35482
39782,0,35483
39786,69,35488
39789,0,35491
39793,0,35496
39795,0,35501
39797,0,35502
39800,30,35504
39801,11,35504
39803,32,35279
39807,0,35513
39808,0,35520
39812,0,35526
39817,0,35529
39818,0,35530
39823,29,35437
39826,13,35535
39828,8,35542
39829,0,35548
39835,0,35564
39838,39,35567
39842,0,35570
39843,12,31916
39844,57,35574
39845,12,35574
39846,0,35575
39852,0,35585
39857,11,35591
39858,0,35592
39865,11,35601
39870,0,35606
39873,0,35607
39891,0,35618
39892,0,35620
39894,0,35621
39900,0,35623
39901,41,35624
39902,41,35625
39903,41,35626
39904,41,35627
39905,0,35630
39910,0,35637
39913,0,35644
39916,0,35648
39918,0,35658
39925,0,35668
39935,30,35681
39936,0,35681
39939,0,35683
39942,0,35685
39952,0,35702
39955,0,35705
39957,0,35707
39960,0,35708
39963,0,35709
39969,12,35716
39970,0,35717
39974,8,35719
39980,0,35725
39981,0,35726
39987,45,35734
39990,0,35738
39995,0,35739
39996,0,35741
40000,0,35753
40005,0,35754
40007,56,35764
40009,0,35767
40013,0,35770
40016,12,35777
40018,0,35782
40021,49,35783
40027,0,35787
40029,45,35789
40030,8,35789
40031,0,35797
40034,0,35802
40037,0,35811
40039,11,35802
40044,0,35835
40046,0,35836
40048,0,35837
40057,0,35855
40061,0,35866
40062,0,35868
40065,0,35871
40069,0,35872
40070,0,35875
40074,0,35876
40077,0,35877
40080,0,35879
40081,0,35882
40087,0,35887
40090,0,35888
40095,0,35889
40098,0,35890
40099,0,35891
40102,0,35892
40105,0,35894
40108,0,35902
40111,39,35908
40113,0,35909
40116,35,35920
40120,0,35927
40123,0,35928
40126,0,35933
40129,20,35937
40131,0,35939
40134,0,35946
40137,0,35948
40142,0,35952
40150,0,35959
40152,39,35962
40156,0,35966
40159,0,35967
40162,0,35969
40165,0,35970
40168,0,35971
40169,0,35972
40172,0,35975
40179,20,35983
40181,0,35984
40184,0,35985
40187,0,35988
40190,0,35991
40192,0,35993
40195,0,35995
40201,0,35999
40202,0,36002
40205,0,36003
40208,0,36010
40214,0,36016
40217,0,36022
40220,0,36023
40224,11,36034
40228,0,36039
40231,0,36042
40234,0,36043
40237,0,36046
40241,12,36051
40244,0,36053
40247,0,36056
40258,20,36060
40263,12,35953
40264,11,35955
40265,29,35981
40267,11,36057
40268,29,36061
40272,0,36073
40273,20,36074
40277,0,36075
40281,13,36076
40282,0,36078
40285,0,36079
40288,0,36080
40292,0,36081
40306,0,36093
40312,0,36095
40316,0,36099
40318,32,31932
40319,0,36105
40322,0,36106
40328,5,36113
40330,5,36114
40332,0,36117
40337,19,36121
40340,0,36122
40342,0,36126
40345,69,36122
40349,30,36129
40353,0,36131
40356,65,36135
40358,0,36135
40359,0,36139
40361,0,36140
40363,0,36145
40365,0,36146
40369,0,36147
40373,12,36148
40375,12,36034
40376,0,36157
40379,0,36169
40382,0,36170
40388,22,36172
40390,12,36172
40395,0,36178
40398,0,36179
40405,0,36182
40408,0,36186
40410,12,36188
40412,0,36198
40421,0,36211
40424,22,36211
40425,0,36213
40428,0,36215
40431,0,36216
40433,0,36217
40437,0,36219
40440,0,36220
40450,0,36226
40454,29,36223
40458,12,36232
40461,0,36238
40464,0,36239
40471,0,36244
40472,0,36254
40476,0,36257
40482,0,36259
40488,0,36263
40491,0,36264
40493,0,36265
40495,0,36269
40498,0,36270
40505,0,36278
40507,0,36280
40510,0,36284
40514,0,36312
40517,0,36313
40520,0,36315
40528,0,36330
40531,0,36333
40536,0,36337
40541,12,36342
40548,11,36357
40550,13,36325
40551,12,36340
40557,26,36371
40561,0,36373
40562,30,36374
40563,11,36374
40564,11,36265
40565,11,36264
40566,0,36378
40571,0,36379
40582,30,36394
40583,22,36398
40584,12,36398
40590,22,36139
40591,0,36412
40597,0,36414
40598,0,36415
40600,23,36416
40603,11,36416
40604,8,36236
40608,0,36423
40609,35,36433
40611,0,36435
40613,0,36437
40616,0,36438
40621,0,36446
40626,0,36447
40627,0,36448
40630,0,36453
40636,0,36464
40637,0,36466
40639,0,36467
40642,0,36469
40655,40,36488
40658,40,36489
40682,0,36502
40690,0,36507
40706,14,36518
40708,13,36518
40712,8,36511
40713,0,36523
40716,0,36525
40719,0,36526
40722,0,36528
40725,0,36531
40728,0,36532
40732,8,36533
40735,0,36534
40738,0,36535
40739,0,36538
40742,0,36539
40744,0,36542
40747,0,36544
40758,0,36548
40765,0,36551
40768,0,36553
40771,0,36554
40776,0,36555
40779,0,36557
40785,30,36561
40786,11,36561
40791,11,36565
40796,0,36574
40797,0,36578
40801,8,36579
40802,0,36580
40804,8,36560
40812,0,36591
40817,0,36593
40855,66,36623
40861,0,36626
40873,11,36636
40874,0,36636
40875,0,36637
40881,30,36629
40882,0,36657
40890,0,36665
40898,12,36681
40899,0,36701
40908,0,36736
40911,0,36737
40914,0,36739
40917,0,36741
40920,40,36751
40923,40,36753
40928,0,36758
40934,0,36764
40938,25,36766
40940,0,36768
40943,45,36769
40950,29,36765
40954,11,36779
40955,0,36781
40958,0,36787
40961,0,36788
40966,22,36801
40969,0,36801
40972,0,36803
40973,0,36810
40976,0,36818
40979,49,36819
40981,0,36820
40984,0,36821
40989,0,36836
40991,30,36837
40993,0,36839
41002,0,36853
41005,6,36854
41007,5,36854
41008,0,36857
41011,39,36858
41014,0,36860
41017,45,36861
41019,11,36861
41020,0,36862
41023,0,36867
41027,0,36868
41029,0,36870
41032,50,36878
41034,0,36883
41038,8,36883
41039,49,36886
41040,0,36887
41043,0,36888
41052,8,36891
41055,0,36909
41057,0,36910
41063,11,36912
41066,0,36916
41069,0,36923
41073,0,36928
41074,0,36930
41077,0,36936
41080,11,36937
41086,0,36944
41089,11,36945
41092,0,36946
41095,0,36947
41101,0,36952
41104,0,36955
41110,49,36958
41114,0,36962
41118,0,36967
41120,30,36969
41121,11,36969
41123,0,36972
41130,49,36979
41132,0,36979
41133,0,36980
41138,0,36985
41141,0,36986
41144,0,36987
41147,0,36989
41150,0,36994
41153,0,36996
41158,0,36999
41159,0,37002
41162,0,37006
41164,0,37007
41166,0,37008
41181,0,37029
41185,0,37031
41187,0,37037
41190,35,37047
41191,36,37047
41192,0,37050
41195,0,37053
41198,0,37055
41201,39,37060
41205,0,37062
41206,22,36923
41207,0,37068
41210,0,37069
41216,11,37071
41217,0,37077
41222,0,37078
41223,0,37080
41227,0,37087
41228,0,37090
41233,0,37092
41241,0,37096
41243,36,37109
41246,0,37113
41250,12,37116
41252,35,37117
41254,8,37117
41257,12,37118
41264,5,37122
41266,0,37127
41269,0,37128
41272,0,37129
41275,0,37130
41278,0,37131
41285,0,37137
41288,0,37140
41295,41,37150
41302,0,37164
41305,0,37168
41307,8,37170
41309,4,37170
41316,0,37178
41318,0,37182
41323,0,37184
41325,0,37185
41327,0,37186
41330,0,37187
41335,0,37190
41338,0,37191
41345,0,37198
41346,0,37199
41349,0,37204
41352,0,37213
41354,0,37215
41357,38,37218
41360,0,37220
41363,0,37223
41367,49,37225
41372,55,37230
41373,0,37231
41375,0,37232
41379,12,37236
41381,69,37231
41386,20,37246
41390,0,37248
41393,44,37256
41395,0,37256
41396,0,37257
41402,0,37266
41407,0,37268
41408,0,37272
41410,0,37274
41413,0,37275
41418,0,37287
41421,0,37288
41424,49,37301
41427,0,37302
41428,22,37272
41429,0,37306
41438,0,37310
41441,0,37312
41444,0,37313
41447,0,37319
41450,0,37320
41451,41,37324
41453,0,37330
41458,49,37335
41459,36,37335
41460,49,37337
41461,0,37338
41464,0,37343
41470,30,37345
41471,14,37350
41473,26,37351
41474,26,37358
41477,40,37362
41481,0,37364
41484,0,37365
41487,0,37369
41489,0,37370
41493,0,37380
41497,0,37381
41505,35,37389
41510,11,37397
41515,49,37406
41521,0,37413
41523,49,37415
41525,0,37415
41526,0,37417
41529,30,37418
41530,11,37418
41531,49,37419
41533,8,37397
41536,0,37426
41537,0,37428
41539,49,37430
41541,12,37430
41546,49,37435
41547,14,37435
41551,0,37463
41556,0,37477
41564,0,37510
41567,66,37511
41569,40,37515
41572,40,37516
41575,13,37501
41576,8,37516
41577,0,37521
41580,40,37524
41584,0,37527
41586,49,37528
41587,26,37528
41590,0,37529
41591,22,37530
41594,0,37530
41596,0,37537
41600,4,37541
41601,0,37541
41602,0,37550
41607,13,37555
41609,0,37558
41612,0,37559
41615,30,36681
41616,41,37563
41619,0,37565
41631,12,37577
41632,0,37577
41633,0,37580
41635,0,37581
41637,0,37582
41639,0,37583
41641,0,37584
41643,0,37585
41645,0,37587
41647,0,37589
41650,0,37592
41653,0,37595
41656,0,37596
41659,0,37597
41668,0,37603
41670,41,37605
41675,0,37607
41681,0,37613
41685,69,37583
41686,6,37619
41691,0,37635
41697,0,37639
41702,0,37640
41703,0,37646
41712,0,37654
41717,30,37666
41729,0,37680
41731,0,37681
41734,0,37682
41737,0,37683
41739,0,37684
41743,0,37687
41748,0,37691
41754,0,37698
41757,0,37700
41762,25,37704
41764,0,37705
41768,49,37706
41769,49,37707
41773,0,37710
41774,12,36567
41775,0,37728
41779,49,37736
41782,0,37737
41795,0,37747
41805,41,37764
41808,0,37766
41811,0,37769
41815,0,37783
41819,0,37786
41822,49,37788
41824,40,37792
41827,0,37796
41830,8,34030
41831,0,37807
41836,0,37808
41837,0,37809
41845,0,37815
41848,29,37814
41851,0,37827
41854,0,37828
41860,11,37830
41862,11,37833
41863,0,37834
41865,0,37840
41867,0,37842
41870,38,37843
41876,32,37847
41880,12,37856
41885,0,37860
41889,29,37858
41890,0,37874
41897,0,37885
41900,0,37889
41903,0,37893
41905,0,37894
41907,0,37897
41915,0,37904
41918,22,37894
41921,0,37916
41924,0,37917
41927,0,37918
41933,0,37923
41940,49,37930
41942,49,37935
41943,22,37935
41945,0,37940
41947,0,37941
41951,49,37948
41952,22,37948
41958,0,37957
41959,0,37959
41965,0,37969
41968,0,37970
41975,0,37974
41978,0,37977
41981,49,37981
41982,28,37992
41984,49,37995
41986,0,37996
41992,0,38010
41996,0,38012
41999,0,38013
42002,0,38018
42004,0,38019
42008,0,38032
42014,0,38035
42015,0,38043
42018,0,38049
42022,8,38052
42026,0,38055
42027,0,38061
42049,8,38089
42052,20,38091
42054,12,38091
42061,49,38095
42064,0,38095
42065,0,38104
42071,0,38109
42074,29,38108
42078,0,38112
42080,11,38111
42086,13,38140
42087,0,38142
42094,0,38154
42095,49,38155
42098,13,38155
42099,0,38159
42102,0,38165
42105,8,38166
42107,0,38168
42112,0,38176
42114,0,38177
42117,0,38179
42119,0,38183
42125,0,38185
42132,8,38184
42133,8,38186
42137,49,38196
42138,13,38196
42142,29,38197
42143,49,38200
42144,13,38200
42146,49,38201
42147,13,38201
42151,0,38202
42155,22,38208
42162,13,38221
42165,28,38227
42167,0,38229
42170,8,38234
42176,11,38218
42177,13,38234
42180,0,38241
42184,0,38246
42190,0,38249
42193,0,38250
42194,49,38256
42197,0,38257
42198,0,38259
42200,0,38261
42202,49,38264
42203,0,38265
42206,0,38266
42209,41,38267
42210,8,38267
42211,0,38269
42214,25,38270
42215,8,38270
42216,49,38272
42217,0,38274
42221,8,38275
42223,49,38277
42227,46,38293
42230,0,38302
42236,19,38305
42243,0,38315
42248,0,38319
42249,0,38324
42263,13,38311
42264,13,38330
42265,22,38259
42266,49,38341
42268,12,38341
42270,0,38344
42275,0,38347
42279,13,38345
42282,13,38328
42283,13,38326
42284,13,38325
42285,0,38361
42289,0,38362
42290,0,38365
42292,40,38366
42296,0,38372
42300,22,38362
42301,0,38384
42304,0,38386
42307,23,38388
42310,11,38388
42311,0,38389
42313,0,38390
42315,9,38391
42316,12,38391
42317,41,38391
42320,4,38402
42323,0,38402
42325,0,38406
42330,0,38409
42333,0,38410
42337,13,38412
42338,8,38412
42342,0,38418
42347,0,38420
42348,9,38422
42350,13,38422
42353,0,38423
42354,49,38424
42356,49,38426
42362,0,38428
42363,0,38435
42366,0,38441
42368,0,38442
42373,0,38447
42375,29,38427
42376,35,38455
42378,8,38455
42379,0,38456
42384,0,38458
42385,0,38461
42387,13,38402
42389,8,38464
42394,0,38468
42395,13,38464
42396,13,38366
42397,0,38473
42402,0,38474
42404,13,38481
42405,0,38483
42408,0,38485
42410,11,38486
42413,22,38485
42414,40,31637
42415,0,38495
42418,13,38166
42419,0,38501
42421,0,38502
42423,0,38503
42425,0,38505
42433,0,38515
42435,0,38516
42438,12,38511
42442,8,38528
42445,0,38531
42448,0,38537
42451,49,38540
42456,0,38551
42461,69,38556
42463,13,38574
42466,13,38576
42469,13,38577
42472,13,38578
42474,49,38585
42476,49,38586
42477,49,38587
42478,9,38587
42479,49,38590
42480,26,38590
42481,0,38591
42484,0,38593
42486,0,38594
42491,0,38596
42496,0,38603
42499,8,38598
42502,0,38612
42503,3,38612
42506,0,38613
42507,49,38617
42509,0,38620
42514,39,38627
42517,0,38628
42519,0,38633
42522,0,38634
42527,0,38650
42530,26,38651
42536,0,38654
42540,0,38655
42545,0,38661
42548,0,38662
42553,0,38667
42558,0,38674
42559,0,38678
42562,0,38679
42565,0,38680
42568,0,38683
42575,0,38691
42578,22,38693
42581,0,38693
42584,0,38694
42585,30,38702
42586,11,38702
42587,0,38705
42591,0,38711
42595,0,38713
42598,0,38715
42600,39,38721
42601,8,38721
42608,22,38711
42609,0,38753
42612,0,38754
42618,12,38762
42622,12,38763
42626,5,38765
42632,0,38768
42635,0,38782
42638,49,38784
42644,0,38786
42647,41,38796
42648,0,38803
42653,0,38805
42656,0,38810
42659,0,38811
42661,49,38813
42662,0,38814
42665,45,38810
42670,49,38828
42672,49,38830
42675,0,38831
42678,0,38833
42679,0,38835
42681,0,38838
42689,0,38849
42692,0,38851
42695,0,38852
42696,0,38853
42699,0,38854
42706,0,38865
42708,0,38867
42710,0,38868
42712,0,38871
42714,0,38874
42721,0,38881
42723,0,38883
42727,49,38888
42728,36,38888
42729,0,38895
42732,8,38871
42737,0,38916
42738,0,38917
42741,0,38927
42746,49,38937
42748,0,38937
42750,0,38939
42753,8,38941
42763,0,38956
42764,3,38956
42765,0,38957
42774,40,38956
42775,30,38612
42778,0,38966
42780,11,38959
42781,11,38958
42785,0,38974
42786,49,38975
42791,0,38976
42794,0,38977
42795,0,38978
42797,0,38979
42800,0,38980
42802,0,38982
42804,69,38980
42805,0,38987
42807,0,38989
42811,0,38994
42815,49,38995
42817,0,38995
42825,66,39006
42840,50,39013
42863,0,39022
42879,0,39032
42883,0,39036
42886,11,39005
42889,0,39043
42893,0,39045
42894,49,39046
42895,26,39046
42899,0,39051
42902,26,39063
42903,11,39022
42904,0,39070
42907,0,39076
42913,28,39082
42919,11,39085
42920,31,39098
42921,11,39098
42923,40,39098
42924,8,39098
42926,0,39101
42930,0,39104
42933,0,39105
42935,0,39107
42940,30,39111
42941,11,39111
42944,0,39112
42947,0,39114
42952,0,39132
42955,22,39137
42958,0,39140
42961,0,39143
42964,0,39145
42970,0,39147
42973,22,39083
42974,0,39151
42977,29,39146
42980,0,39154
42986,0,39157
42989,0,39158
42990,22,39157
42993,0,39162
42994,0,39165
42996,22,39158
42997,0,39167
42999,44,39170
43001,0,39170
43004,8,39182
43007,0,39186
43014,11,39189
43018,0,39201
43019,0,39203
43021,0,39204
43023,30,39205
43024,11,39205
43026,0,39208
43029,0,39210
43031,0,39221
43033,0,39224
43036,0,39228
43038,0,39229
43040,11,39228
43044,9,39242
43047,0,39243
43050,0,39250
43051,56,39251
43053,0,39253
43056,26,39257
43060,0,39258
43062,49,39261
43071,22,39229
43072,4,39243
43076,0,39283
43086,11,39283
43087,49,39293
43090,0,39296
43091,49,39297
43092,30,39300
43093,11,39300
43094,30,39301
43095,11,39301
43096,0,39305
43098,0,39306
43101,35,39309
43103,8,39309
43104,0,39311
43109,35,39314
43111,8,39314
43115,8,39316
43117,0,39322
43121,13,39323
43122,0,39324
43126,49,39327
43127,49,39329
43128,69,39324
43129,0,39331
43133,22,39338
43136,69,39331
43139,0,39344
43143,0,39358
43149,0,39360
43152,49,39366
43153,21,39366
43154,49,39367
43155,21,39367
43156,12,39367
43157,49,39368
43161,30,39372
43162,11,39372
43171,0,39380
43174,49,39391
43176,0,39393
43178,49,39399
43179,0,39401
43183,0,39412
43185,0,39416
43188,0,39417
43190,0,39418
43192,0,39419
43194,0,39421
43197,0,39422
43200,0,39423
43203,0,39424
43206,0,39425
43209,0,39430
43217,8,39291
43218,40,39439
43224,0,39443
43227,0,39444
43228,0,39446
43233,0,39452
43235,0,39458
43239,69,39452
43241,0,39472
43246,0,39477
43250,0,39482
43252,0,39483
43254,49,39485
43257,0,39486
43260,0,39487
43266,0,39498
43267,0,39508
43270,32,39497
43271,0,39517
43274,0,39519
43277,22,39519
43280,0,39525
43283,0,39526
43286,0,39528
43292,0,39531
43296,4,39536
43298,44,39537
43301,12,39538
43306,25,39542
43307,12,39542
43308,49,39545
43309,0,39547
43317,0,39560
43320,49,39563
43321,14,39563
43322,0,39564
43325,0,39570
43331,26,39577
43332,0,39579
43335,49,39581
43337,0,39583
43340,11,39587
43346,0,39595
43350,9,39600
43353,12,39601
43354,0,39607
43360,0,39608
43362,49,39610
43364,0,39610
43367,0,39612
43381,0,39643
43385,0,39645
43388,31,39647
43391,11,39647
43395,31,39649
43398,11,39649
43400,0,39653
43402,69,39653
43403,49,39656
43406,49,39657
43409,49,39658
43412,0,39676
43415,0,39677
43418,6,39678
43419,13,39678
43421,0,39680
43425,49,39684
43427,11,39648
43428,0,39688
43435,0,39694
43439,0,39695
43444,0,39699
43445,0,39703
43448,0,39710
43451,0,39713
43454,0,39716
43458,0,39723
43463,0,39724
43465,14,39725
43466,0,39725
43467,49,39726
43468,49,39728
43469,14,39728
43478,0,39733
43481,0,39734
43484,0,39735
43487,0,39737
43490,0,39741
43493,0,39744
43494,0,39749
43499,0,39751
43502,0,39756
43523,12,39773
43527,0,39785
43529,0,39793
43531,0,39794
43534,0,39796
43539,0,39800
43543,0,39803
43546,0,39805
43549,8,39812
43553,0,39813
43556,13,39817
43557,0,39818
43564,0,39831
43566,0,39832
43569,0,39834
43574,0,39838
43577,28,39841
43582,13,39813
43586,0,39847
43589,49,39849
43596,0,39867
43607,49,39876
43608,0,39879
43610,0,39883
43614,0,39890
43617,0,39896
43620,0,39901
43629,0,39919
43632,0,39920
43635,0,39921
43638,0,39926
43641,0,39928
43644,0,39929
43648,0,39943
43650,23,39944
43656,0,39946
43666,0,39948
43671,0,39949
43676,0,39951
43678,0,39957
43684,0,39965
43685,44,39970
43687,0,39970
43688,0,39973
43694,0,39980
43698,49,39985
43699,0,39985
43702,0,39999
43705,49,40000
43707,0,40000
43710,49,40001
43712,0,40001
43715,49,40005
43717,0,40005
43724,49,40008
43726,0,40008
43728,0,40009
43732,49,40010
43737,49,40014
43739,0,40014
43742,49,40015
43744,0,40015
43748,30,40006
43749,0,40022
43752,0,40023
43757,0,40027
43758,0,40030
43764,0,40032
43767,0,40042
43769,0,40044
43772,0,40045
43774,49,40047
43775,0,40049
43778,0,40051
43782,0,40052
43791,0,40069
43792,0,40070
43797,41,40080
43798,41,40083
43801,0,40084
43802,9,40085
43807,13,40087
43808,0,40091
43811,0,40092
43814,0,40093
43817,0,40095
43821,0,40112
43824,0,40113
43827,0,40115
43829,0,40116
43832,0,40117
43833,3,40117
43834,0,40118
43840,49,40127
43842,0,40127
43844,0,40128
43853,0,40143
43854,21,40148
43860,29,40152
43870,0,40165
43873,40,40167
43878,0,40171
43881,0,40174
43884,0,40175
43891,0,40191
43895,0,40192
43896,0,40193
43899,6,40198
43901,0,40205
43904,49,40208
43907,49,40214
43909,0,40216
43912,0,40217
43915,0,40218
43923,49,40225
43924,49,40228
43925,49,40229
43928,0,40232
43929,49,40235
43930,0,40238
43934,12,40244
43938,0,40247
43941,0,40249
43944,0,40250
43945,0,40251
43950,0,40252
43953,0,40262
43954,44,40267
43956,0,40267
43959,0,40268
43960,0,40269
43963,0,40273
43964,3,40273
43965,0,40274
43968,0,40275
43971,0,40284
43973,0,40285
43979,0,40288
43982,0,40290
43985,0,40292
43989,22,40296
43992,0,40296
43998,0,40309
44000,0,40313
44004,40,40333
44009,49,40341
44014,12,40342
44015,49,40349
44016,0,40351
44019,49,40354
44021,0,40364
44024,49,40365
44029,8,40366
44030,49,40371
44033,50,40374
44048,0,40382
44051,0,40390
44056,49,40393
44057,0,40394
44061,0,40397
44065,0,40403
44067,0,40405
44071,0,40406
44074,0,40409
44078,0,40417
44081,0,40418
44091,11,40427
44093,14,40441
44095,4,40441
44097,0,40442
44100,0,40446
44103,0,40447
44106,0,40448
44108,0,40450
44117,32,40451
44118,32,40452
44121,0,40456
44125,30,40457
44128,12,40459
44129,49,40463
44132,49,40467
44135,49,40468
44138,49,40470
44141,49,40471
44144,49,40473
44147,49,40474
44150,49,40475
44153,49,40476
44156,44,40485
44158,0,40485
44161,44,40496
44163,0,40496
44168,0,40499
44169,25,40513
44170,50,40513
44172,5,40517
44173,0,40517
44174,0,40518
44176,49,40526
44183,49,40533
44184,0,40534
44186,0,40539
44188,0,40542
44191,0,40544
44194,0,40548
44197,0,40549
44200,0,40550
44202,0,40552
44204,0,40553
44209,0,40557
44216,0,40558
44217,0,40560
44224,0,40561
44231,11,40530
44232,49,40534
44235,0,40579
44241,44,40583
44243,0,40583
44244,30,40582
44245,11,40582
44247,0,40586
44255,0,40599
44257,49,40601
44262,0,40606
44266,0,40615
44267,0,40616
44269,35,40617
44270,36,40617
44272,0,40620
44279,36,40634
44282,0,40639
44283,49,40643
44288,0,40649
44291,49,40656
44292,0,40657
44299,0,40665
44302,0,40666
44304,0,40674
44311,49,40678
44314,49,40683
44316,0,40683
44327,0,40687
44330,41,40693
44332,45,40550
44333,49,40700
44335,0,40703
44339,0,40704
44344,11,40715
44345,66,40716
44354,49,40720
44359,0,40724
44371,0,40729
44379,0,40739
44385,0,40747
44387,4,40749
44392,11,40441
44393,13,40441
44397,0,40756
44400,0,40761
44403,0,40770
44406,49,40772
44408,0,40773
44410,49,40774
44416,50,40783
44417,30,40783
44420,0,40794
44424,49,40814
44429,0,40826
44436,61,40825
44442,0,40839
44449,62,40825
44450,0,40852
44455,0,40855
44460,49,40857
44465,0,40861
44466,61,40865
44470,30,40869
44471,11,40869
44475,30,40856
44478,0,40873
44479,0,40874
44482,0,40876
44487,13,40879
44490,12,40880
44498,0,40884
44501,0,40885
44506,0,40900
44513,49,40903
44515,49,40905
44516,26,40905
44517,0,40908
44522,0,40910
44525,41,40918
44527,0,40919
44532,0,40922
44537,0,40929
44541,0,40936
44544,0,40937
44547,0,40941
44553,0,40950
44557,6,40954
44560,0,40956
44563,0,40957
44566,41,40959
44572,8,40959
44577,0,40988
44578,0,40989
44580,0,40991
44583,0,40993
44586,49,40996
44589,0,41001
44590,49,41002
44593,0,41013
44596,40,41014
44599,40,41017
44604,0,41021
44607,0,41022
44611,0,41032
44614,0,41046
44620,0,41064
44624,0,41067
44631,0,41071
44636,49,41077
44644,0,41083
44647,0,41085
44651,0,41086
44655,30,40950
44656,45,40950
44657,30,41091
44658,11,41091
44666,8,41111
44667,12,41111
44668,13,41111
44669,0,41113
44672,8,41114
44678,0,41117
44686,0,41125
44693,4,40880
44694,0,41141
44699,0,41147
44706,0,41151
44707,44,41153
44709,0,41153
44710,0,41155
44716,21,41161
44718,13,41160
44723,0,41167
44725,0,41168
44736,11,41173
44742,0,41191
44751,0,41223
44754,49,41228
44759,0,41229
44760,0,41230
44764,0,41242
44767,0,41243
44769,0,41244
44772,0,41245
44778,0,41259
44782,0,41264
44784,0,41265
44787,44,41266
44789,0,41266
44790,8,41267
44793,0,41268
44796,0,41278
44803,0,41285
44807,69,39943
44810,0,41290
44814,8,41297
44816,0,41298
44837,31,41307
44840,8,41307
44845,49,41311
44847,0,41311
44849,0,41312
44853,49,41313
44855,0,41313
44858,49,41314
44860,0,41314
44862,4,41321
44865,0,41321
44869,0,41325
44876,0,41330
44891,4,41340
44896,49,41351
44897,12,41351
44898,49,41352
44900,0,41355
44905,8,41356
44907,0,41356
44910,8,41357
44912,0,41357
44918,0,41366
44922,12,41371
44928,0,41373
44929,0,41374
44932,0,41378
44936,0,41383
44943,66,41396
44945,30,41400
44946,11,41400
44950,0,41407
44958,0,41409
44961,0,41410
44962,30,41408
44964,11,41417
44969,40,41419
44975,0,41421
44976,40,41423
44979,11,41424
44980,8,41424
44982,0,41426
44984,22,41415
44986,0,41432
44989,0,41439
45004,49,41469
45005,0,41473
45011,49,41482
45012,30,41484
45013,11,41484
45014,0,41485
45019,11,41487
45022,0,41495
45025,49,41498
45030,49,41500
45039,0,41509
45042,0,41510
45045,0,41512
45048,0,41523
45051,0,41524
45054,0,41525
45057,0,41526
45060,0,41529
45067,8,41543
45068,22,40989
45069,0,41553
45072,0,41555
45075,0,41563
45080,40,41420
45081,8,41420
45083,0,41590
45087,8,41592
45097,0,41599
45100,29,41594
45101,0,41613
45104,0,41614
45109,0,41622
45120,12,41597
45121,40,41635
45123,0,41638
45127,8,41648
45129,0,41648
45131,0,41650
45135,0,41652
45137,0,41654
45141,44,41674
45143,0,41674
45144,44,41675
45146,0,41675
45148,69,41679
45151,0,41682
45152,0,41687
45154,0,41688
45157,0,41690
45160,11,41690
45161,0,41697
45164,0,41698
45166,0,41699
45178,0,41707
45179,0,41711
45182,0,41712
45188,0,41714
45190,69,41714
45191,0,41718
45196,12,41721
45198,0,41722
45201,35,41723
45203,8,41723
45206,13,41713
45207,22,41724
45208,0,41727
45215,13,41731
45217,0,41733
45222,49,41739
45229,49,41747
45232,0,41748
45236,41,41757
45237,0,41759
45240,49,41768
45243,0,41772
45245,0,41776
45248,11,41746
45249,0,41781
45252,0,41782
45255,0,41783
45258,0,41788
45268,8,41798
45270,0,41800
45273,0,41801
45276,25,41803
45277,12,41803
45278,11,41803
45279,8,41803
45280,13,41803
45286,0,41811
45289,30,41808
45290,0,41814
45298,0,41819
45302,0,41828
45307,12,41829
45308,11,41829
45310,8,41829
45314,0,41840
45317,11,41840
45318,40,38596
45319,66,41845
45321,41,41855
45324,0,41860
45329,49,41866
45330,0,41867
45332,49,41868
45333,36,41868
45335,45,41871
45337,11,41871
45341,47,41877
45345,0,41889
45348,0,41890
45351,0,41893
45354,49,41899
45357,49,41900
45360,49,41901
45363,49,41903
45372,40,41920
45374,0,41921
45377,0,41924
45382,66,41928
45386,0,41930
45389,0,41932
45393,0,41938
45396,0,41941
45399,0,41942
45402,4,41910
45403,0,41946
45406,12,41947
45416,0,41959
45419,13,41961
45422,0,41966
45428,0,41980
45431,0,41981
45443,29,41985
45444,30,41987
45445,8,41994
45450,44,41998
45452,0,41998
45455,0,42006
45456,0,42008
45460,0,42017
45462,0,42018
45469,0,42024
45474,0,42041
45477,0,42042
45479,0,42043
45482,0,42044
45485,25,42046
45493,11,42052
45494,12,42052
45495,0,42055
45498,40,41840
45502,0,42066
45506,0,42067
45523,69,42066
45526,12,42079
45529,0,42082
45532,12,42083
45533,0,42084
45536,47,42090
45538,40,42067
45539,0,42093
45541,0,42095
45543,0,42099
45547,0,42101
45550,0,42105
45552,0,42107
45554,40,42108
45557,0,42109
45559,0,42110
45568,22,42093
45569,66,42124
45574,0,42142
45577,0,42145
45591,8,42148
45596,0,42156
45602,0,42158
45605,0,42159
45606,45,42160
45609,45,42161
45612,45,42162
45615,45,42163
45618,45,42164
45628,0,42172
45630,11,42171
45633,0,42177
45635,8,42178
45642,45,42185
45643,11,42185
45649,0,42202
45650,30,42184
45656,0,42220
45661,0,42224
45663,0,42225
45665,0,42227
45670,40,42225
45671,0,42250
45674,0,42253
45677,0,42254
45680,38,42260
45683,36,42261
45686,0,42262
45689,0,42263
45692,0,42265
45695,0,42278
45697,0,42279
45699,0,42280
45701,0,42281
45703,0,42282
45705,0,42283
45707,0,42284
45709,0,42285
45711,0,42286
45713,0,42287
45718,0,42292
45721,69,42280
45722,69,42281
45723,69,42282
45724,69,42283
45725,69,42284
45726,69,42285
45727,69,42286
45728,69,42287
45733,45,42308
45734,11,42308
45735,0,42311
45738,45,42319
45743,11,42322
45744,45,42333
45748,0,42334
45751,49,42344
45752,45,42345
45755,45,42346
45758,0,42348
45761,0,42351
45764,0,42356
45768,36,42357
45771,8,42357
45773,0,42363
45776,49,42368
45777,49,42369
45778,49,42373
45780,0,42377
45783,8,42378
45786,41,42379
45787,49,42382
45789,0,42386
45794,12,42396
45796,50,42398
45797,23,42398
45798,49,42404
45799,49,42405
45800,26,42405
45801,0,42406
45803,0,42407
45806,0,42408
45809,0,42410
45812,0,42411
45814,13,42411
45815,0,42426
45818,49,42430
45821,4,42431
45823,4,42432
45825,49,42433
45830,8,42435
45834,8,42437
45835,0,42437
45839,8,42438
45841,0,42438
45842,45,42441
45845,8,42222
45852,0,42455
45854,0,42456
45861,11,42460
45863,0,42464
45869,0,42479
45874,0,42484
45877,10,42492
45880,10,42493
45883,0,42494
45887,8,42495
45890,0,42498
45893,0,42499
45894,0,42502
45904,0,42511
45906,0,42513
45909,0,42519
45914,0,42526
45915,0,42531
45918,0,42534
45921,40,42535
45924,0,42537
45927,0,42538
45930,0,42539
45934,45,42543
45942,45,42560
45945,0,42562
45948,4,42565
45951,0,42565
45952,4,42567
45955,0,42567
45957,49,42570
45958,11,42570
45959,0,42571
45961,38,42573
45964,29,42441
45967,11,42543
45968,29,42560
45974,49,42586
45979,66,42590
45980,49,42590
45983,0,42601
45987,36,42603
45990,66,42604
45997,0,42618
46000,0,42620
46008,0,42632
46010,40,42489
46015,0,42647
46017,13,42647
46025,0,42666
46026,26,42668
46028,45,42677
46031,38,42678
46034,41,42680
46038,0,42684
46041,41,42685
46045,0,42687
46051,11,42451
46057,13,42691
46058,11,42677
46060,11,42454
46066,0,42711
46073,0,42725
46076,4,42489
46077,45,42728
46080,45,42732
46086,11,42736
46089,11,42738
46091,0,42744
46094,45,42746
46097,0,42747
46100,0,42748
46103,45,42749
46106,45,42750
46109,45,42752
46115,36,42757
46118,4,42662
46120,11,42746
46121,11,42749
46122,29,42750
46123,11,42750
46124,29,42752
46125,11,42752
46128,0,42775
46129,14,42784
46133,13,42784
46134,4,42703
46135,40,42790
46138,8,42790
46140,0,42800
46146,36,42806
46149,45,42807
46150,11,42807
46151,38,42808
46154,19,42809
46157,38,42820
46160,22,42826
46208,0,42855
46209,40,42856
46212,40,42857
46215,38,42862
46220,49,42865
46221,0,42866
46224,36,42867
46229,0,42882
46232,49,42888
46233,12,42863
46235,49,42895
46238,0,42905
46241,0,42906
46244,0,42908
46247,0,42910
46250,0,42919
46252,0,42921
46254,45,42922
46257,69,42919
46258,69,42921
46259,0,42930
46262,49,42931
46263,36,42931
46264,49,42935
46265,37,42935
46266,0,42938
46268,49,42941
46270,0,42943
46273,0,42946
46276,0,42948
46278,45,42951
46283,0,42953
46288,49,42959
46289,14,42959
46294,0,42963
46297,49,39596
46303,0,42984
46309,12,42985
46315,0,43009
46318,4,42964
46319,30,43009
46323,26,43024
46324,0,43025
46326,49,43028
46328,49,43029
46330,22,43031
46333,25,43025
46336,0,43043
46337,0,43047
46340,0,43050
46344,28,43053
46347,0,43054
46350,0,43055
46352,0,43056
46354,0,43058
46356,0,43059
46357,25,43059
46361,9,42938
46362,45,43078
46365,0,43080
46370,0,43094
46373,49,43095
46376,49,43096
46379,0,43100
46382,0,43103
46388,0,43110
46390,0,43111
46393,45,43113
46396,45,43114
46399,25,43110
46400,49,43119
46403,0,43121
46406,0,43122
46412,0,43124
46416,6,43135
46419,0,43137
46427,0,43143
46428,69,43137
46429,0,43149
46434,40,43143
46438,8,43163
46440,0,43164
46443,0,43168
46446,26,43173
46449,26,43175
46452,26,43177
46455,26,43179
46458,26,43181
46467,4,42222
46472,0,43209
46474,45,43210
46477,32,43210
46478,69,43209
46479,11,43213
46482,0,43217
46483,3,43217
46486,0,43221
46488,0,43224
46492,41,43225
46493,0,43225
46494,40,43229
46502,0,43244
46505,12,43242
46508,0,43253
46510,0,43256
46515,0,43275
46522,40,43278
46526,40,43279
46530,40,43281
46534,40,43282
46536,36,43283
46541,40,43285
46545,40,43286
46547,0,43287
46552,0,43289
46558,0,43294
46563,0,43296
46571,0,43316
46579,44,43328
46581,0,43328
46583,11,43330
46585,30,43316
46588,0,43349
46594,0,43352
46603,11,40390
46606,0,43362
46609,0,43365
46611,0,43366
46612,3,43366
46613,0,43367
46616,0,43368
46619,0,43369
46622,0,43370
46625,0,43371
46628,0,43372
46631,0,43373
46635,8,43374
46639,45,43379
46642,11,43219
46643,11,43379
46644,0,43383
46652,11,43391
46655,49,43396
46658,0,43400
46670,0,43408
46673,0,43409
46676,22,43411
46679,0,43413
46684,0,43415
46685,49,43421
46688,49,43422
46691,49,43423
46694,49,43425
46697,0,43427
46702,0,43428
46703,0,43429
46706,13,43391
46707,0,43455
46710,0,43458
46712,0,43460
46714,66,43461
46716,0,43462
46720,8,43468
46724,4,41829
46731,0,43485
46733,0,43496
46735,0,43511
46740,0,43516
46745,11,43350
46748,45,43521
46752,0,43528
46755,0,43529
46758,0,43530
46766,45,43546
46769,30,43546
46770,11,43521
46775,4,43191
46779,0,43564
46781,38,43578
46786,0,43585
46788,0,43586
46790,44,43589
46792,0,43589
46793,0,43591
46796,11,43592
46797,0,43595
46799,0,43596
46808,0,43610
46809,8,43619
46812,0,43629
46814,0,43630
46816,0,43631
46820,0,43632
46821,69,43630
46823,0,43640
46826,0,43642
46829,0,43645
46832,0,43652
46835,0,43653
46838,0,43660
46841,0,43667
46854,0,43684
46863,40,43690
46868,0,43695
46873,0,43698
46874,45,43703
46878,11,43703
46879,8,40390
46882,0,43710
46883,0,43711
46887,45,43713
46891,45,43715
46898,0,43743
46902,45,43745
46908,0,43753
46911,28,42687
46912,21,43760
46914,0,43761
46917,49,43768
46920,49,43769
46923,49,43772
46926,49,43773
46928,49,43774
46935,21,43779
46937,55,43786
46938,11,43786
46939,27,43790
46944,0,43796
46953,8,43803
46957,0,43807
46962,0,43808
46963,45,43809
46966,39,43812
46968,8,43812
46970,8,43817
46971,36,43818
46974,47,43820
46976,22,43775
46978,4,40879
46979,11,43826
46983,8,43836
46985,0,43841
46988,0,43843
46991,0,43845
46993,0,43846
46997,30,43809
47002,0,43864
47006,0,43868
47009,0,43873
47012,0,43875
47017,0,43877
47020,0,43884
47023,0,43885
47027,0,43887
47030,0,43889
47034,0,43893
47038,0,43899
47045,0,43904
47046,0,43906
47049,0,43910
47052,0,43913
47055,23,43914
47058,11,43914
47059,0,43919
47061,49,43921
47062,0,43922
47070,0,43928
47071,0,43929
47075,49,43940
47078,0,43943
47079,0,43944
47083,0,43950
47086,19,43952
47090,0,43956
47091,0,43960
47094,0,43966
47098,0,43972
47106,0,43980
47111,49,43988
47113,0,43988
47114,49,43991
47117,0,43997
47121,11,44008
47122,0,44010
47124,0,44012
47127,0,44015
47135,0,44034
47138,41,44034
47142,4,43854
47145,0,44050
47146,0,44051
47151,0,44052
47152,0,44053
47157,0,44054
47161,49,44061
47162,9,44061
47164,49,44063
47167,0,44078
47170,0,44079
47173,0,44081
47176,0,44082
47179,0,44083
47184,0,44091
47187,0,44093
47192,0,44095
47193,0,44096
47196,22,44095
47197,0,44099
47201,0,44100
47203,0,44102
47207,0,44103
47208,0,44104
47217,0,44129
47218,55,44135
47219,11,44135
47222,12,44139
47223,0,44141
47227,0,44148
47230,0,44151
47233,0,44152
47236,0,44154
47243,0,44167
47246,45,44175
47250,8,44182
47252,8,44183
47254,0,44187
47257,49,44190
47258,36,44190
47261,0,44191
47272,28,44208
47275,11,44208
47278,0,44211
47282,30,44215
47287,0,44227
47289,0,44231
47299,0,44253
47315,22,44268
47320,8,44270
47321,0,44277
47326,0,44283
47328,12,44268
47331,0,44290
47332,0,44292
47335,40,44295
47337,40,44296
47340,0,44299
47343,40,44300
47345,41,44303
47348,40,44304
47350,0,44305
47355,40,44308
47359,40,44309
47361,0,44310
47365,12,43779
47368,40,44313
47372,40,44315
47376,49,44332
47377,0,44334
47383,39,44338
47386,8,44338
47387,39,44339
47390,8,44339
47391,40,44340
47394,0,44343
47397,0,44353
47399,4,44354
47405,0,44356
47406,0,44361
47409,4,44363
47415,0,44371
47418,0,44375
47425,0,44383
47429,0,44387
47430,56,44388
47431,45,44390
47432,11,44390
47433,46,44393
47436,0,44394
47439,0,44399
47442,0,44400
47452,4,41070
47455,0,44432
47458,0,44434
47465,0,44449
47468,0,44450
47469,0,44453
47474,0,44454
47475,0,44457
47480,30,44459
47492,0,44473
47497,0,44475
47502,8,44478
47505,0,44479
47506,41,44481
47516,41,44489
47524,13,44497
47528,0,44504
47531,49,44506
47533,0,44508
47563,0,44520
47566,0,44521
47572,8,44523
47576,8,44525
47577,0,44533
47579,45,44535
47582,30,44535
47583,49,44540
47586,45,43803
47587,22,44547
47592,0,44557
47593,0,44561
47596,49,44563
47600,12,44569
47601,0,44577
47604,8,44581
47607,0,44582
47610,0,44584
47613,0,44586
47616,0,44587
47618,45,44589
47622,0,44614
47627,40,44619
47631,40,44621
47636,29,44589
47637,45,44629
47640,38,44630
47653,4,44503
47654,8,44458
47658,4,44458
47659,0,44658
47661,44,44660
47663,0,44660
47667,8,44663
47669,4,44411
47673,45,44674
47677,30,44674
47679,8,44674
47683,0,44676
47684,8,44676
47689,0,44681
47692,0,44687
47696,0,44691
47699,45,44692
47702,45,44694
47707,0,44696
47710,41,44699
47712,8,44699
47713,0,44701
47716,0,44703
47724,0,44719
47734,41,44739
47736,0,44740
47739,0,44745
47741,49,44747
47754,12,44759
47760,0,44770
47763,0,44771
47766,4,44656
47767,25,44776
47769,8,44761
47770,4,44761
47773,49,44783
47776,0,44785
47779,8,44789
47781,8,44481
47782,41,44799
47783,0,44803
47787,41,44808
47789,8,44808
47791,20,44812
47792,0,44815
47794,0,44816
47796,0,44817
47798,0,44819
47819,5,44869
47828,49,44886
47832,0,44894
47833,49,44898
47837,35,44900
47839,8,44900
47840,35,44901
47842,8,44901
47843,0,44902
47850,0,44912
47852,0,44914
47859,0,44919
47860,0,44921
47876,0,44956
47878,0,44960
47880,0,44961
47884,0,44964
47887,0,44965
47891,29,44966
47892,11,44966
47896,49,44972
47902,29,44986
47903,45,44990
47904,11,44990
47911,4,44909
47918,49,45001
47919,45,45001
47920,0,45013
47925,0,45026
47928,8,44956
47929,14,45036
47932,13,45036
47934,0,45042
47938,0,45043
47941,24,45045
47942,0,45045
47943,0,45046
47945,0,45048
47950,0,45051
47951,0,45054
47954,0,45056
47959,0,45057
47961,8,45059
47965,49,45066
47967,0,45066
47969,8,45071
47971,28,45075
47973,11,45075
47974,49,45077
47982,0,45083
47984,46,45088
47985,8,45088
47986,49,45091
47987,0,45092
47990,0,45094
47993,0,45095
47996,0,45096
48002,49,45099
48005,49,45101
48008,49,45105
48013,0,45106
48014,49,45109
48017,49,45110
48020,8,45112
48023,0,45114
48026,11,45115
48030,49,45117
48038,0,45120
48045,0,45127
48050,0,45132
48052,41,45135
48055,0,45136
48057,36,45142
48060,45,45143
48065,47,45144
48066,11,45144
48069,49,45145
48072,40,45150
48075,11,45150
48078,5,45155
48084,49,45160
48088,49,45162
48090,49,45164
48093,0,45166
48096,0,45168
48099,0,45170
48106,8,45174
48108,45,45178
48115,38,45198
48118,38,45200
48121,38,45201
48124,45,45202
48127,45,45203
48131,41,45207
48133,30,45202
48134,11,45203
48136,0,45217
48140,0,45226
48143,0,45229
48146,0,45230
48149,0,45231
48152,31,45233
48155,9,45235
48160,0,45245
48165,0,45246
48166,0,45249
48169,0,45261
48172,21,45263
48175,0,45265
48180,0,45267
48193,45,45273
48196,45,45274
48199,45,45276
48202,49,45282
48203,45,45282
48204,14,45283
48207,0,45284
48210,13,42938
48211,0,45294
48214,0,45298
48216,0,45299
48219,9,45300
48222,8,45233
48223,11,45274
48224,13,45235
48225,29,45273
48226,30,45276
48227,13,45283
48228,0,45314
48229,3,45314
48231,11,45318
48232,0,45321
48235,49,45322
48236,36,45322
48237,49,45323
48238,30,45318
48239,0,45327
48251,0,45358
48255,50,45376
48261,0,45380
48264,0,45382
48269,0,45384
48282,8,45412
48283,31,45422
48286,8,45422
48287,36,45423
48291,0,45427
48294,0,45428
48299,0,45430
48305,4,45431
48311,36,45448
48317,49,45457
48322,0,45460
48329,0,45475
48332,8,45458
48333,4,45458
48342,0,45499
48348,0,45510
48350,0,45513
48353,0,45514
48356,0,45515
48359,0,45516
48362,0,45517
48364,0,45518
48371,0,45527
48374,0,45529
48380,36,45534
48383,25,45536
48385,11,45427
48386,40,45427
48387,9,45545
48390,45,45547
48392,11,45547
48393,0,45549
48397,0,45551
48401,36,45561
48404,8,45561
48407,0,45565
48410,49,45573
48411,45,45574
48414,0,45575
48416,0,45576
48420,27,45585
48423,0,45585
48424,0,45586
48426,4,43803
48431,30,45574
48432,0,45605
48435,0,45606
48438,0,45607
48441,0,45609
48446,37,45610
48448,45,45611
48451,45,45612
48454,45,45613
48462,14,45619
48465,0,45627
48470,0,45651
48475,40,45609
48476,11,45609
48477,0,45656
48479,0,45657
48483,0,45661
48486,0,45666
48488,0,45667
48490,0,45669
48493,0,45671
48500,0,45683
48504,66,45692
48508,11,45697
48512,0,45698
48515,8,45652
48521,8,45707
48522,0,45708
48532,0,45731
48534,0,45733
48537,0,45734
48539,0,45737
48543,0,45740
48545,0,45742
48552,13,45747
48557,0,45762
48561,0,45763
48565,4,45704
48566,28,45771
48570,0,45773
48574,40,45774
48575,8,45774
48582,45,45803
48585,0,45807
48592,11,45813
48594,26,45814
48596,0,45815
48598,0,45819
48605,0,45833
48610,8,45835
48612,36,45840
48615,0,45841
48618,0,45842
48621,0,45844
48624,0,45846
48626,0,45847
48633,0,45855
48635,0,45856
48637,0,45858
48639,0,45859
48642,49,45860
48644,0,45861
48646,20,45863
48649,69,45861
48650,69,45855
48651,69,45856
48652,69,45859
48653,69,45858
48657,0,45882
48660,0,45883
48663,0,45885
48664,0,45887
48667,4,45892
48670,0,45892
48671,49,45894
48673,4,45895
48676,0,45895
48677,0,45897
48681,0,45900
48685,0,45906
48695,0,45918
48696,36,45919
48699,11,45803
48700,8,45683
48704,41,45930
48707,0,45931
48715,23,45946
48716,4,45917
48717,4,45910
48718,4,45899
48719,52,45959
48720,16,45959
48721,0,45960
48724,0,45961
48726,0,45962
48730,49,45964
48733,49,45965
48736,45,45966
48739,49,45967
48742,49,45968
48745,45,45969
48749,32,45969
48750,29,45966
48754,35,45981
48757,8,45981
48761,0,45989
48765,0,45990
48766,0,45992
48771,8,46009
48773,0,46016
48777,22,46022
48779,0,46026
48781,0,46027
48783,52,46030
48787,11,46031
48789,0,46034
48794,0,46035
48796,69,46026
48797,0,46045
48802,0,46047
48804,0,46048
48806,25,46050
48808,8,46050
48810,21,46052
48815,0,46056
48818,0,46057
48821,36,46059
48825,47,46063
48828,41,46063
48829,0,46064
48832,45,46065
48835,49,46068
48837,0,46068
48841,0,46073
48844,69,46045
48845,21,46078
48848,12,46078
48849,0,46088
48852,0,46089
48854,0,46091
48857,0,46092
48860,0,46093
48873,0,46107
48874,4,45112
48878,0,46129
48881,0,46132
48884,0,46134
48886,0,46138
48888,41,46139
48894,26,46143
48899,14,46147
48901,13,46147
48902,0,46160
48905,0,46161
48909,0,46168
48912,0,46171
48914,0,46179
48917,0,46181
48919,4,45135
48924,0,46210
48927,0,46212
48934,12,43997
48935,0,46239
48938,29,46242
48939,0,46243
48942,0,46244
48946,11,46247
48947,30,46247
48950,0,46250
48951,0,46255
48953,45,46256
48958,11,46261
48959,30,46261
48961,11,46264
48962,8,46264
48963,30,46264
48970,0,46274
48982,22,46280
48991,0,46295
48995,0,46299
48998,0,46300
49006,0,46306
49011,8,46307
49012,11,46307
49016,8,46308
49017,11,46308
49021,0,46315
49025,0,46321
49029,8,46323
49031,0,46331
49033,0,46332
49035,0,46334
49037,0,46335
49039,0,46336
49041,0,46337
49054,4,46302
49057,0,46373
49060,0,46374
49063,0,46375
49066,0,46378
49068,0,46379
49070,0,46380
49076,0,46397
49079,0,46401
49083,45,46404
49084,0,46404
49085,8,46397
49090,45,46409
49092,11,46409
49094,8,46410
49095,8,46412
49098,0,46414
49102,0,46418
49106,13,46420
49111,45,46434
49112,11,46434
49113,45,46438
49116,49,46446
49117,11,46438
49119,8,46449
49120,0,46449
49121,0,46450
49123,46,46452
49124,11,46452
49125,8,46452
49127,0,46456
49130,0,46460
49133,0,46466
49140,66,46477
49144,0,46480
49145,0,46485
49148,0,46486
49149,3,46486
49150,0,46487
49153,0,46488
49156,0,46489
49159,0,46490
49162,30,45314
49164,35,46503
49168,4,43779
49169,51,46512
49173,41,46523
49176,0,46526
49179,0,46529
49182,0,46530
49185,12,46531
49188,0,46533
49191,0,46535
49195,49,46540
49198,49,46541
49201,0,46542
49203,49,46543
49206,69,46542
49207,45,46545
49208,11,46545
49209,0,46556
49213,0,46561
49216,0,46562
49219,0,46565
49224,39,46574
49226,8,46574
49227,45,46576
49229,8,46576
49231,41,46581
49234,0,46584
49236,0,46587
49240,49,46596
49241,0,46597
49244,45,46599
49247,0,46605
49251,0,46606
49252,0,46612
49255,0,46616
49259,0,46622
49262,45,46628
49263,0,46628
49267,0,46630
49270,49,46641
49271,0,46642
49275,0,46648
49278,0,46651
49281,38,46657
49284,49,46661
49285,0,46663
49288,45,46668
49291,30,46668
49294,11,46663
49295,0,46680
49300,0,46689
49303,0,46690
49307,11,46689
49309,69,46696
49312,0,46700
49317,0,46715
49318,0,46717
49320,0,46720
49325,0,46726
49328,0,46727
49334,0,46732
49337,0,46733
49342,0,46744
49345,0,46745
49348,0,46746
49353,5,46756
49360,22,46766
49362,4,46767
49365,4,46771
49369,11,46772
49370,8,46772
49372,31,46774
49375,40,46779
49379,0,46781
49380,41,46792
49381,40,46793
49382,11,46793
49383,44,46795
49385,0,46795
49386,0,46799
49389,45,46801
49391,0,46810
49394,0,46811
49396,0,46812
49400,11,46779
49402,0,46819
49404,0,46820
49412,45,46830
49414,45,46831
49416,0,46834
49418,21,46841
49427,45,46851
49428,0,46851
49429,0,46852
49432,0,46853
49435,0,46854
49437,8,46852
49440,69,46854
49443,0,46870
49445,0,46871
49448,0,46872
49450,0,46874
49453,0,46875
49458,0,46883
49461,0,46885
49464,22,46885
49466,0,46890
49468,40,46893
49472,0,46905
49474,49,46908
49481,0,46911
49482,0,46913
49485,45,46918
49488,45,46920
49508,45,38927
49526,8,46939
49531,49,46941
49534,49,46942
49537,49,46943
49540,49,46944
49543,49,46947
49549,49,46950
49552,49,46951
49555,49,46952
49558,49,46953
49561,0,46957
49565,52,46960
49571,30,46964
49574,11,46964
49578,11,46969
49581,9,46979
49586,0,46980
49589,0,47008
49593,0,47010
49599,32,47013
49602,52,47018
49603,21,47018
49604,52,47019
49605,30,47019
49608,30,36264
49609,45,47025
49612,4,46730
49613,30,47025
49614,0,47034
49617,0,47037
49624,0,47055
49627,12,47055
49628,0,47060
49631,9,47074
49632,0,47076
49635,31,47077
49638,0,47079
49640,0,47085
49643,0,47087
49645,0,47088
49652,0,47092
49655,0,47093
49658,12,46065
49659,8,46065
49662,49,47100
49673,0,47113
49676,0,47114
49680,12,47115
49682,0,47122
49684,0,47125
49687,0,47133
49692,8,47143
49694,11,47143
49695,0,47147
49698,45,47150
49703,0,47157
49706,45,47160
49711,45,47162
49714,11,47164
49717,0,47168
49720,0,47176
49723,0,47177
49726,51,47178
49730,0,47180
49733,0,47183
49736,0,47184
49737,0,47185
49742,0,47189
49746,41,47197
49749,0,47199
49750,3,47199
49753,0,47206
49757,0,47217
49760,0,47219
49763,0,47220
49765,0,47221
49768,45,47223
49777,12,47245
49780,0,47248
49782,4,47259
49785,0,47264
49787,0,47265
49790,0,47268
49793,69,47264
49794,0,47271
49797,66,47275
49799,66,47276
49802,29,47223
49803,9,47289
49804,0,47293
49806,0,47296
49808,45,47297
49813,0,47304
49818,49,47308
49827,0,47319
49828,0,47320
49834,0,47326
49837,0,47329
49841,4,45747
49851,21,47341
49852,0,47341
49853,0,47344
49856,0,47345
49862,49,47350
49871,8,47357
49874,0,47361
49875,3,47361
49881,21,47367
49882,0,47367
49886,0,47374
49888,0,47375
49898,69,47385
49902,0,47391
49903,28,47391
49906,0,47400
49908,11,47401
49915,35,47408
49916,36,47408
49918,36,47410
49919,0,47413
49922,11,47414
49926,36,47415
49929,0,47416
49932,29,47297
49933,0,47432
49936,0,47433
49939,0,47435
49941,0,47439
49950,49,47445
49953,9,47456
49956,13,47456
49960,0,47473
49963,0,47482
49966,8,47483
49968,0,47485
49976,4,47390
49983,0,47502
49988,0,47505
50002,0,47514
50004,0,47516
50007,0,47517
50010,0,47525
50015,0,47529
50016,9,47537
50017,0,47541
50020,0,47542
50024,12,47543
50030,4,44629
50031,0,47549
50034,0,47550
50037,0,47551
50040,45,47553
50043,30,47553
50044,45,47556
50056,49,47581
50058,0,47586
50061,38,47587
50066,0,47589
50068,49,47591
50069,22,47591
50072,0,47592
50076,11,47599
50085,0,47613
50087,0,47615
50090,8,47245
50093,0,47625
50108,0,47635
50111,49,47641
50112,49,47644
50113,4,45451
50114,0,47648
50117,49,47659
50118,0,47663
50123,0,47669
50126,0,47671
50129,0,47674
50135,0,47681
50138,0,47690
50142,0,47697
50144,49,47700
50145,14,47700
50147,49,47704
50148,14,47704
50149,8,47707
50153,0,47710
50156,49,47711
50157,14,47711
50158,0,47713
50161,0,47717
50164,0,47724
50166,0,47725
50172,8,47726
50175,8,47727
50177,0,47731
50182,49,47736
50185,0,47738
50188,0,47740
50190,0,47743
50194,4,47748
50197,49,47758
50200,11,47556
50201,0,47772
50203,0,47773
50207,0,47777
50210,0,47782
50212,49,47787
50213,36,47787
50214,28,47788
50215,0,47789
50218,28,47790
50219,28,47791
50221,0,47795
50226,0,47799
50229,0,47810
50232,49,47811
50233,0,47816
50235,8,47487
50236,0,47821
50240,0,47825
50243,0,47834
50246,40,47837
50248,0,47838
50250,0,47839
50258,0,47850
50263,0,47851
50264,28,47856
50267,0,47857
50269,69,47857
50271,8,47856
50272,30,47862
50274,0,47867
50279,52,47879
50280,26,47879
50282,11,47882
50283,52,47884
50284,16,47884
50288,14,47898
50290,0,47901
50293,22,47906
50298,0,47913
50301,0,47916
50304,45,47919
50308,32,47919
50309,30,47936
50322,22,47944
50323,0,47944
50325,12,47943
50330,40,46801
50331,21,47957
50335,21,47958
50337,22,47959
50338,0,47959
50340,0,47962
50343,69,47962
50344,4,47685
50347,9,47971
50348,8,47973
50354,45,47976
50360,0,47981
50363,0,47983
50365,45,47985
50374,0,47996
50378,8,48003
50380,0,48006
50383,0,48007
50385,0,48008
50389,9,48017
50392,0,48019
50394,19,48020
50396,25,48025
50399,66,48027
50403,66,48029
50405,66,48030
50408,0,48035
50411,0,48037
50413,52,48040
50415,4,47844
50416,30,48047
50419,9,48051
50420,52,48052
50421,21,48052
50422,0,48061
50424,0,48062
50426,0,48064
50431,0,48074
50434,0,48077
50436,21,48079
50437,0,48079
50441,0,48087
50444,55,48088
50446,0,48089
50449,4,47949
50450,0,48099
50451,44,48099
50452,52,48101
50453,36,48101
50454,0,48102
50457,52,48103
50458,36,48103
50459,0,48104
50462,0,48106
50465,0,48108
50473,12,48114
50475,4,47968
50476,36,48121
50481,4,47952
50490,0,48140
50492,0,48142
50494,4,48143
50500,0,48147
50509,0,48155
50510,0,48156
50515,29,48157
50516,0,48160
50519,9,48163
50525,9,48179
50528,0,48180
50531,0,48184
50534,0,48185
50541,8,48198
50544,0,48200
50546,0,48202
50549,6,48203
50550,0,48203
50552,44,48208
50554,0,48208
50557,0,48209
50560,0,48211
50561,0,48213
50575,52,48232
50576,30,48232
50581,36,48235
50582,52,48236
50583,30,48236
50584,0,48239
50587,0,48242
50592,0,48243
50595,0,48245
50596,41,48246
50600,0,48247
50601,0,48248
50608,9,48251
50612,0,48252
50615,0,48256
50620,0,48263
50626,45,48269
50630,0,48271
50633,0,48278
50636,0,48279
50645,11,47837
50647,0,48282
50650,0,48285
50653,8,48282
50657,0,48297
50661,8,48300
50662,4,48265
50663,45,48318
50666,40,48318
50670,0,48321
50673,0,48324
50676,41,48335
50678,8,48335
50679,0,48336
50681,9,48337
50682,45,48343
50690,8,48318
50691,0,48360
50694,0,48364
50698,8,48371
50702,0,48379
50705,22,48378
50711,4,48348
50714,0,48396
50722,0,48419
50726,69,48422
50727,0,48433
50730,9,48436
50731,0,48437
50733,69,48437
50734,4,48320
50735,0,48445
50738,30,48450
50741,45,48455
50747,0,48463
50754,45,48476
50755,0,48476
50756,8,48479
50759,0,48482
50763,45,48491
50766,0,48492
50771,0,48495
50773,69,48495
50774,0,48500
50776,0,48501
50777,3,48501
50778,0,48502
50780,0,48503
50792,8,48516
50796,0,48517
50801,0,48521
50806,0,48524
50808,22,48526
50809,0,48526
50817,0,48535
50825,0,48542
50826,44,48542
50827,0,48545
50832,0,48549
50835,0,48551
50837,0,48553
50840,0,48554
50843,66,48555
50847,8,48556
50849,0,48558
50853,0,48563
50858,0,48574
50862,0,48582
50865,0,48586
50868,0,48589
50870,45,48591
50873,29,48591
50875,31,48597
50878,0,48601
50883,13,48604
50885,50,48606
50887,0,48613
50890,11,48491
50891,40,48617
50894,11,48617
50895,8,48597
50896,49,48622
50899,49,48624
50902,49,48626
50905,49,48627
50908,49,48628
50913,0,48630
50914,49,48631
50917,49,48632
50920,49,48633
50925,0,48636
50926,39,48639
50932,8,48640
50936,4,48636
50941,0,48648
50944,0,48649
50947,4,47851
50951,8,48658
50953,0,48659
50957,66,48661
50959,66,48662
50963,0,48673
50965,4,48677
50966,0,48677
50967,11,48679
50971,0,48681
50974,0,48684
50975,0,48688
50978,22,48641
50979,0,48699
50982,0,48700
50985,45,48701
50988,45,48702
50996,45,48711
50998,11,48711
51001,0,48715
51003,8,48720
51006,52,48722
51007,11,48722
51011,0,48726
51013,31,48728
51014,8,48728
51019,0,48750
51024,0,48751
51025,36,48759
51028,52,48760
51029,16,48760
51030,13,48760
51033,12,48770
51035,0,48770
51039,12,48774
51040,0,48774
51041,0,48775
51047,0,48777
51050,0,48778
51054,0,48787
51058,0,48788
51059,0,48789
51067,0,48793
51071,0,48798
51074,11,48793
51075,22,45918
51078,40,48817
51082,45,48819
51086,40,48821
51090,40,48822
51095,40,48824
51099,40,48825
51103,0,48827
51105,0,48829
51109,0,48832
51112,0,48833
51116,30,48835
51117,9,48840
51118,0,48843
51121,40,48851
51123,11,48851
51125,0,48852
51128,0,48859
51131,0,48863
51134,0,48867
51136,0,48869
51138,0,48870
51145,49,48883
51147,0,48883
51148,0,48886
51153,0,48891
51156,11,39595
51159,12,48900
51161,0,48900
51165,12,48901
51166,0,48901
51167,0,48903
51170,45,48907
51173,45,48909
51177,45,48912
51180,45,48913
51183,45,48915
51189,0,48918
51190,45,48921
51193,45,48925
51196,45,48926
51199,45,48938
51203,36,48939
51204,0,48941
51207,0,48942
51221,71,48952
51222,0,48966
51228,0,48971
51230,22,48972
51231,0,48972
51234,0,48974
51236,4,48975
51237,0,48975
51238,0,48978
51240,25,48980
51242,8,48980
51243,9,48981
51244,45,48982
51249,0,48994
51251,0,48997
51254,0,48998
51258,32,48819
51259,29,48938
51260,4,48994
51266,0,49014
51284,0,49028
51287,47,48450
51289,0,49034
51309,66,49049
51311,4,48978
51312,66,49053
51315,0,49059
51320,0,49066
51322,0,49067
51327,0,49079
51330,46,49080
51331,40,49080
51332,8,49080
51333,0,49092
51336,4,46668
51337,0,49095
51339,0,49097
51345,41,49104
51347,8,49104
51348,9,49108
51351,8,49112
51355,12,49116
51357,0,49116
51362,0,49125
51363,39,49131
51365,8,49131
51367,0,49132
51368,3,49132
51369,0,49139
51372,0,49141
51375,0,49142
51378,0,49143
51381,14,49146
51384,45,49148
51387,0,49149
51393,0,49152
51395,13,49146
51396,29,49148
51397,0,49169
51400,22,49159
51401,0,49172
51403,0,49173
51409,0,49180
51411,21,49182
51412,0,49182
51413,0,49184
51419,0,49186
51423,0,49188
51426,0,49195
51428,8,49202
51429,46,49204
51430,8,49204
51431,0,49207
51433,52,49208
51434,30,49208
51435,0,49211
51439,47,49219
51443,0,49220
51447,0,49223
51450,0,49228
51453,0,49233
51456,8,49235
51458,0,49239
51461,0,49243
51464,0,49248
51466,0,49249
51468,0,49250
51470,0,49251
51472,4,48647
51481,0,49270
51483,30,49276
51485,0,49278
51490,0,49280
51491,45,49282
51494,45,49284
51497,45,49286
51508,0,49292
51510,0,49297
51513,11,49307
51518,0,49310
51521,8,49311
51522,50,49312
51524,0,49315
51525,28,49315
51528,0,49326
51530,0,49327
51532,11,49330
51537,14,35875
51551,40,49342
51552,0,49344
51559,0,49353
51562,0,49357
51567,0,49358
51569,0,49363
51572,0,49364
51575,0,49369
51577,45,49371
51580,11,49371
51581,38,49377
51584,38,49378
51587,0,49380
51590,0,49385
51592,4,49369
51597,20,49400
51599,66,49020
51600,52,49406
51601,16,49406
51602,11,48978
51606,0,49410
51608,45,49412
51618,0,49430
51625,12,49433
51626,20,49438
51628,14,49442
51631,13,49442
51632,0,49446
51634,0,49448
51642,0,49454
51643,0,49463
51646,11,49464
51649,0,49470
51653,0,49472
51655,0,49482
51658,11,49369
51659,22,49369
51662,0,49501
51665,0,49504
51673,0,49512
51677,0,49517
51678,0,49520
51681,45,49521
51684,0,49522
51688,8,49532
51690,0,49533
51693,49,49534
51696,49,49535
51699,45,49542
51705,4,49345
51706,4,49342
51722,0,49576
51731,21,49589
51732,0,49589
51733,0,49590
51734,3,49590
51737,12,49596
51739,56,49598
51740,11,49598
51743,12,49599
51744,0,49608
51749,0,49610
51750,0,49612
51752,0,49615
51754,0,49617
51757,0,49618
51760,14,49619
51763,0,49626
51766,0,49628
51769,0,49629
51775,13,49619
51776,0,49640
51781,3,49643
51782,0,49643
51786,0,49646
51787,8,49643
51789,0,49657
51792,0,49663
51794,0,49667
51796,0,49668
51812,22,49698
51813,0,49698
51816,0,49701
51821,0,49710
51823,0,49713
51826,0,49716
51828,11,49643
51831,8,49729
51835,25,49738
51838,0,49757
51843,0,49758
51844,0,49781
51846,0,49782
51848,0,49784
51850,0,49788
51853,12,49738
51857,0,49801
51862,0,49806
51863,0,49808
51866,0,49813
51868,0,49815
51872,23,49823
51877,0,49826
51879,0,49833
51884,0,49836
51888,0,49840
51891,0,49843
51894,0,49844
51899,0,49856
51902,13,49590
51903,0,49865
51906,0,49870
51909,0,49873
51912,0,49874
51916,69,49874
51917,0,49895
51920,0,49914
51924,45,49924
51926,11,49924
51928,0,49926
51930,0,49927
51935,0,49932
51943,0,49937
51944,0,49938
51951,25,49952
51953,12,49952
51957,49,49956
51959,49,49963
51962,45,49968
51965,4,49970
51968,4,49972
51971,45,49981
51974,11,49981
51977,8,49988
51981,8,49989
51983,0,49995
51986,45,49997
51989,0,50000
51992,10,49159
51995,11,49997
51997,0,50016
52000,0,50017
52003,0,50030
52008,0,50031
52011,0,50033
52014,13,50034
52015,22,49865
52016,45,50043
52019,45,50044
52028,0,50048
52031,0,50052
52034,0,50056
52040,0,50075
52043,49,50077
52044,0,50079
52048,49,50082
52050,0,50083
52052,0,50084
52063,0,50096
52066,0,50101
52068,0,50102
52071,0,50103
52074,0,50104
52076,0,50105
52078,0,50106
52084,45,50113
52093,0,50129
52094,49,50136
52106,0,50164
52110,0,50165
52111,4,50157
52113,0,50170
52116,45,50176
52121,12,50178
52122,0,50178
52123,0,50179
52126,0,50185
52129,0,50192
52132,0,50193
52137,0,50202
52138,49,50213
52141,49,50215
52146,0,50217
52148,11,50218
52150,11,50219
52151,10,48711
52152,0,50222
52155,0,50224
52158,49,50226
52161,45,50228
52167,11,50228
52168,0,50237
52177,49,50244
52178,9,50244
52179,0,50245
52184,49,50251
52186,22,50252
52187,0,50252
52188,30,50256
52192,0,50262
52200,41,50274
52201,24,50275
52206,12,50277
52208,25,50278
52210,52,50280
52219,0,50291
52222,0,50299
52224,0,50300
52226,41,50301
52231,52,50305
52232,30,50305
52233,52,50306
52234,36,50306
52235,0,50308
52238,52,50309
52239,23,50309
52240,0,50312
52244,0,50313
52249,0,50316
52250,11,48952
52251,30,48952
52252,0,50329
52262,0,50341
52267,0,50343
52270,0,50344
52271,44,50346
52273,0,50346
52274,38,50347
52277,0,50350
52282,0,50354
52283,49,50356
52286,0,50359
52287,0,50370
52290,0,50371
52292,69,50371
52293,0,50380
52297,0,50387
52300,25,50388
52302,0,50400
52306,0,50403
52308,0,50404
52310,0,50407
52313,0,50409
52318,45,50415
52319,11,50415
52320,45,50417
52321,11,50417
52322,0,50420
52325,0,50426
52330,0,50427
52333,49,50429
52337,49,50431
52340,49,50432
52343,0,50433
52348,0,50439
52352,0,50456
52356,13,50457
52357,69,50456
52360,47,50464
52362,0,50467
52367,0,50468
52370,0,50469
52376,0,50477
52384,0,50480
52386,0,50481
52390,0,50487
52393,0,50493
52396,0,50494
52399,0,50495
52401,0,50496
52403,69,50477
52404,69,50480
52407,0,50504
52410,0,50514
52413,13,48952
52414,36,50523
52417,25,50524
52418,10,50524
52421,0,50533
52425,49,50540
52427,49,50541
52429,40,50542
52433,0,50543
52436,0,50546
52439,0,50553
52441,45,50554
52444,45,50555
52453,0,50560
52456,0,50566
52459,0,50570
52461,0,50576
52469,19,50584
52471,19,50585
52473,0,50587
52479,14,50599
52485,49,50605
52486,0,50606
52488,0,50607
52491,0,50608
52496,0,50609
52498,11,50300
52501,0,50623
52505,0,50630
52509,0,50636
52511,9,50637
52520,0,50645
52523,5,50648
52526,4,50558
52527,40,50658
52530,11,50658
52533,8,50665
52535,0,50666
52541,25,50671
52542,10,50671
52543,0,50673
52546,0,50676
52557,0,50685
52560,0,50689
52564,41,50703
52565,52,50704
52566,29,50704
52567,52,50705
52568,30,50705
52570,23,50706
52571,0,50708
52573,0,50709
52575,52,50710
52577,69,50708
52578,23,50713
52581,11,50713
52583,4,49464
52584,0,50717
52589,0,50720
52595,0,50725
52596,0,50727
52600,0,50732
52608,0,50743
52611,0,50744
52616,0,50754
52617,41,50756
52618,8,50764
52625,8,50771
52631,8,50783
52634,0,50794
52637,0,50796
52639,0,50797
52641,0,50798
52643,0,50799
52645,0,50800
52647,0,50801
52649,0,50803
52652,0,50806
52653,3,50806
52654,69,50799
52655,69,50800
52656,69,50801
52657,69,50803
52658,0,50812
52663,45,50824
52665,0,50830
52668,11,50824
52672,0,50841
52675,0,50843
52689,0,50859
52706,66,50866
52709,0,50867
52713,0,50868
52716,0,50870
52724,69,50867
52730,0,50881
52737,0,50891
52740,0,50892
52745,0,50910
52749,4,48300
52754,44,50920
52756,0,50920
52759,49,50924
52762,49,50925
52765,49,50926
52768,0,50927
52771,49,50928
52774,0,50929
52776,49,50930
52779,49,50931
52782,49,50932
52785,49,50933
52788,49,50936
52793,0,50938
52795,49,50940
52798,0,50946
52801,0,50950
52806,0,50962
52807,49,50964
52812,40,50970
52815,10,49311
52816,40,50972
52819,0,50974
52822,35,50976
52824,0,50981
52826,0,50982
52829,39,50998
52831,0,51008
52834,0,51027
52837,0,51028
52839,45,51029
52842,0,51030
52845,0,51046
52847,69,51046
52848,49,51057
52849,8,51059
52853,0,51061
52858,36,51069
52859,40,51070
52861,49,51071
52863,8,51072
52866,40,51073
52869,11,51029
52870,0,51075
52873,45,51086
52876,9,51087
52877,13,51087
52878,11,51086
52881,0,51090
52882,26,51091
52885,12,51091
52886,26,51094
52889,0,51101
52892,0,51103
52895,0,51107
52897,0,51108
52899,0,51109
52901,0,51110
52903,0,51111
52913,0,51139
52916,36,51147
52917,0,51151
52920,0,51154
52923,22,51155
52924,0,51155
52932,41,51163
52936,41,51166
52943,0,51172
52947,0,51180
52950,0,51182
52955,0,51186
52958,0,51188
52966,0,51196
52969,0,51197
52972,0,51198
52975,0,51199
52978,0,51202
52981,25,51206
52982,10,51206
52985,12,51224
52986,21,51225
52988,11,51225
52989,52,51226
52990,36,51226
52991,0,51228
52993,49,51230
52994,52,51231
52995,22,51231
52998,0,51232
53000,52,51235
53001,8,51235
53008,26,51238
53009,0,51239
53011,0,51240
53014,19,51241
53016,30,51246
53020,0,51254
53023,45,51256
53026,29,51256
53027,0,51258
53030,0,51260
53034,0,51261
53036,20,51264
53037,0,51267
53041,11,51273
53042,44,51275
53044,0,51275
53045,44,51277
53047,0,51277
53050,2,51289
53055,0,51294
53056,30,51295
53058,45,51296
53061,0,51298
53066,45,51300
53069,45,51301
53072,0,51302
53075,0,51303
53077,0,51304
53079,0,51305
53081,9,51310
53082,0,51311
53091,4,51325
53093,0,51334
53097,14,50982
53100,0,51345
53102,0,51346
53106,4,51183
53109,0,51354
53110,52,51356
53111,36,51356
53114,0,51357
53115,52,51359
53117,52,51361
53119,0,51363
53122,9,51364
53125,0,51365
53126,45,51369
53129,49,51373
53134,0,51381
53140,0,51388
53142,0,51394
53144,0,51395
53148,49,51396
53149,0,51397
53152,0,51398
53154,0,51399
53160,10,51406
53162,25,51408
53163,10,51408
53165,28,51410
53172,0,51426
53174,0,51430
53180,36,51440
53184,0,51441
53185,0,51443
53187,0,51444
53191,0,51449
53194,0,51454
53204,10,49500
53207,0,51470
53212,0,51475
53213,0,51477
53215,16,50725
53226,26,51488
53229,52,51494
53233,13,51497
53235,0,51498
53238,0,51508
53241,0,51515
53244,0,51519
53246,49,51520
53247,29,51369
53248,0,51529
53254,0,51534
53255,0,51536
53257,0,51537
53267,0,51548
53276,0,51557
53277,0,51560
53283,45,51567
53285,11,51567
53287,0,51568
53289,45,51569
53291,11,51569
53294,0,51576
53297,40,51577
53308,0,51584
53310,0,51585
53313,69,51584
53317,0,51594
53320,0,51596
53324,0,51601
53329,0,51604
53332,23,51606
53335,0,51607
53338,0,51608
53341,49,51609
53343,49,51610
53345,49,51611
53347,0,51612
53350,0,51614
53352,0,51615
53355,0,51616
53359,11,51606
53361,0,51646
53365,0,51648
53379,0,51659
53382,36,51664
53388,0,51680
53390,0,51682
53400,0,51689
53404,0,51697
53408,4,51555
53412,0,51709
53415,11,51711
53416,28,51648
53417,0,51716
53423,9,51730
53429,0,51738
53430,0,51739
53433,0,51741
53436,41,51743
53438,0,51746
53441,0,51747
53444,0,51748
53447,54,49823
53448,0,51751
53451,0,51758
53458,0,51764
53459,0,51768
53461,0,51776
53466,0,51777
53467,8,51781
53469,49,51782
53471,0,51787
53474,0,51788
53479,41,51789
53480,0,51790
53482,49,51791
53488,0,51795
53499,0,51805
53504,0,51814
53509,0,51817
53512,0,51821
53515,0,51823
53518,0,51824
53521,0,51829
53525,0,51830
53526,49,51833
53527,22,51833
53528,0,51834
53530,0,51836
53533,0,51840
53536,0,51842
53538,0,51843
53541,0,51844
53543,9,51852
53548,71,51857
53550,49,51858
53557,49,51880
53559,0,51888
53561,45,51891
53564,0,51892
53566,0,51893
53569,45,51894
53572,0,51896
53578,45,51914
53579,0,51914
53580,0,51920
53585,69,51921
53586,69,51922
53587,0,51931
53590,0,51936
53593,45,51939
53601,30,51891
53602,30,51894
53603,0,51960
53607,0,51961
53610,0,51962
53611,0,51963
53618,0,51973
53620,0,51975
53623,0,51976
53627,0,51980
53632,0,51983
53636,49,51985
53643,9,51931
53644,0,51995
53647,9,51995
53649,45,52009
53650,0,52009
53651,0,52010
53654,0,52011
53659,0,52036
53662,0,52037
53665,45,52039
53671,0,52046
53674,0,52048
53675,4,51698
53682,0,52065
53683,11,52065
53684,39,52068
53686,8,52068
53687,35,52072
53688,36,52072
53694,0,52082
53699,14,45127
53702,0,52095
53704,69,52095
53706,4,52088
53708,0,52102
53714,8,51191
53715,45,52110
53718,49,52112
53719,0,52114
53723,26,52120
53731,0,52127
53735,0,52132
53736,0,52135
53741,45,52137
53744,8,52137
53746,9,52144
53747,13,52144
53748,0,52145
53765,0,52190
53769,0,52191
53772,0,52193
53774,0,52198
53783,45,52206
53784,11,52206
53785,41,52172
53788,0,52213
53790,9,52214
53792,9,52216
53794,0,52217
53798,0,52221
53800,0,52222
53809,37,52232
53811,0,52233
53817,36,52136
53819,0,52269
53822,4,52079
53827,8,52276
53829,4,52136
53832,0,52280
53833,0,52281
53836,8,52281
53837,0,52283
53839,9,52286
53843,0,52291
53849,0,52300
53852,0,52302
53855,0,52303
53860,0,52304
53861,9,52316
53864,28,51515
53865,0,52324
53867,0,52325
53869,0,52326
53871,49,52327
53873,0,52328
53878,0,52338
53881,35,52345
53882,36,52345
53887,0,52362
53889,0,52363
53892,0,52364
53895,0,52366
53897,0,52368
53900,0,52370
53908,0,52386
53911,28,52390
53913,8,52390
53914,28,52391
53916,8,52391
53917,57,52399
53919,8,52399
53920,4,52400
53923,0,52403
53928,0,52406
53929,0,52408
53931,0,52413
53934,4,52415
53937,4,52417
53940,51,52418
53944,0,52429
53948,8,52431
53949,44,52438
53951,0,52438
53954,0,52439
53955,0,52440
53958,9,52444
53960,9,52445
53963,0,52456
53973,14,52325
53975,0,52475
53980,0,52480
53983,11,52483
53986,11,52484
53987,38,52485
53992,0,52492
53995,0,52511
53997,71,52517
54003,0,52522
54006,30,50300
54007,45,52524
54010,36,52525
54013,32,52524
54014,49,52534
54016,49,52536
54017,36,52536
54018,40,52542
54021,0,52543
54026,0,52545
54029,8,52548
54030,11,52548
54031,0,52554
54036,8,52561
54038,11,52561
54039,0,52562
54044,8,52567
54045,0,52569
54047,0,52572
54051,0,52575
54056,4,52489
54057,0,52589
54062,0,52607
54065,0,52610
54068,0,52611
54076,0,52627
54079,71,52627
54080,22,52627
54081,0,52629
54083,0,52630
54087,49,52638
54089,49,52642
54092,49,52647
54093,11,52647
54095,49,52648
54098,49,52649
54101,49,52654
54106,30,52662
54109,0,52672
54116,9,52679
54117,13,52679
54122,0,52689
54123,22,52689
54126,45,52702
54130,0,52706
54132,0,52709
54136,11,52542
54137,0,52713
54140,0,52718
54143,0,52724
54146,11,52567
54149,0,52733
54152,45,52735
54155,0,52736
54158,14,52743
54161,13,52743
54164,11,52750
54165,0,52754
54167,0,52755
54169,0,52756
54171,0,52758
54177,45,52764
54179,13,52764
54180,11,52764
54181,45,52765
54184,49,52766
54185,26,52766
54189,45,52776
54191,11,52776
54193,45,52779
54195,11,52779
54197,0,52781
54201,4,52786
54203,11,52786
54206,13,52787
54207,11,52787
54209,36,52794
54212,0,52795
54217,0,52804
54220,4,52805
54222,11,52805
54225,11,52808
54226,44,52810
54227,14,52810
54228,0,52810
54229,0,52812
54231,0,52813
54233,0,52814
54236,0,52815
54241,11,52830
54243,31,52832
54245,0,52836
54248,8,52838
54251,50,52840
54252,11,52840
54259,0,52843
54262,0,52846
54265,0,52847
54268,0,52853
54271,0,52854
54274,0,52855
54277,45,52830
54280,0,52867
54285,26,52870
54288,2,52872
54293,0,52885
54295,8,52864
54297,0,52890
54300,4,52864
54305,11,52906
54307,0,52908
54311,0,52911
54317,9,52918
54319,0,52919
54322,0,52926
54325,0,52928
54327,8,52929
54330,0,52934
54333,0,52936
54335,0,52937
54338,0,52938
54341,0,52939
54344,0,52940
54347,0,52942
54350,0,52943
54356,13,52958
54357,11,52958
54359,11,52960
54360,11,52961
54366,0,52967
54369,11,52918
54372,8,52975
54373,11,52975
54374,49,52980
54376,31,52986
54378,8,52986
54385,0,52996
54386,0,53001
54389,9,53003
54391,9,53004
54393,0,53011
54397,8,53013
54398,49,53021
54400,0,53022
54406,11,53027
54407,11,53003
54409,11,53029
54411,11,53004
54412,0,53036
54414,0,53037
54422,0,53046
54426,13,53047
54427,11,53047
54428,69,53046
54431,13,53051
54432,11,53051
54435,13,53053
54436,11,53053
54438,45,53055
54439,0,53055
54440,0,53062
54442,49,53069
54448,45,53078
54449,0,53078
54450,49,53085
54451,0,53086
54453,0,53087
54455,49,53088
54456,0,53089
54459,0,53090
54462,0,53091
54464,8,53026
54468,0,53108
54474,0,53116
54475,0,53121
54478,45,53122
54479,0,53122
54491,0,53128
54494,0,53138
54495,4,53026
54496,4,52137
54497,0,53143
54502,0,53144
54503,0,53147
54505,45,53148
54508,44,53150
54510,0,53150
54511,0,53153
54515,45,53155
54516,0,53155
54517,0,53157
54521,9,53166
54524,8,53167
54525,11,53167
54528,8,53174
54532,8,53175
54533,11,53175
54534,0,53176
54537,39,53177
54540,45,53178
54541,0,53178
54542,0,53180
54545,0,53184
54555,45,53193
54556,0,53193
54560,0,53208
54561,11,53208
54562,49,53211
54563,49,53215
54564,14,53215
54566,45,53220
54567,0,53220
54568,0,53224
54570,0,53225
54573,0,53226
54575,0,53230
54580,45,53236
54584,0,53241
54589,45,53245
54590,0,53245
54591,0,53246
54595,49,53252
54596,25,53253
54598,0,53255
54603,0,53268
54605,0,53269
54610,30,53236
54611,9,53286
54614,9,53288
54616,4,48003
54624,8,53298
54627,0,53302
54629,0,53303
54631,69,53303
54632,11,52627
54635,11,52137
54636,0,53313
54645,45,53334
54646,0,53334
54647,41,53336
54649,11,53286
54651,11,53349
54654,11,53351
54657,0,53355
54660,0,53358
54668,22,53368
54674,8,53371
54677,8,53370
54682,45,53377
54683,0,53377
54684,0,53378
54686,0,53379
54690,0,53381
54696,22,53388
54697,0,53388
54700,0,53394
54703,0,53396
54708,11,53399
54709,49,53386
54712,45,53408
54715,0,53410
54718,9,53411
54720,0,53412
54723,0,53413
54725,12,53411
54727,11,53411
54729,11,53418
54733,0,53422
54734,13,53422
54735,0,53424
54738,0,53425
54740,0,53426
54743,36,53427
54749,8,53434
54751,11,51939
54752,8,53439
54757,11,53105
54758,11,53434
54761,0,53451
54762,0,53452
54764,69,53452
54765,0,53456
54767,28,53458
54772,45,53466
54775,69,53463
54776,0,53473
54779,0,53476
54783,45,53479
54784,0,53479
54785,0,53486
54788,9,53488
54789,44,53489
54791,0,53489
54792,49,53490
54796,49,53491
54800,49,53492
54804,49,53493
54808,0,53496
54810,0,53497
54812,0,53498
54817,71,53487
54819,11,53513
54822,0,53519
54825,0,53520
54828,0,53521
54831,0,53522
54833,0,53523
54837,45,53540
54839,29,53466
54840,71,53543
54843,11,53545
54844,56,53547
54845,36,53547
54847,11,53548
54848,45,53549
54851,45,53551
54854,45,53553
54883,0,53569
54888,0,53570
54889,0,53571
54891,0,53573
54899,52,53577
54900,41,53577
54903,45,53588
54906,30,53588
54907,45,53594
54910,11,53594
54912,69,53598
54913,0,53603
54920,49,53608
54924,0,53615
54927,52,53617
54928,36,53617
54930,36,53618
54931,28,53619
54932,11,53619
54935,0,53620
54937,30,53622
54938,20,53623
54941,30,53624
54942,0,53624
54947,22,53630
54949,22,53633
54950,52,53636
54951,29,53636
54953,22,53637
54958,40,53640
54960,11,53640
54962,30,53641
54963,52,53642
54964,29,53642
54966,30,53643
54968,30,53644
54971,0,53658
54975,30,53659
54976,4,53604
54977,14,53665
54979,13,53665
54981,45,53676
54984,40,53677
54986,11,53677
54987,0,53677
54988,0,53681
54993,25,53684
54997,40,53689
54999,11,53689
55002,45,53695
55005,0,53696
55008,45,53697
55011,28,53087
55012,0,53705
55015,0,53706
55018,0,53708
55021,13,51369
55024,11,53712
55025,0,53712
55026,11,53714
55028,0,53718
55032,0,53722
55033,44,53723
55035,0,53723
55038,0,53724
55040,4,53608
55041,11,53729
55044,0,53732
55047,0,53733
55052,0,53743
55055,0,53744
55057,0,53745
55059,0,53746
55064,45,53762
55070,0,53764
55072,22,53770
55075,45,53771
55076,0,53771
55077,0,53774
55081,4,53440
55084,0,53786
55087,9,53793
55092,0,53795
55096,13,53799
55097,9,53800
55100,9,53801
55106,13,53805
55107,45,53807
55113,13,53808
55116,13,53809
55118,0,53811
55122,0,53816
55123,0,53820
55125,0,53821
55128,0,53822
55131,0,53823
55134,49,53824
55135,37,53824
55136,0,53825
55139,30,53807
55140,0,53829
55142,0,53831
55148,45,53839
55149,0,53839
55158,0,53848
55160,0,53851
55162,0,53854
55166,0,53857
55167,40,53859
55171,0,53864
55175,21,53865
55176,0,53865
55182,0,53882
55183,0,53885
55186,45,53886
55189,45,53888
55193,45,53893
55196,49,53899
55198,30,53886
55203,45,53908
55204,0,53908
55205,45,53912
55209,0,53914
55212,0,53918
55214,69,53918
55215,0,53923
55217,0,53925
55220,0,53926
55223,0,53928
55226,0,53931
55229,0,53932
55232,49,53936
55235,49,53937
55238,49,53938
55247,0,53965
55250,0,53970
55252,28,53971
55255,0,53976
55261,11,53980
55264,28,53997
55265,0,53999
55272,22,54010
55273,0,54010
55275,45,54018
55282,0,54025
55295,8,54036
55300,8,54037
55301,0,54044
55303,49,54046
55304,49,54047
55305,0,54048
55308,29,54018
55309,49,54056
55310,0,54057
55314,0,54064
55316,0,54065
55318,69,54065
55320,71,54044
55321,38,54070
55324,0,54072
55328,45,54081
55329,0,54081
55330,0,54084
55333,71,54089
55334,49,54089
55335,0,54090
55338,0,54091
55346,0,54097
55347,0,54098
55349,0,54099
55352,0,54101
55355,0,54102
55357,69,54098
55358,0,54104
55362,45,54109
55367,44,54118
55369,0,54118
55372,0,54120
55375,0,54122
55378,0,54123
55380,67,53980
55385,0,54140
55388,8,54144
55390,0,54145
55401,8,54154
55412,0,54162
55414,45,54163
55422,0,54177
55424,22,52629
55428,0,54188
55431,0,54189
55435,45,54191
55436,0,54191
55437,0,54193
55440,49,54198
55442,14,54206
55445,13,54206
55446,0,54215
55450,8,54225
55455,8,54229
55457,8,54231
55460,45,54238
55461,0,54238
55462,40,54239
55465,11,54239
55466,40,54242
55470,0,54243
55474,0,54247
55479,36,54252
55482,36,54253
55489,0,54263
55490,0,54266
55493,11,54247
55494,0,54280
55497,0,54283
55500,0,54285
55503,0,54286
55506,0,54287
55510,4,54169
55514,45,54300
55515,44,54302
55517,0,54302
55520,0,54303
55521,45,54306
55525,45,54307
55526,0,54307
55527,0,54315
55529,23,54317
55532,11,54317
55540,0,54332
55543,0,54336
55546,0,54337
55551,8,54339
55554,11,54337
55555,0,54345
55558,0,54348
55560,0,54350
55562,0,54352
55564,0,54353
55569,0,54360
55572,50,54362
55584,8,54373
55588,0,54380
55590,0,54381
55594,4,54137
55596,8,54326
55597,8,54251
55598,29,54306
55600,45,54398
55601,0,54398
55602,30,53888
55603,0,54405
55605,4,54326
55606,0,54407
55609,4,54327
55613,0,54422
55616,9,54429
55617,45,54437
55620,0,54438
55624,0,54440
55628,0,54449
55631,45,54450
55632,11,54450
55633,0,54454
55636,4,54340
55637,0,54463
55639,0,54465
55647,45,54473
55648,0,54473
55649,0,54479
55652,0,54490
55656,45,54500
55657,0,54500
55658,0,54505
55662,11,54516
55674,45,54525
55675,0,54525
55679,8,54532
55680,0,54537
55683,45,54538
55684,0,54538
55688,0,54542
55694,45,54546
55697,0,54551
55699,29,54546
55700,0,54553
55706,0,54563
55708,69,54563
55709,0,54567
55712,52,54572
55713,32,54572
55714,0,54574
55716,52,54575
55717,30,54575
55718,0,54576
55722,31,54579
55725,50,54581
55726,49,54581
55727,45,54587
55729,11,54587
55730,8,54587
55731,13,54587
55735,36,54595
55739,22,54601
55740,0,54602
55743,0,54607
55748,0,54614
55751,66,54621
55753,0,54622
55756,23,54623
55761,8,54579
55763,49,54637
55765,4,54642
55768,4,54643
55771,26,54647
55775,44,54652
55777,0,54652
55778,44,54654
55780,0,54654
55781,45,54659
55784,9,54660
55787,29,54659
55788,45,54662
55789,11,54662
55791,22,54663
55792,0,54663
55794,45,54664
55795,0,54664
55796,49,54665
55798,45,54667
55801,0,54668
55804,11,54669
55806,22,54670
55809,22,54672
55812,22,54673
55815,22,54674
55818,22,54678
55825,72,54685
55826,26,54685
55827,45,54687
55833,22,54691
55834,0,54691
55837,0,54695
55840,29,54667
55842,0,54708
55847,22,54710
55850,9,54714
55852,0,54718
55857,22,54709
55858,38,54725
55863,8,54725
55864,0,54728
55868,38,54734
55871,0,54741
55875,9,54743
55876,0,54745
55877,3,54745
55878,0,54746
55881,49,54747
55882,49,54748
55884,49,54750
55886,0,54750
55892,9,54757
55893,71,54757
55895,45,54758
55896,0,54758
55899,45,54765
55901,0,54768
55908,0,54774
55911,45,54779
55914,11,54779
55916,0,54782
55918,69,54782
55919,0,54785
55933,4,54798
55935,4,54799
55937,28,54123
55942,8,54802
55945,0,54807
55948,0,54815
55953,0,54823
55956,0,54828
55959,0,54830
55962,72,54832
55963,26,54832
55964,52,54833
55968,0,54836
55969,44,54842
55971,0,54842
55973,52,54847
55976,45,54849
55977,0,54849
55978,0,54855
55981,0,54860
55983,69,54860
55984,0,54866
55986,0,54867
55989,0,54868
55992,36,54871
55995,0,54873
56000,27,54883
56003,4,53840
56004,10,54883
56007,21,54895
56012,10,54899
56016,0,54902
56020,0,54903
56023,45,54912
56024,11,54912
56027,0,54917
56029,0,54918
56032,45,54920
56033,11,54920
56034,4,54891
56039,45,54930
56044,22,54931
56045,0,54931
56046,4,54898
56047,45,54935
56052,0,54936
56053,29,54935
56054,45,54938
56062,29,54938
56063,36,54950
56068,45,54956
56071,0,54960
56073,26,54963
56077,40,54965
56080,0,54967
56083,0,54971
56086,0,54972
56089,0,54973
56092,0,54974
56095,0,54975
56098,0,54976
56101,0,54977
56104,0,54978
56107,0,54979
56110,0,54980
56113,0,54981
56116,0,54982
56119,0,54983
56123,26,54999
56126,9,55004
56128,22,47844
56129,0,55012
56134,45,55028
56135,0,55028
56136,0,55029
56139,38,55038
56142,49,55045
56145,49,55047
56148,38,55048
56151,49,55049
56156,0,55056
56166,0,55066
56169,0,55070
56172,13,55075
56174,9,55066
56177,36,55083
56180,38,55084
56183,8,55083
56189,8,55102
56190,21,55103
56193,45,55107
56196,45,55108
56198,0,55110
56204,8,54936
56208,0,55119
56211,11,55120
56214,0,55123
56218,45,55125
56219,38,55128
56222,38,55130
56225,38,55139
56228,38,55145
56232,0,55155
56237,0,55159
56238,0,55162
56241,45,55163
56242,11,55163
56244,10,55164
56245,0,55164
56248,0,55168
56249,22,55168
56251,0,55184
56253,0,55185
56256,0,55186
56266,8,55194
56268,8,55197
56269,0,55201
56271,69,55201
56274,0,55207
56276,45,55212
56279,45,55213
56282,0,55217
56284,9,55220
56287,69,55217
56288,29,55212
56289,29,55213
56290,13,55220
56292,45,55227
56293,0,55227
56296,36,55234
56299,8,55234
56300,0,55237
56309,0,55246
56311,22,55247
56312,0,55247
56313,41,55249
56317,0,55249
56320,41,55251
56324,0,55251
56325,41,55252
56329,0,55252
56330,41,55253
56334,0,55253
56336,45,55254
56337,0,55254
56338,14,55256
56339,13,55256
56342,45,55264
56347,0,55266
56352,0,55279
56356,8,55285
56357,0,55292
56362,30,55264
56364,45,55305
56365,0,55305
56369,45,55318
56370,0,55318
56371,30,34695
56372,0,55322
56375,21,55325
56376,0,55325
56377,0,55326
56383,0,55331
56385,0,55332
56387,69,55331
56389,0,55339
56394,0,55346
56397,0,55352
56401,0,55364
56405,44,55367
56407,0,55367
56408,0,55378
56411,0,55388
56416,49,55391
56420,0,55398
56423,0,55400
56426,0,55401
56429,0,55403
56431,0,55404
56434,0,55405
56436,30,55405
56437,0,55407
56440,40,55408
56443,0,55409
56446,0,55410
56449,49,55411
56450,49,55412
56451,4,48658
56454,45,55409
56455,4,54339
56460,45,55421
56461,0,55421
56463,4,55423
56466,49,55424
56467,5,55424
56470,0,55425
56471,9,55428
56476,21,55433
56477,0,55433
56478,30,55407
56479,4,55328
56480,0,55440
56484,10,55451
56485,2,55451
56486,9,55451
56487,25,55451
56488,0,55454
56491,44,55456
56493,0,55456
56494,0,55458
56500,36,55465
56503,45,55467
56506,29,55467
56507,45,55480
56510,0,55481
56512,45,55482
56515,0,55483
56517,9,55484
56519,45,55485
56524,45,55489
56530,65,55503
56532,0,55503
56534,49,55504
56536,0,55504
56538,65,55505
56540,0,55505
56542,65,55506
56544,0,55506
56548,45,55509
56549,0,55509
56550,0,55510
56553,9,55512
56554,4,55513
56557,4,55514
56560,4,55515
56563,4,55516
56568,0,55518
56570,49,55520
56572,0,55526
56577,66,55508
56580,0,55534
56582,0,55539
56590,0,55544
56592,45,55545
56595,11,55518
56596,30,55545
56598,45,55553
56599,0,55553
56602,4,51237
56607,45,55569
56608,0,55569
56609,10,54587
56625,0,55593
56628,45,55594
56631,4,54965
56633,45,55598
56634,0,55598
56639,45,55611
56640,0,55611
56643,0,55620
56646,0,55622
56648,69,55620
56651,0,55626
56656,0,55628
56661,0,55635
56662,0,55637
56665,0,55639
56674,0,55647
56677,0,55648
56684,45,55652
56685,0,55652
56686,35,55653
56688,8,55653
56691,0,55655
56694,0,55657
56698,45,55658
56699,0,55659
56702,0,55663
56705,0,55664
56708,22,55665
56709,0,55665
56711,36,55667
56718,0,55675
56721,41,55678
56722,41,55680
56723,0,55682
56728,0,55683
56729,0,55685
56732,41,55694
56736,0,55699
56737,8,55699
56738,4,55701
56741,0,55703
56744,45,55704
56747,29,55705
56753,29,55709
56754,0,55710
56757,30,55711
56758,0,55712
56761,0,55713
56764,45,55716
56767,45,55717
56774,38,55727
56779,0,55729
56781,38,55731
56785,22,55732
56786,0,55732
56787,26,55733
56790,38,55734
56793,30,55485
56794,11,55107
56795,11,55594
56796,38,55740
56799,22,55605
56801,30,55716
56802,11,55717
56803,8,55731
56804,8,55734
56805,8,55740
56806,0,55752
56810,45,55753
56811,0,55753
56812,45,55755
56815,45,55756
56819,45,55762
56822,36,55764
56825,45,55768
56829,0,55769
56835,0,55773
56840,22,55760
56844,0,55785
56847,0,55786
56849,22,55777
56850,0,55789
56856,21,55799
56859,0,55804
56862,0,55808
56865,8,55812
56867,49,55813
56871,22,55817
56872,0,55817
56873,8,55818
56880,45,55832
56881,0,55832
56882,69,55786
56884,0,55836
56887,35,55837
56889,8,55837
56892,8,55838
56896,0,55844
56904,0,55862
56906,0,55864
56909,0,55865
56912,0,55866
56915,0,55871
56918,0,55872
56921,0,55873
56924,45,55874
56933,45,55836
56934,30,55836
56935,32,55874
56936,30,55877
56938,45,55888
56939,0,55888
56940,31,55889
56942,31,55890
56944,0,55891
56947,0,55892
56950,0,55894
56952,49,55898
56955,49,55900
56958,49,55901
56961,49,55902
56964,49,55903
56968,66,55909
56971,45,55915
56972,0,55915
56973,22,55934
56974,10,55934
56975,22,55935
56976,10,55935
56977,22,55936
56978,10,55936
56979,22,55937
56980,10,55937
56981,22,55938
56982,10,55938
56983,0,55958
56988,0,55959
56989,0,55961
56992,0,55962
56995,0,55967
56999,22,55968
57000,0,55968
57001,28,55969
57005,49,55972
57008,0,55974
57011,0,55976
57014,0,55979
57017,0,55980
57020,0,55983
57023,36,55984
57026,45,55985
57029,45,55987
57037,0,55993
57040,0,55994
57046,0,56003
57050,8,56004
57052,30,55717
57054,30,55480
57055,30,55482
57057,29,55755
57058,29,55756
57059,29,55985
57060,32,55987
57063,0,56023
57065,45,56024
57066,0,56024
57070,45,56031
57079,38,56034
57082,8,56035
57085,0,56037
57088,49,56038
57089,0,56040
57092,45,56044
57095,45,56045
57098,38,56059
57101,0,56069
57104,29,56031
57105,29,56044
57106,29,56045
57107,9,56077
57110,0,56079
57112,22,56010
57113,9,56082
57117,20,56084
57119,10,56089
57123,45,56097
57124,0,56097
57126,8,56098
57129,0,56105
57131,0,56106
57132,3,56106
57133,0,56108
57136,0,56110
57137,22,56110
57139,0,56111
57142,0,56112
57145,0,56113
57147,45,56114
57150,14,56118
57153,45,56105
57154,45,56106
57155,14,56121
57159,32,56114
57160,13,56118
57162,13,56121
57164,0,56131
57166,0,56136
57174,11,56145
57175,0,56145
57176,0,56148
57179,0,56149
57182,45,56151
57187,22,56079
57193,45,56172
57194,0,56172
57195,9,56177
57197,30,56079
57198,0,56180
57202,22,56182
57203,0,56182
57205,45,56188
57206,0,56188
57212,52,56201
57214,0,56209
57217,0,56212
57222,0,56213
57225,0,56214
57226,0,56215
57229,22,56216
57232,0,56222
57238,0,56227
57239,0,56229
57242,0,56231
57246,8,56196
57248,45,56238
57249,0,56238
57252,40,56241
57255,11,56241
57262,0,56248
57266,45,56250
57267,0,56250
57269,45,56251
57270,0,56251
57271,45,56253
57275,72,56257
57278,45,56258
57282,36,56240
57283,38,56264
57286,8,56164
57287,8,56152
57289,71,56236
57290,0,56271
57292,0,56272
57296,0,56279
57304,0,56288
57306,45,55118
57311,22,56214
57313,45,56299
57314,0,56299
57316,4,56164
57319,0,56302
57320,4,56152
57336,45,56329
57338,4,56240
57341,0,56335
57342,22,54918
57345,0,56343
57348,0,56345
57353,0,56347
57355,45,56348
57356,0,56348
57357,10,56329
57364,45,56355
57365,0,56355
57367,0,56359
57376,0,56373
57378,0,56374
57381,45,56375
57384,0,56378
57389,0,56383
57392,0,56386
57395,0,56387
57398,0,56389
57401,0,56390
57404,14,56394
57406,13,56394
57407,22,56397
57410,29,56375
57411,0,56403
57414,45,56403
57415,28,56406
57417,45,56407
57420,11,56407
57421,45,56414
57424,0,56416
57427,45,56417
57435,45,56423
57439,45,56424
57440,0,56424
57444,45,56427
57447,0,56429
57450,8,56421
57451,45,56439
57455,45,56444
57458,45,56450
57461,45,56454
57465,45,56463
57468,45,56464
57471,45,56466
57474,31,56467
57478,49,56501
57481,49,56502
57484,0,56504
57492,45,56513
57495,8,56516
57497,36,56516
57500,39,56518
57502,8,56518
57513,0,56535
57515,7,56536
57518,0,56537
57521,0,56539
57524,0,56540
57530,36,56543
57534,0,56545
57537,45,56547
57543,32,56547
57548,0,56556
57551,30,56403
57552,13,56403
57555,11,56564
57556,8,56564
57557,13,56564
57558,22,56565
57559,45,56565
57561,0,56565
57562,8,56535
57565,8,56574
57568,0,56576
57572,0,56589
57574,45,56145
57576,30,56145
57577,69,56589
57585,0,56599
57588,0,56600
57590,8,56603
57593,0,56604
57598,67,56607
57601,0,56609
57604,4,56614
57607,0,56616
57608,22,56616
57612,0,56621
57618,45,56632
57621,0,56633
57629,38,56645
57633,50,56649
57635,0,56661
57638,0,56662
57641,0,56663
57645,11,56667
57646,12,56606
57647,45,56667
57648,45,56564
57649,0,56678
57653,40,56689
57657,45,56696
57658,0,56696
57659,0,56699
57660,22,56699
57663,45,56704
57664,0,56704
57666,45,56706
57667,0,56706
57668,0,56710
57669,22,56710
57674,50,56718
57675,26,56718
57676,50,56721
57678,50,56725
57679,26,56725
57680,50,56732
57682,50,56734
57683,29,56734
57684,0,56742
57686,69,56742
57687,45,56749
57690,11,56749
57691,23,56753
57694,11,56753
57698,28,56760
57701,45,56761
57704,0,56763
57706,69,56763
57707,0,56768
57710,0,56769
57718,29,56761
57720,0,56783
57723,35,56787
57726,0,56790
57729,0,56793
57733,0,56808
57735,0,56810
57738,49,56811
57739,49,56812
57745,0,56822
57748,0,56823
57749,4,56829
57753,4,51496
57754,0,56839
57756,25,56839
57757,0,56841
57760,0,56842
57764,45,56847
57767,22,56849
57768,0,56849
57769,23,56851
57772,11,56851
57773,0,56851
57774,0,56852
57777,11,56403
57779,11,56858
57783,30,56862
57785,16,56863
57789,0,56870
57791,0,56884
57793,22,56884
57797,8,56901
57800,0,56904
57807,22,56865
57810,45,56911
57814,0,56919
57817,0,56923
57820,0,56924
57821,22,56924
57823,0,56925
57826,22,56919
57828,45,56929
57829,0,56929
57830,0,56931
57831,25,56931
57833,45,56919
57834,4,55843
57835,0,56940
57841,28,56947
57844,9,56948
57851,8,56955
57856,45,56963
57858,45,56965
57861,45,56966
57866,0,56970
57867,56,56970
57869,0,56971
57872,4,52431
57875,0,56997
57879,45,57000
57880,0,57000
57883,0,57002
57884,0,57004
57888,11,57007
57890,45,57011
57891,0,57011
57892,0,57012
57898,22,57014
57899,45,57014
57901,0,57014
57906,8,57019
57908,0,57024
57910,45,57025
57915,0,57028
57918,30,56944
57920,45,57039
57924,45,57007
57925,8,56947
57926,29,56965
57927,30,57025
57928,0,57049
57935,0,57056
57938,0,57058
57941,45,57065
57949,21,57079
57950,0,57079
57953,0,57082
57955,22,57084
57956,0,57084
57957,19,57085
57960,12,57085
57962,12,57088
57963,0,57090
57966,14,57097
57968,8,57098
57970,14,57099
57973,31,57100
57975,13,57099
57977,41,57105
57980,23,57106
57983,11,57106
57984,0,57112
57988,0,57115
57992,20,57120
57993,31,57122
57995,0,57134
57997,66,57135
58003,0,57137
58006,22,57138
58009,41,57140
58012,50,57141
58013,23,57141
58014,41,57142
58020,0,57148
58023,25,57149
58035,44,57161
58037,0,57161
58040,0,57166
58041,45,57167
58044,45,57170
58047,11,57167
58048,29,57170
58049,0,57182
58052,25,57185
58053,10,57185
58054,36,57186
58057,0,57190
58060,45,57195
58062,0,57197
58065,25,57199
58069,35,57205
58070,36,57205
58071,72,57206
58073,0,57208
58076,49,57212
58081,0,57217
58084,0,57218
58087,0,57219
58090,0,57220
58093,0,57221
58095,0,57223
58097,0,57225
58100,0,57226
58102,4,56944
58105,45,57237
58108,0,57240
58111,69,57221
58114,25,57249
58119,0,57252
58121,69,57252
58125,25,57265
58128,0,57267
58130,41,57268
58132,45,57270
58133,0,57270
58135,45,57273
58136,0,57273
58138,22,57277
58139,0,57277
58141,0,57281
58144,0,57282
58147,26,57283
58151,22,57284
58152,0,57284
58153,12,57265
58154,0,57291
58157,36,57292
58160,49,57293
58164,49,57295
58168,49,57297
58171,49,57298
58174,0,57306
58176,0,57308
58181,0,57312
58184,0,57314
58186,0,57316
58191,0,57319
58193,69,57319
58195,0,57331
58198,45,57331
58199,0,57334
58205,35,57348
58208,0,57350
58209,22,57350
58211,0,57354
58214,0,57355
58218,0,57363
58220,28,57024
58222,22,57354
58228,10,53980
58231,0,57395
58236,0,57406
58237,22,57406
58241,45,57411
58243,11,57411
58244,45,57412
58246,11,57412
58247,45,57414
58249,11,57414
58250,0,57415
58252,45,57416
58254,11,57416
58255,45,57417
58257,11,57417
58258,45,57419
58260,11,57419
58262,45,57420
58263,0,57420
58264,45,57421
58266,11,57421
58267,45,57423
58269,11,57423
58270,45,57425
58272,11,57425
58274,45,57426
58275,0,57426
58276,45,57427
58278,11,57427
58279,45,57428
58281,11,57428
58282,69,57415
58283,44,57439
58285,0,57439
58289,0,57449
58292,0,57472
58293,22,57472
58298,0,57475
58301,0,57476
58304,0,57477
58305,22,57477
58307,0,57478
58311,8,57348
58312,14,57481
58315,13,57481
58316,0,57487
58319,0,57495
58322,22,57496
58323,0,57496
58325,0,57498
58328,45,57501
58329,0,57501
58331,0,57504
58332,22,57504
58334,0,57505
58336,69,57505
58337,21,57514
58342,0,57518
58345,31,57521
58351,45,57526
58352,0,57526
58353,25,57527
58356,25,57528
58359,0,57529
58367,41,57537
58371,8,57537
58375,0,57547
58378,0,57551
58381,41,57554
58382,0,57555
58388,45,57555
58390,0,57558
58394,0,57566
58397,0,57567
58400,45,57567
58401,11,57570
58410,11,57579
58431,0,57594
58433,0,57595
58436,50,57596
58440,4,57522
58442,4,55285
58444,14,57617
58447,45,57618
58450,11,57618
58451,14,57619
58454,45,57558
58455,28,57621
58461,0,57623
58464,0,57625
58466,30,57627
58468,71,57608
58469,0,57636
58471,14,57637
58474,45,57638
58477,13,57617
58478,13,57619
58479,8,57621
58481,13,57637
58482,29,57638
58483,0,57650
58487,25,57655
58490,21,57656
58491,0,57656
58492,45,57660
58495,8,57555
58496,0,57675
58500,10,57206
58503,45,57700
58504,0,57700
58509,45,57707
58510,0,57707
58514,25,57714
58517,57,57715
58521,0,57718
58523,0,57720
58526,36,57721
58530,0,57725
58535,4,57732
58537,4,57733
58545,8,57743
58547,8,57746
58550,4,57515
58552,45,57757
58553,0,57757
58557,45,57761
58558,0,57761
58559,4,57310
58560,0,57766
58563,41,57770
58565,45,57772
58566,0,57772
58569,0,57775
58570,11,57195
58572,24,57784
58575,0,57787
58582,0,57793
58588,12,57784
58591,0,57812
58593,0,57814
58596,0,57817
58602,22,57824
58603,0,57824
58604,0,57825
58608,0,57826
58610,25,57835
58613,0,57842
58616,0,57845
58619,0,57846
58620,22,57846
58622,0,57849
58626,0,57853
58630,45,57857
58631,0,57857
58632,30,57852
58635,0,57872
58636,0,57874
58637,44,57874
58638,45,57875
58643,0,57878
58644,0,57879
58647,0,57881
58649,0,57882
58654,45,57891
58655,0,57891
58656,0,57894
58659,11,57875
58660,25,57896
58663,45,57899
58668,8,57905
58673,0,57910
58674,22,57910
58676,0,57911
58679,0,57915
58680,22,57915
58682,0,57916
58698,45,57787
58699,0,57934
58701,0,57935
58704,12,57896
58705,30,57899
58706,36,57939
58710,8,57939
58713,8,56543
58715,0,57953
58718,0,57958
58721,0,57964
58722,3,57964
58723,69,53062
58726,0,57968
58727,45,57964
58728,21,57970
58734,45,57973
58735,0,57973
58736,0,57974
58739,4,57759
58742,0,57993
58752,45,58000
58753,0,58000
58754,0,58002
58756,0,58003
58762,11,58006
58763,0,58010
58766,28,58013
58769,0,58018
58771,0,58019
58774,0,58020
58775,22,58020
58777,0,58022
58782,0,58026
58785,14,58031
58790,26,58033
58793,22,58035
58796,13,58031
58797,13,57968
58799,4,57972
58800,4,58032
58803,49,58060
58806,49,58061
58809,0,58063
58812,8,58054
58814,45,58069
58815,0,58069
58816,4,58054
58817,22,58073
58820,66,58078
58823,66,58079
58826,0,58080
58828,66,58082
58831,66,58085
58834,66,58086
58838,66,58088
58843,29,58089
58844,66,58091
58847,66,58092
58856,66,58097
58859,0,58100
58864,0,58101
58866,45,58103
58867,0,58103
58869,45,58113
58870,0,58113
58871,0,58115
58875,45,58120
58876,0,58120
58877,0,58123
58879,45,58125
58882,14,58126
58885,69,58123
58886,30,58125
58887,16,58126
58888,41,58131
58890,0,58132
58891,22,58132
58894,45,58144
58895,0,58144
58896,0,58161
58899,0,58163
58902,0,58164
58905,0,58171
58908,0,58175
58909,22,58175
58921,0,58192
58922,22,58192
58930,45,58199
58933,7,58199
58937,45,58202
58938,0,58202
58942,0,58218
58943,22,58218
58945,0,58219
58948,0,58220
58949,22,58220
58951,0,58221
58954,0,58222
58959,0,58240
58963,0,58250
58968,0,58255
58970,8,58163
58974,45,58271
58975,0,58271
58976,0,58272
58980,30,58275
58981,11,54044
58983,24,58255
58994,27,58301
59001,0,58305
59004,0,58308
59008,30,58310
59010,45,58312
59011,0,58312
59012,69,58308
59013,0,58316
59016,0,58318
59018,0,58319
59020,0,58320
59022,0,58323
59027,12,58326
59028,0,58329
59029,22,58329
59032,52,58331
59034,0,58333
59037,52,58334
59038,8,58334
59039,22,58333
59041,45,58339
59042,0,58339
59043,52,58340
59044,36,58340
59045,0,58341
59047,11,57660
59048,0,58346
59050,0,58347
59051,22,58347
59053,69,58318
59054,69,58319
59058,69,58346
59061,0,58363
59064,26,58364
59068,0,58365
59072,0,58368
59075,41,58371
59079,40,58372
59080,11,58222
59081,41,58377
59084,36,58381
59085,41,58383
59087,22,58222
59088,41,58385
59091,0,58405
59095,52,58407
59100,30,58409
59101,52,58410
59102,21,58410
59103,0,58411
59106,0,58412
59109,49,58414
59112,49,58415
59115,66,58366
59117,0,58426
59119,0,58427
59122,0,58429
59124,0,58430
59126,0,58431
59128,0,58432
59132,0,58433
59141,0,58442
59144,0,58443
59145,0,58444
59148,0,58446
59152,8,58447
59153,0,58447
59154,0,58448
59158,45,58449
59159,0,58449
59161,0,58461
59164,0,58463
59169,0,58469
59170,45,58471
59172,11,58471
59178,10,58472
59179,14,58473
59182,45,58474
59184,11,58474
59185,13,58473
59186,0,58476
59189,45,58478
59191,11,58478
59192,45,58479
59194,11,58479
59195,22,58476
59196,0,58481
59197,22,58481
59199,45,58476
59200,66,58494
59203,0,58495
59207,45,58496
59208,0,58496
59209,0,58501
59213,0,58505
59215,69,58505
59216,45,58508
59222,30,58509
59223,0,58511
59224,22,58511
59227,45,58512
59228,0,58512
59229,10,58519
59236,22,58523
59237,10,58523
59238,22,58524
59239,10,58524
59240,22,58525
59241,10,58525
59242,22,58526
59243,10,58526
59244,22,58528
59245,10,58528
59246,22,58529
59247,10,58529
59248,22,58530
59249,10,58530
59250,22,58531
59251,10,58531
59252,22,58532
59253,10,58532
59254,22,58533
59255,10,58533
59256,22,58535
59257,10,58535
59258,0,58541
59259,22,58541
59263,22,58551
59264,10,58551
59266,0,58558
59269,0,58562
59273,0,58572
59278,45,58572
59279,30,58572
59280,0,58580
59283,22,58581
59286,0,58584
59287,22,58584
59289,0,58585
59290,22,58585
59292,0,58587
59299,45,58603
59300,0,58603
59302,0,58609
59307,10,58568
59308,66,58615
59310,66,58616
59313,66,58618
59316,66,58620
59319,66,58621
59325,45,58587
59326,0,58629
59329,8,58633
59331,8,58634
59335,0,58635
59337,72,58637
59344,0,58639
59348,26,58648
59350,26,58649
59352,26,58650
59356,0,58656
59362,8,58660
59363,0,58661
59365,0,58672
59366,22,58672
59368,0,58673
59371,0,58676
59373,0,58677
59378,0,58680
59380,45,58682
59383,11,58682
59384,45,58683
59387,11,58683
59388,45,58689
59391,11,58689
59397,0,58694
59400,45,58695
59403,11,58695
59404,30,58580
59405,0,58706
59408,45,58707
59411,11,58707
59415,71,58708
59417,65,58708
59418,67,58708
59419,49,58708
59421,72,58708
59422,66,58708
59424,12,58708
59425,45,58713
59428,11,58713
59429,50,58715
59431,72,58726
59433,0,58728
59435,45,58730
59438,11,58730
59439,72,58731
59442,0,58733
59445,45,58736
59448,11,58736
59451,0,58744
59454,10,58745
59455,45,58747
59457,40,58747
59458,8,58747
59460,11,58747
59463,45,58754
59464,0,58754
59467,4,58623
59468,8,58745
59470,45,58768
59471,0,58768
59472,0,58770
59477,45,58774
59478,0,58774
59481,50,58782
59482,11,58782
59483,8,58781
59487,0,58798
59490,0,58799
59493,22,58799
59495,45,58809
59497,8,58809
59498,11,58809
59500,40,58809
59501,0,58815
59503,0,58816
59504,28,58816
59506,69,58815
59510,2,58839
59511,9,58841
59514,50,58843
59516,0,58847
59517,22,58847
59519,0,58849
59520,22,58849
59524,22,57581
59525,22,57592
59526,22,57593
59527,22,57591
59528,22,57590
59531,20,58867
59532,10,58867
59535,64,58867
59536,67,58867
59537,65,58867
59538,49,58867
59540,66,58867
59541,72,58867
59542,12,58867
59545,0,58875
59550,22,58883
59551,10,58883
59552,22,58884
59553,10,58884
59554,22,58209
59555,22,58886
59556,10,58886
59557,22,58887
59558,10,58887
59559,22,58888
59560,10,58888
59561,22,57580
59562,9,58891
59564,24,58912
59567,9,58915
59569,25,58921
59570,10,58921
59572,9,58930
59574,4,57593
59575,4,57572
59576,22,58934
59577,10,58934
59578,4,57575
59579,4,57581
59580,22,58938
59581,10,58938
59582,4,58209
59583,4,57590
59584,4,57592
59585,22,58942
59586,10,58942
59587,4,57591
59588,35,58944
59589,36,58944
59590,4,57580
59597,0,58954
59599,22,58956
59600,10,58956
59601,22,58957
59602,10,58957
59603,22,58958
59604,10,58958
59606,69,58954
59607,22,58963
59608,10,58963
59609,22,58964
59610,10,58964
59612,45,58973
59614,11,58973
59617,0,58980
59620,0,58981
59624,0,58985
59625,9,58986
59628,45,58988
59629,11,58988
59630,45,58798
59631,0,58991
59634,4,58660
59635,9,58993
59637,0,58995
59639,9,58996
59641,0,58998
59645,12,58981
59646,12,58980
59653,10,59021
59654,49,59021
59655,11,59023
59656,13,59023
59658,19,59029
59660,49,59033
59661,45,59023
59663,45,59041
59664,0,59041
59668,4,53794
59669,45,59057
59671,11,59057
59672,0,59062
59675,0,59064
59676,22,59064
59678,0,59065
59679,3,59065
59680,0,59066
59683,0,59069
59685,0,59070
59687,0,59071
59689,0,59072
59692,36,59073
59696,4,58521
59699,0,59076
59701,0,59079
59707,45,59092
59710,11,59092
59711,4,54373
59714,0,59110
59715,0,59112
59720,0,59119
59722,45,59121
59723,0,59121
59726,0,59125
59732,0,59133
59740,45,59154
59741,0,59154
59742,28,59125
59745,0,59164
59748,9,59166
59752,0,59168
59756,49,59175
59759,0,59180
59761,72,59182
59769,0,59186
59772,0,59187
59774,0,59189
59780,30,59195
59785,13,59166
59786,12,59185
59788,49,59212
59795,45,59219
59796,0,59219
59798,49,59226
59800,0,59229
59805,4,57905
59807,49,59236
59808,36,59236
59809,26,59239
59811,26,59241
59813,14,59242
59816,26,59246
59818,49,59247
59819,36,59247
59820,45,59248
59821,11,59248
59824,0,59250
59826,49,59253
59827,4,53371
59830,0,59256
59833,0,59262
59836,0,59264
59837,44,59268
59839,0,59268
59840,4,59129
59841,4,59132
59842,4,59139
59845,0,59276
59850,23,59294
59854,11,59274
59855,0,59303
59857,4,59198
59865,72,59316
59867,49,59319
59869,4,59326
59872,8,59327
59874,4,59328
59877,49,59330
59880,0,59334
59881,22,59334
59883,49,59336
59886,52,59343
59887,8,59343
59890,0,59344
59891,52,59345
59893,52,59348
59895,4,59274
59898,0,59352
59899,9,59356
59903,49,59364
59904,0,59366
59908,52,59371
59909,32,59371
59910,66,59374
59912,4,59194
59913,0,59381
59914,22,59381
59916,0,59382
59919,0,59385
59923,0,59386
59926,45,59389
59927,0,59389
59929,10,59344
59937,0,59402
59940,0,59406
59949,0,59409
59955,0,59413
59957,10,59414
59958,27,59414
59959,0,59414
59961,10,59415
59962,27,59415
59963,0,59415
59964,0,59418
59966,69,59418
59967,0,59421
59969,49,59422
59970,0,59425
59972,4,54471
59973,0,59433
59978,22,59441
59979,10,59441
59980,22,59442
59981,10,59442
59982,50,59443
59984,22,59445
59985,10,59445
59986,22,59447
59987,10,59447
59988,22,59449
59989,10,59449
59990,22,59450
59991,10,59450
59992,22,59451
59993,10,59451
59994,22,59452
59995,10,59452
59996,22,59454
59997,10,59454
59998,22,59456
59999,10,59456
60001,45,59458
60002,0,59458
60003,0,59464
60010,49,59469
60011,26,59472
60016,40,58799
60017,13,59386
60018,49,59488
60019,0,59492
60020,44,59492
60021,49,59496
60022,0,59500
60030,45,59508
60031,0,59508
60033,45,59521
60034,0,59521
60035,0,59525
60038,0,59526
60042,45,59529
60047,0,59541
60048,0,59547
60051,0,59555
60052,44,59555
60053,45,59556
60058,45,59561
60062,4,55118
60063,0,59579
60066,0,59584
60068,0,59586
60071,0,59588
60074,69,59547
60075,0,59592
60077,26,59595
60080,0,59601
60083,11,59603
60085,13,59603
60087,4,49532
60089,45,59613
60090,0,59613
60093,0,59622
60096,49,59623
60102,55,59644
60104,31,59648
60107,41,59649
60108,14,59492
60109,0,59655
60112,0,59661
60113,22,59661
60115,0,59666
60120,0,59668
60123,0,59670
60124,9,59680
60126,10,59685
60127,0,59708
60130,0,59709
60131,22,59709
60133,0,59714
60136,0,59717
60140,22,59723
60141,0,59723
60142,9,59725
60143,71,59725
60144,0,59727
60147,14,59555
60148,36,59736
60151,36,59737
60155,45,59738
60156,0,59738
60157,0,59742
60160,45,59749
60163,39,59752
60165,0,59753
60168,0,59758
60169,22,59758
60171,0,59760
60174,0,59761
60175,22,59761
60177,0,59763
60180,0,59768
60183,0,59769
60184,22,59769
60186,0,59777
60189,26,59779
60191,0,59780
60194,0,59782
60197,36,59794
60200,9,59798
60204,0,59804
60207,40,59297
60210,22,59807
60211,45,59807
60213,0,59807
60215,45,59808
60216,0,59808
60217,0,59809
60218,22,59809
60220,45,59811
60223,45,59812
60227,45,59814
60228,0,59814
60230,45,59819
60231,0,59819
60232,0,59820
60235,45,59832
60238,0,59835
60240,0,59836
60244,0,59838
60247,0,59846
60250,0,59848
60251,22,59848
60253,0,59852
60257,45,59854
60258,0,59854
60259,45,59855
60262,38,59856
60265,0,59857
60268,0,59860
60272,0,59869
60275,0,59870
60278,0,59876
60282,45,59882
60283,0,59882
60287,45,59886
60288,0,59886
60292,0,59896
60294,45,59896
60295,0,59901
60299,45,59902
60300,0,59902
60301,0,59903
60303,0,59904
60307,45,59905
60308,0,59905
60310,0,59907
60314,0,59918
60318,0,59922
60320,21,59923
60321,0,59923
60322,0,59924
60324,0,59926
60326,0,59929
60329,45,59930
60330,0,59930
60332,45,59933
60333,0,59933
60336,69,59926
60337,69,59929
60339,22,59943
60340,0,59943
60341,0,59945
60343,0,59946
60349,0,59957
60354,0,59962
60357,0,59966
60358,22,59966
60360,0,59976
60361,22,59976
60363,0,59978
60364,22,59978
60366,0,59980
60369,0,59991
60371,0,59996
60372,22,59996
60374,0,59999
60377,0,60009
60379,0,60010
60380,22,60010
60382,0,60011
60386,45,60020
60389,36,60023
60392,0,60024
60396,45,60026
60397,0,60026
60399,45,60030
60400,0,60030
60401,0,60031
60406,45,60033
60407,0,60033
60412,0,60039
60413,0,60045
60416,0,60049
60418,45,60052
60420,45,60053
60422,45,60055
60424,0,60059
60426,0,60064
60427,22,60064
60431,0,60067
60432,22,60032
60435,0,60069
60438,0,60073
60439,25,60073
60441,0,60074
60442,22,60074
60444,0,60075
60445,22,60075
60447,0,60076
60452,0,60077
60454,45,59820
60456,45,60082
60457,0,60082
60459,45,60085
60460,0,60085
60461,0,60086
60463,0,60087
60466,0,60088
60470,45,60089
60471,0,60089
60472,0,60091
60475,0,60106
60477,0,60109
60482,71,60106
60483,4,59959
60484,45,60121
60486,0,60123
60489,0,60127
60492,0,60131
60497,0,60137
60500,0,60138
60503,0,60139
60505,0,60141
60508,36,60142
60511,28,60143
60514,45,60144
60517,14,60147
60520,14,60148
60523,45,60150
60527,22,60151
60528,0,60151
60529,0,60152
60530,22,60152
60532,0,60153
60534,0,60154
60538,0,60159
60541,4,59947
60544,4,60034
60550,22,60183
60551,0,60183
60552,36,60190
60556,30,60150
60559,32,60020
60560,32,59811
60561,0,60203
60563,0,60205
60565,0,60206
60567,45,60207
60572,30,60207
60573,45,60224
60578,0,60228
60579,22,60228
60581,0,60230
60582,22,60230
60584,0,60233
60586,0,60234
60587,44,60234
60588,0,60238
60592,0,60245
60597,29,59812
60599,20,60255
60600,45,60256
60603,45,60257
60606,30,60259
60609,0,60264
60612,0,60266
60615,0,60269
60619,22,60270
60620,0,60270
60623,30,60256
60624,29,60257
60626,45,60283
60627,0,60283
60629,45,60288
60630,0,60288
60631,0,60289
60632,22,60289
60636,0,60295
60639,22,60296
60643,0,60303
60645,0,60305
60646,22,60305
60649,45,60306
60650,0,60306
60652,45,60309
60653,0,60309
60654,0,60315
60657,0,60318
60658,22,60318
60660,40,60319
60662,10,60319
60663,0,60324
60665,0,60325
60668,69,60325
60673,69,60349
60674,35,60357
60675,36,60357
60680,45,60370
60683,0,60373
60686,32,60370
60687,41,60381
60689,8,60381
60691,45,60383
60692,0,60383
60698,23,60394
60702,0,60397
60705,45,60398
60706,0,60398
60707,0,60401
60710,0,60405
60713,0,60409
60715,45,60411
60719,45,60413
60720,0,60413
60723,0,60415
60725,0,60418
60728,0,60419
60729,22,60419
60731,0,60422
60735,22,60426
60736,0,60426
60738,35,60429
60741,22,60385
60742,45,60434
60746,45,60437
60747,0,60437
60750,0,60439
60752,69,60439
60753,45,60442
60759,45,60445
60760,0,60445
60765,36,60452
60768,44,60454
60770,0,60454
60771,0,60456
60774,0,60459
60776,25,60460
60779,0,60464
60783,45,60465
60784,0,60465
60786,69,60468
60789,0,60470
60791,7,60319
60792,8,60391
60793,0,60484
60796,0,60485
60799,0,60486
60802,0,60487
60805,0,60488
60808,0,60489
60811,0,60492
60814,0,60493
60817,0,60495
60818,22,60495
60833,0,60517
60835,0,60518
60838,0,60525
60840,0,60526
60842,0,60527
60844,0,60529
60851,22,60545
60852,0,60545
60854,0,60550
60858,45,60551
60859,0,60551
60862,0,60561
60865,45,60562
60867,0,60563
60869,45,60565
60871,0,60569
60874,49,60570
60877,49,60571
60882,0,60572
60883,49,60573
60888,49,60578
60891,49,60579
60894,36,60581
60897,0,60591
60918,0,60602
60920,0,60603
60921,22,60603
60923,0,60605
60925,0,60606
60936,45,60633
60937,0,60633
60938,0,60636
60941,45,60637
60944,8,60638
60948,0,60639
60949,0,60641
60952,4,60513
60953,0,60649
60956,22,60652
60959,36,60653
60962,0,60657
60963,22,60657
60965,0,60664
60968,0,60667
60971,66,60680
60974,0,60682
60975,22,60682
60977,0,60688
60980,45,60692
60982,66,60693
60986,45,60695
60987,0,60695
60988,66,60696
60991,0,60700
60992,22,60700
60994,0,60703
60997,0,60705
60998,22,60705
61003,0,60710
61006,71,60714
61009,45,60717
61010,0,60717
61011,44,60726
61012,14,60726
61013,0,60726
61016,0,60728
61017,29,60637
61018,0,60735
61019,22,60735
61022,29,60442
61023,0,60742
61026,21,60743
61027,0,60743
61030,0,60744
61031,31,60745
61037,0,60756
61040,0,60758
61041,22,60758
61043,0,60759
61046,44,60766
61047,22,60766
61048,0,60766
61049,0,60771
61051,0,60772
61054,0,60773
61057,8,60774
61059,69,60771
61061,0,60778
61065,45,60779
61066,0,60779
61067,0,60781
61068,22,60781
61070,45,60784
61073,0,60787
61075,0,60788
61076,22,60788
61078,0,60790
61079,22,60790
61081,0,60794
61085,0,60801
61088,0,60802
61091,30,60784
61092,0,60804
61094,23,60807
61101,25,60823
61107,69,60628
61109,22,60840
61110,0,60840
61111,0,60842
61112,3,60842
61113,0,60843
61116,45,60844
61118,45,60842
61119,0,60846
61122,0,60849
61125,0,60850
61128,0,60860
61130,0,60861
61135,4,60865
61136,0,60865
61138,10,60867
61139,0,60867
61141,8,60870
61142,0,60870
61143,0,60871
61144,22,60871
61146,0,60872
61150,0,60873
61153,0,60876
61155,49,60880
61156,0,60884
61159,0,60886
61160,22,60886
61162,0,60887
61165,0,60891
61168,0,60893
61170,0,60894
61171,22,60894
61173,0,60895
61179,69,60893
61180,9,60906
61183,24,60909
61188,0,60911
61190,10,60911
61196,0,60925
61199,0,60927
61200,22,60927
61202,0,60928
61206,0,60937
61209,45,60938
61210,0,60938
61212,0,60944
61216,45,60954
61217,0,60954
61218,0,60956
61219,44,60956
61221,45,60958
61222,0,60958
61223,49,60959
61224,41,60960
61225,45,60966
61228,0,60967
61230,22,60969
61233,0,60972
61236,0,60973
61239,0,60974
61242,0,60975
61243,22,60975
61245,0,60976
61246,22,60976
61250,0,60986
61252,0,60990
61256,0,60992
61257,22,60992
61259,44,60994
61261,0,60994
61262,0,60996
61263,22,60996
61265,8,61002
61269,0,61006
61270,22,61006
61272,0,61009
61276,0,61024
61279,69,61009
61280,0,61029
61284,0,61036
61290,25,61002
61291,22,61030
61292,0,61059
61294,9,61065
61295,49,61068
61296,45,61070
61299,40,61070
61301,69,61059
61304,25,61085
61305,10,61085
61306,0,61092
61308,0,61093
61310,0,61094
61313,0,61095
61314,22,61095
61316,0,61097
61319,0,61098
61320,22,61098
61321,44,61098
61322,69,61092
61324,0,61111
61327,0,61112
61330,22,61113
61331,0,61113
61332,0,61114
61335,45,61115
61336,0,61115
61338,4,61002
61339,0,61125
61343,69,61126
61347,45,61134
61348,0,61134
61349,14,60956
61352,0,61136
61353,8,61112
61357,45,61150
61358,8,61150
61359,66,61151
61362,66,61152
61365,66,61156
61368,66,61157
61371,66,61158
61374,66,61160
61377,0,61162
61378,25,61162
61380,66,61164
61383,31,61162
61384,66,61166
61387,66,61167
61392,0,61174
61393,8,61175
61397,0,61179
61399,0,61188
61402,0,61192
61406,23,61195
61411,69,61204
61412,0,61211
61414,0,61217
61415,25,61217
61419,0,61223
61422,0,61228
61425,69,61223
61426,0,61234
61428,69,61234
61430,21,61245
61431,0,61245
61433,0,61254
61437,8,61261
61442,0,61264
61445,31,61268
61447,49,61276
61448,14,61276
61449,0,61277
61456,45,61280
61457,0,61280
61465,49,61294
61466,40,61294
61467,49,61295
61469,0,61296
61471,49,61297
61472,37,61297
61473,0,61298
61475,0,61300
61478,0,61302
61481,0,61303
61484,0,61310
61486,69,61298
61487,0,61314
61489,0,61316
61493,69,61310
61510,0,61350
61511,28,61354
61517,25,61363
61518,10,61363
61521,0,61366
61524,4,61263
61525,0,61372
61526,44,61372
61527,0,61375
61528,3,61375
61529,0,61382
61532,0,61384
61534,69,61384
61535,14,61372
61536,10,61358
61537,10,61317
61539,10,61292
61540,45,61400
61543,31,61217
61544,28,61404
61549,9,61262
61553,4,61423
61556,0,61424
61562,0,61427
61566,0,61429
61568,0,61430
61570,0,61431
61575,36,61433
61580,0,61436
61581,22,61436
61583,0,61437
61586,0,61440
61589,14,61442
61595,49,61451
61598,44,61453
61600,0,61453
61602,22,61454
61603,0,61454
61604,49,61455
61609,10,61428
61612,41,61471
61615,0,61477
61616,22,61477
61621,45,61483
61624,4,61284
61625,4,61147
61632,0,61491
61636,0,61492
61638,4,61262
61643,0,61507
61647,22,61510
61648,0,61510
61649,45,61512
61653,0,61518
61656,45,61524
61660,45,61526
61661,0,61526
61664,0,61539
61667,0,61540
61669,0,61543
61674,0,61547
61679,45,61550
61680,0,61550
61682,22,61551
61683,0,61551
61687,0,61559
61688,0,61561
61690,0,61562
61691,22,61562
61693,0,61563
61696,14,61564
61702,0,61565
61703,69,61561
61705,45,61568
61706,8,61568
61708,0,61583
61711,0,61585
61713,0,61586
61715,0,61587
61719,69,61586
61721,45,61597
61722,0,61597
61723,14,61599
61726,20,61603
61729,69,61604
61730,0,61607
61731,22,61607
61733,8,61613
61738,25,61625
61739,4,61625
61740,0,61627
61744,0,61641
61746,0,61644
61750,0,61656
61752,0,61662
61753,22,61662
61756,36,61175
61757,0,61677
61758,22,61677
61760,45,61684
61764,45,61689
61765,0,61689
61766,0,61690
61769,45,61691
61770,8,61691
61774,44,61701
61776,0,61701
61783,0,61709
61788,0,61716
61789,22,61716
61791,0,61724
61793,0,61726
61795,0,61730
61800,0,61734
61803,21,61735
61804,0,61735
61807,0,61736
61808,69,61734
61809,0,61740
61813,0,61755
61815,0,61757
61816,22,61757
61820,0,61763
61823,69,61758
61824,0,61768
61825,22,61768
61827,28,61777
61831,45,61781
61832,0,61781
61833,40,61782
61837,9,54044
61838,0,61789
61839,22,61789
61841,31,61790
61842,31,61793
61843,66,61794
61847,45,61795
61848,66,61796
61851,66,61797
61854,0,61798
61855,22,61798
61857,0,61800
61859,72,61801
61862,0,61801
61863,0,61802
61866,22,53764
61867,0,61810
61869,0,61811
61872,0,61812
61873,22,61812
61876,0,61817
61879,4,61175
61881,8,61828
61883,0,61831
61887,0,61833
61889,0,61848
61892,49,61849
61893,0,61869
61895,69,61869
61896,0,61872
61899,0,61878
61906,0,61884
61910,22,61826
61911,22,61831
61915,0,61903
61916,20,61904
61920,45,61907
61921,0,61907
61923,21,61909
61924,0,61909
61927,21,61912
61928,0,61912
61931,22,61910
61932,0,61921
61937,45,61924
61938,0,61924
61941,0,61928
61943,10,61930
61947,45,61921
61948,0,61949
61950,0,61951
61953,0,61953
61956,0,61957
61959,0,61959
61962,0,61960
61965,0,61961
61966,22,61961
61968,0,61962
61970,0,61963
61973,22,61944
61976,0,61972
61979,0,61979
61985,39,61993
61991,0,61996
61993,21,61997
61994,0,61997
61995,8,61999
62000,0,62004
62001,22,62004
62005,0,62016
62007,0,62025
62010,38,62026
62014,45,62029
62017,0,62030
62019,50,62031
62032,8,62037
62039,0,62043
62042,0,62044
62045,26,62047
62047,24,62047
62051,0,62049
62052,0,62051
62056,45,62055
62057,0,62057
62060,49,62058
62067,9,62064
62070,0,62073
62075,0,62077
62078,0,62082
62080,0,62084
62082,0,62088
62084,0,62089
62085,22,62089
62087,0,62090
62089,69,62084
62090,69,62088
62093,0,62100
62098,0,62104
62099,25,62104
62101,0,62107
62103,0,62108
62104,22,62108
62106,0,62109
62107,22,62109
62109,0,62110
62112,69,62107
62114,45,62116
62115,0,62116
62116,0,62117
62119,21,62122
62123,22,62125
62124,0,62125
62125,39,62126
62131,0,62130
62136,45,62133
62140,69,62134
62142,45,62138
62143,0,62138
62149,49,62150
62152,49,62154
62156,51,62158
62157,31,62158
62161,0,62163
62162,22,62163
62165,24,62165
62172,0,62177
62175,0,62184
62178,0,62187
62181,8,61336
62183,0,62195
62184,3,62195
62185,0,62197
62186,3,62197
62188,45,62200
62189,0,62200
62190,4,60599
62191,4,61222
62192,4,61336
62193,0,62212
62195,69,62212
62196,8,62217
62198,30,62223
62201,8,61337
62202,45,62230
62205,0,62234
62209,9,62236
62210,71,62236
62215,45,62238
62219,0,62243
62222,45,62244
62229,20,62259
62232,45,62261
62233,0,62261
62234,9,62263
62235,0,62269
62236,22,62269
62240,0,62271
62244,45,62275
62247,0,62276
62250,16,49590
62251,4,61337
62253,45,62197
62256,0,62291
62261,0,62298
62262,22,62298
62266,21,62302
62267,0,62302
62268,0,62306
62269,3,62306
62272,0,62307
62275,22,62310
62276,0,62310
62277,38,62312
62281,45,62306
62282,36,60817
62283,38,60822
62284,0,62334
62286,45,62336
62290,28,62291
62296,44,62367
62298,0,62367
62302,49,62369
62303,49,62371
62304,22,62371
62305,0,62372
62306,22,62372
62308,0,62373
62314,0,62376
62315,22,62376
62317,44,62380
62318,45,62380
62319,0,62380
62321,0,62382
62322,22,62382
62324,20,62388
62325,2,62388
62326,19,62390
62330,0,62393
62333,0,62394
62336,0,62396
62337,22,62396
62339,0,62397
62340,22,62397
62342,0,62398
62345,0,62399
62346,44,62399
62347,22,62393
62348,22,62394
62349,0,62416
62358,4,60822
62360,49,62427
62362,4,62103
62363,0,62432
62365,0,62436
62372,0,62445
62376,45,62446
62377,0,62446
62378,4,60817
62381,0,62459
62384,0,62463
62386,45,62465
62389,21,62479
62391,49,62483
62392,0,62487
62394,19,62290
62396,0,62494
62400,0,62507
62402,20,62508
62404,0,62511
62405,22,62511
62407,0,62512
62409,0,62513
62412,0,62516
62418,31,62520
62426,50,62525
62432,0,62539
62435,4,62458
62437,45,62561
62438,0,62561
62440,0,62582
62445,0,62583
62446,36,62592
62453,45,62596
62454,0,62596
62457,69,62604
62459,9,62609
62460,0,62609
62463,49,62612
62464,0,62612
62470,10,62615
62472,10,62616
62474,10,62617
62476,10,62618
62479,0,62620
62482,0,62625
62484,0,62626
62487,0,62630
62490,0,62631
62492,0,62632
62493,3,62632
62494,0,62634
62497,0,62635
62498,22,62635
62502,69,62625
62503,69,62631
62507,0,62660
62509,69,62660
62510,4,62664
62512,0,62666
62514,0,62669
62517,69,62666
62523,9,61928
62524,38,61928
62525,0,62689
62528,0,62690
62529,22,62690
62531,0,62694
62532,28,62694
62535,0,62702
62536,22,62702
62538,0,62703
62540,69,62703
62541,0,62713
62542,22,62713
62544,8,62717
62546,0,62721
62549,8,62722
62551,0,62724
62552,22,62724
62556,0,62725
62557,40,62729
62560,0,62734
62562,40,62737
62565,50,60680
62567,50,60696
62568,50,61151
62569,69,62734
62570,50,61152
62571,50,61156
62572,50,61157
62573,50,61158
62574,50,61160
62575,50,61164
62576,50,61166
62577,50,61167
62580,40,62754
62583,0,62757
62586,0,62759
62589,0,62760
62592,0,62766
62594,69,62766
62595,0,62772
62597,69,62772
62598,0,62778
62601,20,62790
62602,10,62790
62603,49,62797
62605,0,62799
62608,45,62104
62610,16,62104
62612,21,62804
62613,0,62804
62615,21,62806
62616,0,62806
62617,0,62812
62623,9,62821
62624,0,62821
62625,0,62823
62628,72,62824
62630,0,62826
62633,69,62827
62634,69,62826
62635,0,62833
62638,0,62835
62640,0,62838
62642,69,62835
62643,69,62838
62644,0,62850
62648,0,62852
62651,0,62853
62653,0,62854
62655,0,62855
62657,0,62856
62659,0,62857
62661,0,62858
62663,49,62860
62666,69,62853
62667,69,62854
62668,69,62855
62669,69,62856
62670,69,62858
62671,0,62875
62672,3,62875
62673,0,62877
62674,22,62877
62676,0,62878
62679,0,62880
62684,69,62889
62686,21,62891
62687,0,62891
62690,45,62894
62691,0,62894
62692,0,62896
62694,69,62896
62697,0,62906
62698,0,62911
62700,69,62911
62701,0,62918
62710,50,62930
62713,50,62931
62716,50,62932
62719,50,62933
62722,50,62934
62725,50,62935
62730,0,62936
62731,14,62875
62734,0,62948
62736,0,62949
62738,69,62948
62739,0,62952
62741,69,62952
62742,69,62949
62743,0,62960
62745,0,62964
62746,22,62964
62748,69,62960
62750,0,62975
62752,22,62969
62753,69,62975
62754,28,62487
62757,0,62982
62761,22,62987
62762,0,62987
62763,0,62988
62767,50,62991
62768,30,62992
62769,71,62992
62772,50,63001
62773,49,63001
62774,4,62986
62775,0,63005
62777,69,63005
62778,0,63016
62780,0,63019
62784,36,63020
62785,35,63021
62786,36,63021
62787,69,63016
62788,0,63024
62790,69,63024
62793,0,63029
62796,0,63030
62799,0,63032
62800,22,63032
62804,71,63044
62808,0,63046
62809,28,63046
62811,0,63050
62816,69,63050
62821,0,63069
62822,22,63069
62825,24,63070
62826,0,63070
62827,30,62919
62828,45,63073
62830,45,63081
62833,45,63087
62834,0,63087
62835,45,63088
62838,0,63092
62842,50,63095
62844,49,63105
62845,45,63106
62847,0,63107
62850,41,63110
62853,19,63112
62855,40,63113
62858,40,63114
62861,50,63122
62863,50,63123
62865,0,63125
62868,0,63126
62870,0,63127
62873,69,63126
62876,0,63131
62882,45,63135
62883,0,63135
62886,4,62919
62887,0,63145
62890,45,63147
62892,0,63148
62894,0,63149
62898,8,63153
62900,0,63156
62903,0,63159
62905,69,63159
62906,41,63175
62907,25,63175
62908,8,63180
62910,8,63182
62913,0,63187
62915,49,63188
62917,50,63192
62919,0,63194
62920,22,63194
62922,4,62027
62923,0,63203
62925,69,63203
62926,41,63206
62927,57,63206
62929,0,63209
62932,0,63211
62934,69,63211
62935,10,63112
62936,50,63220
62942,0,63222
62944,0,63224
62945,28,63224
62947,0,63227
62950,0,63229
62952,0,63230
62953,22,63230
62955,69,63222
62956,69,63229
62958,28,63238
62959,4,62128
62961,0,63256
62963,44,63260
62965,0,63260
62966,25,63153
62967,14,63266
62972,69,63256
62973,44,63273
62974,14,63273
62978,0,63280
62981,9,63281
62983,0,63290
62984,22,63290
62986,49,63292
62987,0,63293
62989,0,63294
62990,22,63294
62992,0,63298
62995,69,63293
62996,44,63314
62998,0,63314
63001,0,63315
63002,0,63321
63005,0,63326
63006,22,63326
63008,36,63330
63009,57,63330
63011,0,63331
63012,3,63331
63013,0,63332
63014,3,63332
63015,0,63333
63017,69,63333
63018,45,63331
63019,14,63332
63024,0,63351
63026,0,63352
63027,25,63352
63028,44,63352
63030,69,63355
63031,69,63351
63032,36,63361
63035,22,63352
63037,21,63364
63038,0,63364
63040,21,63365
63041,0,63365
63042,0,63378
63045,0,63381
63046,22,63381
63048,10,61217
63049,10,61162
63050,28,63388
63051,25,63388
63053,22,63389
63054,0,63389
63055,28,63390
63056,25,63390
63057,0,63391
63063,69,63396
63065,44,63399
63066,14,63399
63067,0,63399
63069,69,63400
63070,40,63402
63073,40,63405
63075,0,63415
63076,22,63415
63078,0,63418
63079,22,63418
63081,50,58494
63082,0,63423
63085,50,55508
63086,8,63347
63087,50,63431
63090,50,63433
63093,0,63435
63094,22,63435
63097,22,63436
63098,0,63436
63099,0,63437
63100,22,63437
63102,0,63439
63103,44,63439
63104,4,63347
63105,0,63442
63106,22,63442
63108,0,63443
63109,22,63443
63114,0,63446
63115,22,63439
63116,0,63449
63118,0,63450
63120,0,63452
63121,22,63452
63123,0,63453
63124,22,63453
63126,0,63455
63127,22,63455
63129,44,63456
63130,0,63456
63131,14,63456
63133,69,63449
63134,69,63450
63135,69,63459
63136,50,63463
63138,0,63479
63140,28,63479
63142,45,63488
63143,0,63488
63144,50,63490
63146,30,63492
63148,0,63493
63149,22,63493
63151,0,63494
63153,50,36623
63154,50,39006
63155,50,40716
63156,50,42604
63157,50,50866
63158,0,63500
63161,45,63502
63166,49,63509
63169,49,63510
63172,49,63511
63175,0,63513
63178,38,63517
63181,38,63519
63184,0,63521
63187,10,62982
63188,30,63524
63190,31,63528
63191,25,63528
63192,0,63532
63194,71,63533
63196,71,63534
63198,45,63535
63203,0,63536
63204,50,63537
63207,50,63538
63210,44,63540
63211,14,63540
63212,0,63540
63213,49,63546
63214,23,63546
63215,49,63547
63216,23,63547
63217,49,63548
63218,11,63548
63219,49,63549
63220,20,63549
63221,11,63502
63222,45,63552
63225,29,63519
63226,45,63555
63227,11,63555
63228,29,63535
63229,0,63557
63230,22,63557
63232,11,63552
63236,39,63564
63238,8,63564
63241,4,63569
63242,10,63569
63243,4,63570
63244,11,63570
63245,30,63570
63246,0,63572
63249,0,63573
63252,44,63574
63253,12,63574
63254,19,63578
63255,20,63578
63257,35,63579
63258,36,63579
63260,45,63582
63261,0,63582
63264,8,61790
63265,49,63590
63266,8,63591
63268,49,63592
63269,11,63592
63271,2,63596
63272,8,63596
63276,0,63607
63277,22,63607
63279,44,63610
63280,11,63610
63281,0,63610
63283,69,63611
63285,13,63623
63286,11,63623
63288,8,63623
63292,0,63631
63295,69,63633
63296,69,63631
63297,0,63636
63299,69,63636
63305,39,63653
63306,25,63653
63307,4,63628
63308,50,63664
63312,50,63666
63314,27,63666
63315,50,63668
63317,27,63668
63318,50,63669
63320,27,63669
63321,0,63670
63324,50,63672
63327,8,63673
63329,50,63674
63332,50,63675
63334,27,63675
63335,50,63677
63337,27,63677
63338,50,63679
63340,27,63679
63341,50,63680
63343,27,63680
63344,50,63681
63346,27,63681
63347,0,63683
63353,69,63686
63354,69,63683
63355,69,63665
63356,0,63690
63359,0,63697
63362,0,63703
63363,22,63703
63367,12,63714
63368,20,63714
63371,22,63724
63372,0,63724
63373,12,63727
63374,20,63727
63375,28,63733
63378,4,63734
63383,0,63740
63384,0,63741
63387,5,63507
63388,0,63747
63392,25,63754
63395,0,63757
63398,10,63388
63399,41,63761
63402,0,63762
63403,22,63762
63406,45,63767
63407,11,63767
63408,12,62390
63409,69,63747
63410,44,63771
63411,14,63771
63412,0,63771
63413,36,63773
63415,44,63774
63416,22,63774
63417,0,63774
63418,0,63775
63419,22,63775
63421,50,63778
63422,49,63778
63423,0,63780
63425,5,63781
63427,10,63782
63428,20,63782
63429,25,63783
63430,10,63783
63431,21,63784
63433,69,63780
63434,22,63786
63435,46,63788
63436,8,63788
63437,22,63784
63438,0,63790
63441,22,63793
63442,0,63793
63443,36,63796
63444,20,63796
63446,25,63801
63447,10,63801
63451,0,63806
63454,0,63807
63457,25,63808
63459,69,63805
63462,28,63790
63463,12,63112
63464,22,63740
63466,0,63826
63468,0,63827
63471,69,63826
63472,46,63830
63473,8,63830
63475,22,63832
63476,0,63832
63477,0,63835
63478,22,63835
63481,22,63838
63482,0,63838
63483,0,63839
63484,22,63839
63487,22,63840
63488,0,63840
63489,0,63842
63492,2,63846
63493,11,63846
63494,2,63848
63495,13,63848
63496,2,63849
63497,13,63849
63498,2,63855
63499,13,63855
63500,2,63858
63501,13,63858
63502,2,63859
63503,13,63859
63504,0,63860
63507,2,63861
63508,13,63861
63509,2,63862
63510,13,63862
63511,2,63865
63512,13,63865
63513,2,63867
63514,13,63867
63515,2,63868
63516,13,63868
63517,2,63869
63518,13,63869
63519,2,63870
63520,13,63870
63521,2,63871
63522,13,63871
63523,0,63875
63524,22,63875
63526,0,63877
63532,69,63885
63533,4,63888
63535,36,63891
63536,8,63891
63537,0,63894
63539,22,63807
63540,49,63898
63543,22,63899
63544,0,63899
63545,30,63902
63546,71,63902
63548,44,63907
63549,22,63907
63550,0,63907
63555,69,63894
63556,11,63908
63557,11,63909
63560,8,63914
63563,0,63918
63566,25,63919
63567,22,63919
63569,0,63926
63570,22,63926
63572,22,63934
63574,41,63937
63576,4,63315
63577,41,63940
63579,25,63315
63580,41,63315
63581,30,63944
63582,71,63944
63584,44,63949
63585,14,63949
63586,0,63949
63588,14,63950
63589,0,63950
63593,49,63954
63594,20,63954
63595,0,63955
63596,22,63955
63599,49,63957
63600,0,63958
63603,10,62158
63604,25,63962
63605,13,63962
63606,4,61790
63607,25,63934
63608,0,63985
63609,22,63985
63611,0,63986
63612,22,63986
63614,0,63987
63617,0,63988
63619,69,63988
63620,4,63995
63622,2,63995
63623,2,63997
63626,0,63999
63628,9,63848
63629,9,63849
63630,45,64003
63631,11,64003
63632,20,64003
63633,44,64010
63634,14,64010
63635,0,64010
63636,69,63999
63637,25,64022
63638,24,64022
63639,22,64022
63642,31,63808
63643,69,64033
63644,25,63439
63649,12,64048
63650,45,64053
63651,20,64053
63653,20,64054
63656,45,64055
63657,0,64055
63658,29,64053
63659,36,64061
63660,20,64061
63662,30,64064
63663,71,64064
63664,0,64070
63665,22,64070
63667,0,64072
63668,44,64072
63669,57,64074
63670,41,64074
63671,28,64076
63672,51,64076
63673,0,64084
63674,44,64084
63675,4,64085
63676,28,64085
63677,24,63315
63678,4,64090
63679,28,64090
63680,51,64091
63681,2,64091
