id,id_doc,id_assunto
1,9,2637
2,10,2628
3,15,2629
4,22,3515
5,23,3516
6,24,3514
7,25,3515
8,26,727
9,30,2628
10,34,2666
11,35,2653
12,39,2628
13,41,3526
14,42,3524
15,45,3527
16,46,3527
17,47,3519
18,49,3520
19,50,3517
20,53,3521
21,56,2657
22,57,2657
23,58,2628
24,64,2657
25,65,2657
26,70,2653
27,71,3525
28,73,3529
29,74,3521
30,81,2665
31,88,2663
32,111,2663
33,112,2663
34,123,3569
35,130,3547
36,146,3547
37,147,3548
38,150,3554
39,165,3554
40,172,2663
41,175,3562
42,194,2663
43,198,3554
44,199,3554
45,211,2663
46,214,3563
47,215,3563
48,218,3554
49,220,3554
50,222,2663
51,226,2663
52,232,2663
53,236,3563
54,240,2663
55,243,2663
56,255,3563
57,256,3554
58,258,3547
59,263,2663
60,279,2680
61,280,2663
62,281,2663
63,282,2673
64,286,3547
65,290,3562
66,291,3562
67,292,3562
68,302,3547
69,310,3550
70,313,3562
71,314,3550
72,328,3554
73,329,2663
74,331,2663
75,354,3562
76,355,2663
77,356,3562
78,360,3554
79,361,3554
80,363,3554
81,366,3554
82,372,3562
83,376,3562
84,377,3554
85,379,3554
86,380,3554
87,381,3554
88,383,3554
89,385,3547
90,390,3554
91,397,3550
92,406,3554
93,407,3554
94,409,3554
95,411,3554
96,412,3554
97,417,3554
98,425,3554
99,427,3554
100,431,2663
101,441,3555
102,448,3601
103,456,3555
104,465,2646
105,474,2646
106,482,3554
107,485,2663
108,490,3562
109,501,3569
110,507,2673
111,514,3550
112,516,3550
113,519,3554
114,524,3562
115,526,3562
116,531,3547
117,533,3547
118,543,3586
119,544,3586
120,551,2663
121,559,3562
122,560,3562
123,561,3562
124,562,3562
125,563,3554
126,564,3554
127,567,3554
128,569,2663
129,578,3554
130,597,3554
131,599,3554
132,606,3562
133,607,3562
134,608,3562
135,634,3562
136,638,3550
137,651,3562
138,654,729
139,656,3554
140,658,3563
141,668,3586
142,669,3601
143,670,3586
144,671,3586
145,676,2663
146,680,2646
147,691,3601
148,702,3562
149,709,2663
150,710,3554
151,718,3601
152,722,2663
153,724,2663
154,726,3550
155,730,3600
156,735,3554
157,742,2663
158,752,2663
159,760,2663
160,764,3562
161,765,3562
162,766,3562
163,768,3550
164,769,2663
165,771,3562
166,777,3554
167,779,3554
168,787,3550
169,799,3563
170,801,3563
171,803,3563
172,806,3515
173,808,2663
174,812,2663
175,823,3554
176,827,3601
177,829,2663
178,830,3563
179,834,3563
180,840,3563
181,841,2663
182,845,2646
183,851,3600
184,852,2646
185,853,2667
186,855,2663
187,864,3554
188,866,3554
189,867,3554
190,868,3554
191,892,2646
192,902,3547
193,915,3566
194,916,3566
195,917,3566
196,919,3600
197,922,3600
198,931,3548
199,939,3554
200,973,3562
201,974,3562
202,975,3603
203,978,3554
204,985,2663
205,992,3554
206,993,3562
207,1004,3562
208,1009,3547
209,1019,3562
210,1021,3562
211,1022,2663
212,1026,3562
213,1030,3554
214,1032,3597
215,1034,3557
216,1044,3600
217,1057,3586
218,1065,3547
219,1071,3554
220,1072,3554
221,1079,3554
222,1081,3554
223,1082,3554
224,1085,2663
225,1088,3562
226,1091,2680
227,1092,2680
228,1100,3548
229,1101,3562
230,1102,3547
231,1105,2680
232,1106,3600
233,1116,3562
234,1128,3562
235,1129,3562
236,1135,2680
237,1144,2663
238,1146,2680
239,1147,2680
240,1150,2680
241,1152,2663
242,1153,3554
243,1155,2663
244,1158,3554
245,1165,3562
246,1180,2680
247,1181,2680
248,1183,2680
249,1188,2669
250,1189,2663
251,1190,3550
252,1193,3554
253,1201,3547
254,1204,3562
255,1205,727
256,1206,2663
257,1207,2663
258,1208,2680
259,1212,3600
260,1215,2663
261,1216,767
262,1219,3554
263,1231,3603
264,1233,2663
265,1234,3554
266,1236,3586
267,1239,3586
268,1240,3547
269,1241,2663
270,1243,3563
271,1244,3563
272,1245,2646
273,1246,3562
274,1248,2663
275,1253,2663
276,1264,3547
277,1266,2663
278,1272,3554
279,1273,3563
280,1274,2663
281,1275,2663
282,1276,3554
283,1278,3554
284,1279,3562
285,1280,3554
286,1286,3562
287,1296,3547
288,1311,3558
289,1312,3554
290,1320,3586
291,1322,3586
292,1325,3554
293,1326,3548
294,1329,3563
295,1330,3563
296,1331,3563
297,1332,3564
298,1338,3554
299,1339,3554
300,1340,3563
301,1341,3554
302,1342,3554
303,1343,3562
304,1344,3563
305,1346,3563
306,1347,3554
307,1351,3563
308,1353,3563
309,1361,3554
310,1365,3554
311,1370,3562
312,1371,2663
313,1373,3562
314,1375,3554
315,1376,3554
316,1381,3554
317,1382,3554
318,1394,3554
319,1399,2644
320,1404,3562
321,1405,727
322,1408,2646
323,1415,3603
324,1418,2646
325,1420,3565
326,1422,3566
327,1424,3566
328,1425,3565
329,1426,3554
330,1427,2663
331,1441,3562
332,1447,2663
333,1448,2663
334,1457,2663
335,1458,3554
336,1459,3554
337,1460,2644
338,1463,2663
339,1466,3554
340,1467,3554
341,1468,2680
342,1477,3601
343,1481,2663
344,1486,2663
345,1487,2646
346,1489,3554
347,1491,2663
348,1498,2680
349,1509,2663
350,1520,3562
351,1521,3554
352,1526,3554
353,1529,2646
354,1532,3547
355,1534,2646
356,1551,2646
357,1553,2663
358,1554,2644
359,1561,2646
360,1565,2663
361,1572,3554
362,1573,3562
363,1574,3554
364,1584,2663
365,1587,3554
366,1591,3600
367,1603,2680
368,1615,2663
369,1616,2680
370,1628,3601
371,1630,3555
372,1636,2663
373,1642,3554
374,1645,2680
375,1650,3562
376,1660,3547
377,1679,2663
378,1682,2663
379,1695,3554
380,1698,2680
381,1710,3554
382,1714,3555
383,1725,3547
384,1768,3548
385,1770,3554
386,1771,3554
387,1774,2663
388,1778,3554
389,1782,2644
390,1787,2680
391,1788,3547
392,1803,2663
393,1806,2663
394,1815,3603
395,1831,2646
396,1838,3562
397,1840,3554
398,1841,3554
399,1849,3600
400,1859,3603
401,1863,3562
402,1864,3566
403,1868,3554
404,1874,2646
405,1881,3547
406,1886,3554
407,1888,2663
408,1889,3601
409,1910,3562
410,1913,3554
411,1914,2663
412,1916,2663
413,1917,3547
414,1927,3562
415,1934,3554
416,1944,3562
417,1959,3547
418,1962,3554
419,1969,3554
420,1972,3554
421,1979,3597
422,1981,3557
423,1989,3603
424,1998,3562
425,1999,3600
426,2001,3562
427,2011,3600
428,2017,3562
429,2021,3554
430,2049,3547
431,2064,3550
432,2070,3562
433,2072,3586
434,2084,3586
435,2102,3562
436,2113,727
437,2115,3515
438,2136,3586
439,2137,3586
440,2153,3547
441,2161,3562
442,2173,2663
443,2186,3562
444,2188,3562
445,2195,3554
446,2196,3554
447,2197,3554
448,2199,3554
449,2200,3554
450,2203,3554
451,2210,3554
452,2223,2646
453,2225,3554
454,2226,3554
455,2233,3563
456,2236,2663
457,2241,3554
458,2242,3554
459,2251,3554
460,2252,3554
461,2253,3554
462,2255,3554
463,2257,3563
464,2260,2646
465,2263,3603
466,2267,2663
467,2268,3562
468,2275,3562
469,2277,3554
470,2281,3562
471,2283,3562
472,2285,3554
473,2288,2642
474,2289,2644
475,2292,3550
476,2293,3554
477,2294,3554
478,2295,3554
479,2296,3554
480,2297,3554
481,2298,3554
482,2305,3562
483,2330,3554
484,2334,3547
485,2349,3562
486,2351,3554
487,2353,3554
488,2354,3554
489,2359,3562
490,2366,3601
491,2373,2663
492,2376,2663
493,2378,2646
494,2392,3554
495,2417,3562
496,2420,3554
497,2421,3603
498,2425,3547
499,2434,3554
500,2436,3586
501,2447,2646
502,2454,3601
503,2462,3586
504,2466,3547
505,2467,3554
506,2469,3554
507,2470,3554
508,2471,2646
509,2489,3550
510,2525,3548
511,2542,3562
512,2543,3554
513,2546,2646
514,2568,2646
515,2574,2646
516,2577,3550
517,2596,3554
518,2604,3547
519,2612,3601
520,2617,3562
521,2618,3600
522,2628,3554
523,2651,2663
524,2652,2663
525,2653,3554
526,2654,3554
527,2655,3562
528,2660,3554
529,2665,3547
530,2670,3600
531,2671,2663
532,2673,3562
533,2675,3562
534,2682,2646
535,2687,3554
536,2688,3554
537,2714,2663
538,2721,3554
539,2728,3554
540,2734,3554
541,2737,3554
542,2742,3554
543,2749,2646
544,2751,2663
545,2759,3562
546,2763,3554
547,2764,3562
548,2770,3556
549,2786,3554
550,2793,3554
551,2799,3601
552,2816,3554
553,2817,3554
554,2824,3554
555,2833,2663
556,2854,2646
557,2859,3550
558,2863,2646
559,2866,2663
560,2867,3562
561,2869,2646
562,2875,2663
563,2877,3554
564,2890,3562
565,2894,3554
566,2898,3554
567,2933,3550
568,2940,3600
569,2945,3554
570,2947,3554
571,2949,2663
572,2951,3556
573,2959,3547
574,2963,2663
575,2967,3547
576,2973,3554
577,2975,3554
578,2983,3601
579,2992,3601
580,2999,3554
581,3006,3554
582,3007,3555
583,3023,767
584,3026,3563
585,3032,2663
586,3055,3547
587,3062,3554
588,3063,3586
589,3076,3562
590,3077,2663
591,3080,3586
592,3085,2663
593,3089,3554
594,3090,3554
595,3091,3586
596,3092,3554
597,3094,3600
598,3098,3554
599,3099,3562
600,3100,3562
601,3101,3550
602,3103,3563
603,3106,3555
604,3113,3554
605,3114,3554
606,3115,3554
607,3116,3554
608,3118,3554
609,3122,3554
610,3134,3601
611,3142,3600
612,3147,3554
613,3150,2663
614,3155,2663
615,3159,3550
616,3170,3554
617,3171,3554
618,3172,3554
619,3175,3602
620,3178,3550
621,3182,3554
622,3184,3554
623,3185,3554
624,3187,3554
625,3198,3562
626,3206,2663
627,3212,2663
628,3215,3600
629,3217,3600
630,3223,3601
631,3232,3554
632,3233,3554
633,3234,3554
634,3247,3562
635,3248,3562
636,3251,2663
637,3255,2663
638,3258,3600
639,3259,3597
640,3260,3557
641,3263,3600
642,3264,3600
643,3265,3600
644,3266,3600
645,3270,3554
646,3283,3554
647,3284,2663
648,3288,3562
649,3294,2663
650,3301,3554
651,3320,2663
652,3344,2663
653,3358,3554
654,3359,3554
655,3360,3554
656,3363,2646
657,3374,3563
658,3375,3563
659,3376,3563
660,3377,2646
661,3382,3550
662,3383,2663
663,3384,2663
664,3385,2663
665,3392,3602
666,3394,2642
667,3395,2663
668,3401,2669
669,3403,3564
670,3413,3555
671,3420,2682
672,3429,2663
673,3432,2663
674,3433,2642
675,3436,2642
676,3437,3550
677,3444,3547
678,3450,3554
679,3454,3554
680,3465,3562
681,3466,3554
682,3471,3562
683,3483,767
684,3484,3554
685,3489,2646
686,3492,2682
687,3495,3562
688,3500,3554
689,3501,2663
690,3502,3547
691,3516,3562
692,3523,3569
693,3524,3562
694,3530,3555
695,3549,3586
696,3553,2642
697,3555,2642
698,3563,3562
699,3570,3547
700,3586,3603
701,3605,3554
702,3606,3554
703,3608,3554
704,3610,3554
705,3624,3601
706,3628,3562
707,3631,3562
708,3637,2646
709,3652,3563
710,3653,3563
711,3656,3564
712,3657,3562
713,3661,3601
714,3662,3547
715,3666,2642
716,3668,2646
717,3670,2642
718,3690,3563
719,3705,3554
720,3709,3562
721,3711,3554
722,3713,3554
723,3714,2663
724,3735,2646
725,3745,3554
726,3746,3562
727,3747,3554
728,3749,3566
729,3752,3562
730,3756,3554
731,3758,3566
732,3764,3586
733,3765,3586
734,3768,3554
735,3772,3554
736,3774,3554
737,3775,3554
738,3777,3554
739,3785,3554
740,3799,3554
741,3800,3563
742,3801,3564
743,3802,3554
744,3804,3554
745,3805,3554
746,3808,3554
747,3828,3562
748,3831,3566
749,3832,3566
750,3839,3554
751,3841,3554
752,3849,3550
753,3858,3587
754,3859,3554
755,3867,2642
756,3868,2646
757,3882,3562
758,3889,3600
759,3892,3601
760,3897,3554
761,3909,2642
762,3913,2663
763,3914,2663
764,3918,3562
765,3919,3554
766,3920,3563
767,3921,2663
768,3922,2663
769,3923,2669
770,3925,2663
771,3926,3563
772,3927,2663
773,3928,2663
774,3929,2642
775,3933,2663
776,3940,2642
777,3961,3565
778,3971,2663
779,3972,3554
780,3977,3554
781,3978,3554
782,3980,3554
783,3988,2664
784,3993,3562
785,3997,3554
786,4008,2663
787,4011,3554
788,4016,2646
789,4020,2644
790,4042,2663
791,4053,2642
792,4054,3554
793,4056,3554
794,4057,3554
795,4058,3554
796,4063,3554
797,4065,3554
798,4067,2642
799,4068,3562
800,4069,3562
801,4073,3562
802,4074,3562
803,4075,3554
804,4076,3554
805,4086,2663
806,4087,2663
807,4088,3562
808,4092,3554
809,4093,3554
810,4094,3554
811,4096,3554
812,4097,3554
813,4098,3554
814,4101,3554
815,4102,3562
816,4104,2642
817,4117,2663
818,4121,3554
819,4122,2663
820,4132,2663
821,4142,3554
822,4149,2642
823,4161,2663
824,4166,2663
825,4167,3562
826,4184,3547
827,4186,2642
828,4189,3562
829,4191,2642
830,4205,3601
831,4210,3554
832,4211,3554
833,4213,3554
834,4224,2663
835,4234,2663
836,4235,2683
837,4240,3554
838,4242,2663
839,4250,3554
840,4251,3554
841,4254,3554
842,4261,3562
843,4262,2663
844,4270,3554
845,4271,3554
846,4278,3554
847,4280,3554
848,4285,3554
849,4286,3554
850,4287,3554
851,4288,3554
852,4292,3562
853,4294,2642
854,4296,3554
855,4311,2642
856,4314,2663
857,4345,2663
858,4349,2663
859,4362,3586
860,4363,3550
861,4364,2663
862,4365,3562
863,4369,3554
864,4371,3554
865,4374,3547
866,4378,3562
867,4379,3547
868,4380,2663
869,4381,3564
870,4382,3563
871,4383,3563
872,4384,3563
873,4398,2663
874,4406,3554
875,4411,3562
876,4415,2642
877,4422,2663
878,4424,2663
879,4427,3562
880,4441,3550
881,4447,2663
882,4452,3601
883,4456,3554
884,4457,3550
885,4463,3548
886,4487,2642
887,4494,2642
888,4496,2663
889,4499,2663
890,4502,3554
891,4503,3554
892,4504,3547
893,4509,2663
894,4511,2682
895,4521,3562
896,4523,2663
897,4525,3554
898,4527,3554
899,4528,3554
900,4529,3554
901,4530,3554
902,4532,2663
903,4540,2663
904,4548,2642
905,4552,3562
906,4556,3565
907,4557,3566
908,4559,2663
909,4572,3554
910,4574,3562
911,4575,3562
912,4577,2663
913,4581,3554
914,4590,3604
915,4597,3554
916,4599,3563
917,4602,3562
918,4616,3554
919,4630,3554
920,4631,3554
921,4632,3554
922,4633,3554
923,4634,3554
924,4635,2663
925,4636,3562
926,4637,3554
927,4638,3554
928,4643,3554
929,4655,3547
930,4656,3563
931,4659,3555
932,4661,2646
933,4665,3563
934,4666,2663
935,4684,2682
936,4691,2663
937,4695,3554
938,4696,3554
939,4698,3554
940,4702,3562
941,4713,3601
942,4714,3562
943,4719,3562
944,4735,3554
945,4736,3554
946,4737,2683
947,4738,3554
948,4755,3550
949,4757,3562
950,4758,3554
951,4761,2642
952,4765,2663
953,4769,2642
954,4774,2669
955,4776,2663
956,4782,2663
957,4787,2663
958,4788,2646
959,4789,2663
960,4801,2642
961,4808,3554
962,4809,2663
963,4810,2663
964,4818,2682
965,4833,3577
966,4839,3554
967,4841,3554
968,4842,3577
969,4843,3547
970,4847,2663
971,4848,2663
972,4868,3554
973,4870,3562
974,4871,3562
975,4885,3554
976,4888,3562
977,4889,3562
978,4890,3554
979,4891,3554
980,4901,3603
981,4923,2642
982,4927,3554
983,4934,3547
984,4937,3554
985,4939,3554
986,4949,3554
987,4950,3554
988,4951,3554
989,4955,727
990,4958,2646
991,4968,2642
992,4969,3562
993,4971,3554
994,4972,3554
995,4973,3554
996,4984,3547
997,4997,3554
998,4998,3554
999,4999,3554
1000,5000,3554
1001,5004,3554
1002,5007,2663
1003,5010,2663
1004,5015,3562
1005,5017,3554
1006,5018,3554
1007,5019,3554
1008,5020,3554
1009,5021,2646
1010,5029,3555
1011,5047,2682
1012,5048,3554
1013,5052,3554
1014,5053,3554
1015,5055,3554
1016,5058,3554
1017,5060,3554
1018,5064,2663
1019,5084,3586
1020,5085,3563
1021,5087,3563
1022,5090,3554
1023,5091,3554
1024,5096,3563
1025,5097,3563
1026,5099,3554
1027,5102,3563
1028,5104,3547
1029,5105,3564
1030,5112,2663
1031,5113,2663
1032,5116,3563
1033,5122,3554
1034,5128,3563
1035,5129,2663
1036,5136,3562
1037,5137,3562
1038,5141,3563
1039,5142,3564
1040,5143,3554
1041,5144,3554
1042,5145,3554
1043,5147,3554
1044,5149,3562
1045,5157,2663
1046,5158,2669
1047,5160,3600
1048,5162,2663
1049,5169,3586
1050,5187,2663
1051,5201,3554
1052,5213,3563
1053,5216,3601
1054,5229,2663
1055,5230,2663
1056,5235,3554
1057,5236,3554
1058,5245,3562
1059,5247,2642
1060,5251,3554
1061,5265,3554
1062,5266,3554
1063,5269,3563
1064,5270,3563
1065,5271,3562
1066,5276,2646
1067,5283,3554
1068,5286,3554
1069,5288,3554
1070,5293,3554
1071,5295,3601
1072,5296,3554
1073,5297,3554
1074,5322,2642
1075,5326,3565
1076,5327,3554
1077,5328,3566
1078,5329,3566
1079,5337,3562
1080,5339,3554
1081,5342,2663
1082,5344,2663
1083,5345,2663
1084,5346,2663
1085,5347,2663
1086,5366,3555
1087,5369,3554
1088,5370,3566
1089,5374,3547
1090,5375,3554
1091,5376,3550
1092,5380,3554
1093,5384,3566
1094,5386,3566
1095,5387,3554
1096,5395,2646
1097,5396,2646
1098,5399,2663
1099,5400,3562
1100,5402,3562
1101,5403,3562
1102,5407,2663
1103,5411,2663
1104,5417,3554
1105,5421,3550
1106,5431,3587
1107,5432,2663
1108,5437,3554
1109,5438,3554
1110,5440,3554
1111,5446,3547
1112,5448,3547
1113,5452,3554
1114,5456,2663
1115,5457,2663
1116,5462,3566
1117,5468,2663
1118,5475,3561
1119,5497,2663
1120,5498,3554
1121,5500,2663
1122,5510,2663
1123,5513,3554
1124,5514,3554
1125,5515,3554
1126,5516,3554
1127,5517,3554
1128,5525,3547
1129,5526,2663
1130,5527,2663
1131,5528,2663
1132,5530,2663
1133,5531,2663
1134,5563,3554
1135,5564,2663
1136,5571,3550
1137,5580,3562
1138,5586,3554
1139,5592,2646
1140,5602,2663
1141,5603,3601
1142,5606,2644
1143,5609,2663
1144,5616,3554
1145,5617,3554
1146,5618,3554
1147,5619,3554
1148,5621,2642
1149,5625,3547
1150,5631,2663
1151,5636,3554
1152,5647,3547
1153,5653,3547
1154,5668,2663
1155,5675,3554
1156,5676,3562
1157,5681,3603
1158,5687,2663
1159,5688,3548
1160,5700,2663
1161,5702,3550
1162,5704,2642
1163,5706,2646
1164,5713,3563
1165,5717,3554
1166,5720,3547
1167,5724,2663
1168,5725,3563
1169,5726,3554
1170,5737,2663
1171,5738,2663
1172,5751,3548
1173,5752,2663
1174,5758,3600
1175,5759,2663
1176,5760,2663
1177,5777,2642
1178,5781,2663
1179,5782,3554
1180,5783,2663
1181,5785,2663
1182,5787,2663
1183,5792,3547
1184,5803,3554
1185,5804,3554
1186,5822,2663
1187,5825,2663
1188,5829,2663
1189,5830,2646
1190,5831,2646
1191,5833,3558
1192,5837,3562
1193,5838,2663
1194,5839,3562
1195,5842,2663
1196,5843,2663
1197,5855,3600
1198,5856,2663
1199,5857,3554
1200,5861,2646
1201,5865,3554
1202,5876,3554
1203,5880,2646
1204,5882,3554
1205,5884,3554
1206,5885,3554
1207,5886,3554
1208,5892,2663
1209,5901,2663
1210,5906,2669
1211,5908,3601
1212,5911,2663
1213,5915,2663
1214,5930,2663
1215,5931,2646
1216,5938,3563
1217,5939,2663
1218,5940,2663
1219,5941,2663
1220,5954,2663
1221,5959,3562
1222,5965,2663
1223,5972,2663
1224,5987,3554
1225,5993,2663
1226,6001,2663
1227,6002,2669
1228,6004,3547
1229,6005,2646
1230,6009,3554
1231,6013,2663
1232,6017,2663
1233,6018,2646
1234,6024,3554
1235,6025,3554
1236,6026,3554
1237,6027,3554
1238,6032,3587
1239,6034,3547
1240,6044,2646
1241,6049,3554
1242,6068,2663
1243,6071,2663
1244,6079,2682
1245,6086,3601
1246,6088,3562
1247,6089,2663
1248,6096,3554
1249,6101,3554
1250,6103,3563
1251,6104,3563
1252,6109,3548
1253,6110,2663
1254,6120,2663
1255,6122,2663
1256,6125,2663
1257,6128,2646
1258,6133,2663
1259,6137,2663
1260,6139,2663
1261,6140,2663
1262,6148,2663
1263,6151,2663
1264,6153,2646
1265,6160,2646
1266,6161,2646
1267,6175,2663
1268,6177,2663
1269,6178,3554
1270,6180,2663
1271,6185,3562
1272,6187,2663
1273,6193,3554
1274,6196,2663
1275,6197,2663
1276,6208,2663
1277,6214,2663
1278,6220,2663
1279,6228,3554
1280,6241,3554
1281,6251,2663
1282,6252,2663
1283,6253,3554
1284,6256,3554
1285,6257,2646
1286,6264,3562
1287,6267,3600
1288,6272,2658
1289,6273,2642
1290,6278,2663
1291,6279,2646
1292,6282,2663
1293,6285,2663
1294,6286,2663
1295,6292,2663
1296,6294,3554
1297,6295,3554
1298,6296,3554
1299,6304,3563
1300,6306,3554
1301,6314,2663
1302,6316,3554
1303,6318,3547
1304,6320,2663
1305,6322,2646
1306,6326,3555
1307,6330,2663
1308,6339,2663
1309,6340,2663
1310,6348,2663
1311,6350,3601
1312,6359,3554
1313,6363,2646
1314,6364,2646
1315,6371,3554
1316,6373,3554
1317,6378,2663
1318,6379,2663
1319,6385,2663
1320,6389,3547
1321,6394,3555
1322,6419,2644
1323,6429,3562
1324,6430,3554
1325,6431,3554
1326,6435,2663
1327,6437,3547
1328,6438,2663
1329,6441,3554
1330,6442,3554
1331,6445,2663
1332,6446,2663
1333,6449,2663
1334,6454,3554
1335,6462,2663
1336,6467,2663
1337,6468,2663
1338,6477,3554
1339,6487,2663
1340,6488,2663
1341,6491,2646
1342,6493,2642
1343,6499,3563
1344,6500,3563
1345,6501,3563
1346,6503,3564
1347,6506,2669
1348,6508,2663
1349,6514,2663
1350,6520,3554
1351,6521,3562
1352,6530,3554
1353,6537,3557
1354,6538,3597
1355,6542,3547
1356,6543,2663
1357,6544,2663
1358,6545,2663
1359,6547,2663
1360,6549,2663
1361,6566,3554
1362,6568,3554
1363,6573,2663
1364,6577,2663
1365,6578,3563
1366,6581,2646
1367,6582,2663
1368,6593,3554
1369,6594,3554
1370,6599,2663
1371,6610,2663
1372,6614,3600
1373,6618,2663
1374,6619,2663
1375,6635,3562
1376,6642,3566
1377,6643,3566
1378,6654,2663
1379,6655,2663
1380,6659,3554
1381,6660,3554
1382,6664,2663
1383,6665,2663
1384,6667,2663
1385,6669,2669
1386,6670,2663
1387,6677,3547
1388,6681,3554
1389,6686,3565
1390,6689,2663
1391,6693,2663
1392,6694,2663
1393,6709,2646
1394,6717,3563
1395,6732,2663
1396,6738,2663
1397,6739,2669
1398,6740,3554
1399,6747,3554
1400,6748,3554
1401,6749,2642
1402,6757,2663
1403,6777,3562
1404,6781,3554
1405,6785,2663
1406,6792,2663
1407,6796,2663
1408,6806,2663
1409,6811,3554
1410,6822,3603
1411,6827,2663
1412,6830,2663
1413,6833,3554
1414,6835,3547
1415,6836,3562
1416,6849,3554
1417,6850,2646
1418,6852,2663
1419,6854,3550
1420,6856,2663
1421,6857,2663
1422,6867,2663
1423,6868,3554
1424,6869,3554
1425,6880,3548
1426,6881,2663
1427,6891,3597
1428,6892,3557
1429,6896,2663
1430,6899,2646
1431,6900,3554
1432,6904,2663
1433,6907,2663
1434,6910,2663
1435,6916,2663
1436,6936,2663
1437,6948,3554
1438,6952,3566
1439,6969,2663
1440,6971,3554
1441,6973,3554
1442,6974,3563
1443,6975,2663
1444,6977,2663
1445,6985,3554
1446,6991,2663
1447,7009,3550
1448,7018,3586
1449,7019,3563
1450,7020,3586
1451,7022,3586
1452,7036,2646
1453,7066,2663
1454,7081,3554
1455,7087,2663
1456,7104,2646
1457,7109,3557
1458,7117,2673
1459,7126,2663
1460,7131,3550
1461,7138,2663
1462,7146,3554
1463,7147,3554
1464,7149,3600
1465,7196,2646
1466,7202,3587
1467,7205,2646
1468,7206,3562
1469,7207,2663
1470,7209,3554
1471,7214,3554
1472,7219,3554
1473,7224,2646
1474,7226,2646
1475,7228,2646
1476,7238,3563
1477,7241,3563
1478,7242,3564
1479,7243,3566
1480,7245,3554
1481,7249,3603
1482,7260,3562
1483,7263,3603
1484,7282,3566
1485,7284,3562
1486,7287,2646
1487,7300,3601
1488,7313,3554
1489,7319,2646
1490,7323,2663
1491,7324,2669
1492,7331,3554
1493,7337,2646
1494,7338,2642
1495,7342,3603
1496,7345,3586
1497,7348,3562
1498,7369,3601
1499,7375,3547
1500,7382,3562
1501,7387,3548
1502,7391,2646
1503,7397,2646
1504,7401,3601
1505,7402,2644
1506,7415,3554
1507,7418,3554
1508,7434,2642
1509,7436,3547
1510,7445,3554
1511,7450,3554
1512,7452,3563
1513,7453,3563
1514,7458,3554
1515,7459,3554
1516,7468,3554
1517,7469,3554
1518,7473,3554
1519,7474,3554
1520,7475,3554
1521,7479,3554
1522,7487,3554
1523,7490,3554
1524,7491,3554
1525,7492,3554
1526,7493,3554
1527,7494,3554
1528,7496,3554
1529,7514,3554
1530,7518,3554
1531,7520,3547
1532,7528,3554
1533,7539,3554
1534,7541,3554
1535,7542,3554
1536,7548,2663
1537,7550,3555
1538,7558,2646
1539,7567,3554
1540,7568,3554
1541,7576,3554
1542,7589,3554
1543,7609,2646
1544,7655,3555
1545,7656,2646
1546,7666,3586
1547,7670,3562
1548,7701,3554
1549,7706,3554
1550,7713,3554
1551,7724,3566
1552,7726,3554
1553,7728,3600
1554,7729,3554
1555,7730,3554
1556,7731,3554
1557,7733,3554
1558,7738,3554
1559,7741,3554
1560,7743,3554
1561,7752,2642
1562,7761,3601
1563,7766,3554
1564,7770,3550
1565,7782,2646
1566,7783,3547
1567,7786,3551
1568,7809,3554
1569,7811,3554
1570,7812,3554
1571,7833,3554
1572,7849,3554
1573,7857,3562
1574,7860,2646
1575,7873,727
1576,7882,3554
1577,7885,3554
1578,7888,3603
1579,7890,3587
1580,7893,3562
1581,7902,3600
1582,7918,2646
1583,7933,3554
1584,7934,3554
1585,7940,3603
1586,7941,2682
1587,7944,3563
1588,7948,2663
1589,7950,2646
1590,7960,3587
1591,7970,2646
1592,7974,2663
1593,7985,3554
1594,7986,3554
1595,7988,3554
1596,7989,3554
1597,7992,3554
1598,7993,3554
1599,7995,2646
1600,7999,3554
1601,8000,3554
1602,8001,3554
1603,8002,3554
1604,8007,2642
1605,8008,3577
1606,8009,3554
1607,8010,3554
1608,8011,3554
1609,8012,3554
1610,8013,3554
1611,8014,3554
1612,8017,3586
1613,8019,3554
1614,8022,3554
1615,8023,3554
1616,8027,3554
1617,8029,3554
1618,8030,2646
1619,8031,3554
1620,8040,3601
1621,8041,3554
1622,8046,3554
1623,8047,3554
1624,8048,3554
1625,8050,3554
1626,8058,2646
1627,8069,3554
1628,8085,3548
1629,8088,3554
1630,8091,3554
1631,8092,3554
1632,8093,3554
1633,8094,3554
1634,8096,3554
1635,8097,3554
1636,8098,3554
1637,8099,3554
1638,8115,3554
1639,8116,3554
1640,8118,2663
1641,8120,3550
1642,8124,2663
1643,8127,3554
1644,8128,2663
1645,8129,2663
1646,8130,3555
1647,8131,2663
1648,8134,3554
1649,8135,3554
1650,8137,3554
1651,8138,3554
1652,8139,3554
1653,8140,3554
1654,8147,3554
1655,8167,2663
1656,8176,3586
1657,8182,2663
1658,8189,3586
1659,8194,2663
1660,8204,3550
1661,8215,3554
1662,8216,3554
1663,8218,3554
1664,8219,3554
1665,8221,2663
1666,8222,2663
1667,8228,3554
1668,8234,3554
1669,8237,3547
1670,8241,3554
1671,8242,3554
1672,8246,3554
1673,8256,3554
1674,8257,3554
1675,8260,3554
1676,8261,3554
1677,8262,3554
1678,8263,3554
1679,8264,3554
1680,8285,3554
1681,8286,2663
1682,8299,2642
1683,8301,3547
1684,8312,2663
1685,8313,2663
1686,8314,2663
1687,8323,3554
1688,8325,3554
1689,8353,3600
1690,8354,3600
1691,8358,3554
1692,8361,2663
1693,8362,2663
1694,8367,3554
1695,8377,3562
1696,8382,2642
1697,8390,2663
1698,8407,3554
1699,8411,3554
1700,8412,3554
1701,8413,3554
1702,8414,3554
1703,8422,3562
1704,8426,3554
1705,8433,3554
1706,8439,3554
1707,8445,2646
1708,8446,2663
1709,8452,2663
1710,8456,3562
1711,8461,3600
1712,8464,2644
1713,8467,3554
1714,8474,3554
1715,8475,3554
1716,8479,3563
1717,8481,3554
1718,8482,3554
1719,8487,2663
1720,8490,3601
1721,8491,3601
1722,8495,3562
1723,8499,3603
1724,8509,3562
1725,8512,3562
1726,8513,3554
1727,8515,3586
1728,8519,2642
1729,8520,3554
1730,8521,3554
1731,8522,2682
1732,8542,3554
1733,8543,3554
1734,8548,3656
1735,8556,3586
1736,8565,3586
1737,8566,3554
1738,8568,3554
1739,8576,3562
1740,8578,3548
1741,8580,3554
1742,8582,3547
1743,8583,2642
1744,8584,3600
1745,8587,3562
1746,8588,3562
1747,8590,3554
1748,8591,3554
1749,8592,2646
1750,8607,3600
1751,8609,2642
1752,8610,2663
1753,8620,3554
1754,8622,3554
1755,8632,2663
1756,8639,2646
1757,8640,2646
1758,8644,3515
1759,8652,3547
1760,8653,3555
1761,8659,2663
1762,8660,2663
1763,8661,2663
1764,8666,3554
1765,8667,3554
1766,8668,3554
1767,8669,3554
1768,8670,3554
1769,8673,3562
1770,8679,3550
1771,8685,2663
1772,8686,3554
1773,8687,3554
1774,8695,2663
1775,8718,3586
1776,8728,3548
1777,8729,3547
1778,8730,3563
1779,8731,3563
1780,8732,3554
1781,8733,3554
1782,8734,3554
1783,8735,3547
1784,8756,3547
1785,8771,3586
1786,8773,2646
1787,8774,3586
1788,8776,3554
1789,8782,2646
1790,8785,3547
1791,8786,3547
1792,8791,2663
1793,8792,3554
1794,8794,3562
1795,8796,2663
1796,8800,3586
1797,8807,3554
1798,8811,3562
1799,8819,3554
1800,8836,3586
1801,8849,3554
1802,8859,3554
1803,8860,3554
1804,8861,3562
1805,8865,3555
1806,8871,3562
1807,8877,3547
1808,8886,3602
1809,8888,3554
1810,8900,2663
1811,8904,3554
1812,8905,3554
1813,8907,3586
1814,8912,3586
1815,8914,3554
1816,8918,3562
1817,8940,2663
1818,8943,3601
1819,8948,3554
1820,8953,3548
1821,8955,3550
1822,8957,3554
1823,8963,3554
1824,8971,3563
1825,8972,3563
1826,8973,3563
1827,8974,3564
1828,8996,3554
1829,9001,3600
1830,9003,2663
1831,9004,3554
1832,9010,3586
1833,9011,3562
1834,9017,3548
1835,9021,3601
1836,9033,2663
1837,9034,3554
1838,9048,3547
1839,9050,2663
1840,9062,3554
1841,9063,3554
1842,9064,3554
1843,9074,3554
1844,9075,3554
1845,9076,3554
1846,9088,3554
1847,9089,3554
1848,9090,3586
1849,9091,2663
1850,9115,2663
1851,9128,2663
1852,9130,2663
1853,9132,2663
1854,9136,3554
1855,9140,3601
1856,9142,3600
1857,9143,3554
1858,9147,3554
1859,9155,2663
1860,9163,3554
1861,9188,3600
1862,9189,3554
1863,9195,3563
1864,9196,3564
1865,9201,2646
1866,9202,2663
1867,9210,3554
1868,9211,3554
1869,9212,3554
1870,9241,2646
1871,9244,3566
1872,9246,3566
1873,9252,3566
1874,9254,3554
1875,9255,3554
1876,9258,3554
1877,9265,3554
1878,9269,3550
1879,9275,3565
1880,9279,3563
1881,9289,3554
1882,9290,2663
1883,9297,3563
1884,9310,3601
1885,9320,3601
1886,9322,3550
1887,9332,2663
1888,9334,2663
1889,9335,3554
1890,9336,3554
1891,9337,3554
1892,9340,3554
1893,9345,3554
1894,9360,2663
1895,9364,2663
1896,9367,3554
1897,9368,3562
1898,9369,3554
1899,9370,3554
1900,9373,3554
1901,9379,3554
1902,9383,3565
1903,9385,3565
1904,9386,3550
1905,9388,3603
1906,9407,2646
1907,9412,3547
1908,9415,3547
1909,9423,3554
1910,9424,3554
1911,9425,3554
1912,9431,3603
1913,9432,3554
1914,9441,3562
1915,9450,2663
1916,9451,3554
1917,9453,3554
1918,9454,3554
1919,9478,2663
1920,9479,3547
1921,9483,3554
1922,9484,3554
1923,9497,2663
1924,9500,2646
1925,9501,2663
1926,9502,2646
1927,9506,3554
1928,9508,3554
1929,9512,3547
1930,9513,3554
1931,9514,3554
1932,9519,3559
1933,9537,2646
1934,9543,3587
1935,9556,3554
1936,9557,3554
1937,9565,3554
1938,9566,3554
1939,9567,3554
1940,9569,3563
1941,9586,3554
1942,9591,3563
1943,9592,3564
1944,9594,3563
1945,9595,3566
1946,9596,3554
1947,9597,3563
1948,9608,3554
1949,9609,2663
1950,9611,3554
1951,9621,3563
1952,9630,3554
1953,9631,2663
1954,9636,3547
1955,9645,3547
1956,9649,3554
1957,9657,2663
1958,9658,2646
1959,9689,3563
1960,9697,3554
1961,9703,3550
1962,9706,2663
1963,9708,3601
1964,9717,3562
1965,9719,2663
1966,9721,3554
1967,9727,3554
1968,9733,3657
1969,9744,2646
1970,9745,3555
1971,9746,3555
1972,9748,3554
1973,9752,2646
1974,9755,3554
1975,9758,3554
1976,9766,2663
1977,9771,2663
1978,9774,2663
1979,9777,3554
1980,9779,3554
1981,9783,3554
1982,9784,3554
1983,9787,3554
1984,9797,3554
1985,9805,3554
1986,9806,3554
1987,9807,3554
1988,9808,3554
1989,9809,3554
1990,9814,2642
1991,9821,3554
1992,9833,3554
1993,9839,3547
1994,9851,3555
1995,9857,3554
1996,9873,3602
1997,9875,3547
1998,9876,3554
1999,9877,3562
2000,9885,3547
2001,9886,3562
2002,9899,2663
2003,9900,3586
2004,9901,3586
2005,9902,3586
2006,9905,3554
2007,9906,3554
2008,9907,3554
2009,9914,767
2010,9920,3554
2011,9923,3562
2012,9927,2663
2013,9928,2663
2014,9929,3651
2015,9930,3651
2016,9934,3554
2017,9935,3554
2018,9937,3554
2019,9946,2663
2020,9947,3554
2021,9948,3554
2022,9949,3554
2023,9950,3554
2024,9953,3554
2025,9955,3554
2026,9961,2663
2027,9965,2663
2028,9966,3554
2029,9971,3554
2030,9972,3554
2031,9985,3554
2032,9991,3600
2033,9997,3550
2034,9998,3562
2035,10008,3603
2036,10018,3554
2037,10019,3554
2038,10020,3554
2039,10021,3554
2040,10028,3547
2041,10030,3547
2042,10040,3554
2043,10041,3554
2044,10055,2663
2045,10058,3601
2046,10063,2663
2047,10082,3547
2048,10084,2663
2049,10114,3562
2050,10115,3562
2051,10118,3554
2052,10120,3554
2053,10123,3547
2054,10131,3554
2055,10138,3554
2056,10139,3554
2057,10154,2663
2058,10155,3554
2059,10158,3554
2060,10161,3554
2061,10172,2663
2062,10174,2663
2063,10175,2663
2064,10179,2642
2065,10180,2663
2066,10191,2663
2067,10194,2663
2068,10195,3562
2069,10198,3548
2070,10204,3562
2071,10215,3562
2072,10219,3554
2073,10222,3562
2074,10226,3547
2075,10229,3554
2076,10235,3563
2077,10237,3563
2078,10238,3641
2079,10239,2663
2080,10245,2642
2081,10247,3586
2082,10249,3563
2083,10251,3554
2084,10252,3554
2085,10253,3554
2086,10262,3554
2087,10263,3554
2088,10264,3554
2089,10265,3554
2090,10266,3554
2091,10267,3554
2092,10268,3554
2093,10269,3550
2094,10276,3550
2095,10278,2663
2096,10287,2682
2097,10301,3554
2098,10303,2663
2099,10312,2663
2100,10321,3554
2101,10325,3554
2102,10328,3564
2103,10329,3563
2104,10331,3577
2105,10336,3600
2106,10338,2663
2107,10344,3554
2108,10345,3554
2109,10351,3562
2110,10353,3563
2111,10358,3564
2112,10360,3563
2113,10361,3563
2114,10364,3563
2115,10371,3563
2116,10374,3562
2117,10376,3562
2118,10378,3554
2119,10380,3562
2120,10381,3554
2121,10382,3554
2122,10393,3586
2123,10401,3554
2124,10402,3563
2125,10406,3600
2126,10409,3554
2127,10413,3586
2128,10414,2663
2129,10418,3563
2130,10419,2663
2131,10422,3564
2132,10423,2669
2133,10426,3566
2134,10430,3562
2135,10439,2663
2136,10447,2663
2137,10452,2663
2138,10454,3601
2139,10461,3554
2140,10462,3554
2141,10479,2642
2142,10485,3550
2143,10503,3554
2144,10514,3554
2145,10524,3562
2146,10530,3554
2147,10541,3554
2148,10543,3547
2149,10546,3563
2150,10547,3563
2151,10558,2663
2152,10560,2663
2153,10575,2663
2154,10577,2663
2155,10583,2646
2156,10588,2663
2157,10591,3554
2158,10592,2663
2159,10593,3566
2160,10596,3563
2161,10597,3554
2162,10598,2663
2163,10600,2669
2164,10608,3562
2165,10609,3562
2166,10612,2663
2167,10616,3563
2168,10620,3554
2169,10624,2663
2170,10627,2663
2171,10630,3566
2172,10632,3547
2173,10633,3554
2174,10635,3564
2175,10638,3555
2176,10644,3554
2177,10645,3554
2178,10648,3554
2179,10654,2663
2180,10658,3586
2181,10659,2646
2182,10660,2669
2183,10661,3586
2184,10662,3586
2185,10669,2663
2186,10677,2673
2187,10680,3547
2188,10683,3554
2189,10687,2646
2190,10703,3566
2191,10705,2642
2192,10707,2663
2193,10711,3562
2194,10716,3563
2195,10724,3554
2196,10725,3554
2197,10727,3554
2198,10728,3554
2199,10740,2646
2200,10743,2663
2201,10754,3601
2202,10757,3562
2203,10761,3587
2204,10764,3554
2205,10767,2663
2206,10769,2663
2207,10770,3554
2208,10784,3554
2209,10789,2662
2210,10794,2646
2211,10795,3566
2212,10801,3563
2213,10802,3563
2214,10816,3554
2215,10817,3554
2216,10821,3554
2217,10827,3554
2218,10828,3554
2219,10848,3554
2220,10849,3554
2221,10850,3554
2222,10851,3554
2223,10855,2663
2224,10856,2663
2225,10861,3554
2226,10872,3563
2227,10883,2663
2228,10888,2646
2229,10892,3586
2230,10897,3563
2231,10903,3554
2232,10904,3554
2233,10905,3562
2234,10906,3547
2235,10908,3563
2236,10912,3550
2237,10923,3601
2238,10929,2663
2239,10932,3550
2240,10934,3586
2241,10935,3586
2242,10936,3586
2243,10937,3586
2244,10938,3586
2245,10942,3554
2246,10943,3554
2247,10950,3554
2248,10953,3554
2249,10957,3565
2250,10969,2646
2251,10971,2663
2252,10973,3554
2253,10975,3554
2254,10990,2663
2255,10992,3562
2256,10993,3554
2257,11002,2663
2258,11004,3554
2259,11010,3586
2260,11017,2663
2261,11023,3554
2262,11034,3554
2263,11042,3563
2264,11051,2663
2265,11061,2663
2266,11062,2663
2267,11063,3564
2268,11065,3564
2269,11067,3563
2270,11069,3564
2271,11074,3554
2272,11076,3554
2273,11077,3554
2274,11079,3554
2275,11080,3554
2276,11084,3554
2277,11088,3563
2278,11090,3601
2279,11092,2663
2280,11093,3563
2281,11095,3554
2282,11096,3554
2283,11097,3554
2284,11112,2664
2285,11113,2663
2286,11117,3554
2287,11124,3562
2288,11130,3554
2289,11134,2663
2290,11137,3563
2291,11145,3554
2292,11146,3554
2293,11148,2663
2294,11151,3548
2295,11156,2663
2296,11162,3551
2297,11169,3554
2298,11172,2663
2299,11177,3554
2300,11181,2663
2301,11184,3554
2302,11185,3554
2303,11186,2646
2304,11189,2663
2305,11201,3562
2306,11207,3600
2307,11209,3565
2308,11210,3554
2309,11221,3586
2310,11222,3563
2311,11226,3554
2312,11231,3562
2313,11232,3563
2314,11234,3601
2315,11237,3554
2316,11241,3656
2317,11253,3550
2318,11258,2663
2319,11259,3554
2320,11261,3554
2321,11264,2663
2322,11268,3562
2323,11275,3566
2324,11283,3554
2325,11286,3554
2326,11287,3554
2327,11288,3601
2328,11289,2646
2329,11296,2663
2330,11307,2663
2331,11311,3554
2332,11314,2663
2333,11316,3554
2334,11319,3586
2335,11320,3586
2336,11323,3554
2337,11324,2663
2338,11325,3586
2339,11329,3601
2340,11330,3601
2341,11336,3601
2342,11338,3551
2343,11340,3554
2344,11341,3554
2345,11346,3600
2346,11347,3601
2347,11349,3562
2348,11353,3554
2349,11354,3562
2350,11360,3586
2351,11361,3554
2352,11367,3554
2353,11368,3554
2354,11370,2663
2355,11376,2663
2356,11379,3555
2357,11380,3555
2358,11383,2642
2359,11386,2663
2360,11392,3563
2361,11394,3563
2362,11395,3564
2363,11396,3554
2364,11398,3564
2365,11400,3554
2366,11404,3547
2367,11406,3547
2368,11414,3563
2369,11415,3554
2370,11434,2663
2371,11436,3562
2372,11437,3554
2373,11438,3554
2374,11439,3554
2375,11440,3554
2376,11446,3563
2377,11448,3562
2378,11450,3563
2379,11459,2680
2380,11461,2680
2381,11465,3550
2382,11466,2663
2383,11468,2680
2384,11470,2680
2385,11473,2680
2386,11475,3554
2387,11477,2663
2388,11478,2663
2389,11485,3554
2390,11486,2680
2391,11488,3554
2392,11492,2663
2393,11495,2680
2394,11497,2680
2395,11498,2682
2396,11499,2663
2397,11502,2663
2398,11507,2663
2399,11508,2646
2400,11511,3562
2401,11515,2663
2402,11517,2680
2403,11520,2663
2404,11523,2663
2405,11526,2663
2406,11528,2663
2407,11529,3554
2408,11530,3554
2409,11531,3562
2410,11532,3554
2411,11540,3563
2412,11541,3547
2413,11546,3554
2414,11547,3554
2415,11548,3554
2416,11550,3554
2417,11551,3554
2418,11552,3554
2419,11553,3554
2420,11554,3554
2421,11557,3554
2422,11559,3554
2423,11560,2680
2424,11561,2673
2425,11565,2663
2426,11566,2663
2427,11569,2680
2428,11571,3554
2429,11572,2680
2430,11576,3554
2431,11577,2663
2432,11578,3554
2433,11584,3554
2434,11586,3562
2435,11588,3601
2436,11590,3565
2437,11594,2663
2438,11601,2663
2439,11602,3554
2440,11603,3554
2441,11604,3554
2442,11606,3554
2443,11607,3554
2444,11608,3554
2445,11615,3554
2446,11616,767
2447,11619,3554
2448,11621,3554
2449,11623,3554
2450,11625,3554
2451,11628,3554
2452,11632,3586
2453,11636,3562
2454,11641,3547
2455,11644,2680
2456,11645,2663
2457,11649,3563
2458,11652,3564
2459,11654,3563
2460,11656,3566
2461,11661,3563
2462,11663,3564
2463,11666,3547
2464,11669,2663
2465,11673,2663
2466,11678,3562
2467,11679,3562
2468,11684,3563
2469,11685,2669
2470,11686,2663
2471,11689,3554
2472,11694,2663
2473,11697,2663
2474,11702,3569
2475,11703,3563
2476,11704,3563
2477,11705,3563
2478,11707,3563
2479,11713,3564
2480,11715,3563
2481,11717,2680
2482,11720,3554
2483,11721,3554
2484,11723,3554
2485,11724,3554
2486,11729,3563
2487,11734,3563
2488,11737,3565
2489,11738,3566
2490,11745,3566
2491,11747,3566
2492,11750,2663
2493,11756,3554
2494,11757,3566
2495,11758,3554
2496,11760,3554
2497,11764,2663
2498,11766,2663
2499,11767,3566
2500,11768,2680
2501,11772,2663
2502,11776,3554
2503,11778,3554
2504,11779,3563
2505,11780,2663
2506,11783,3563
2507,11784,3548
2508,11796,3566
2509,11797,2663
2510,11799,3562
2511,11801,2663
2512,11807,3555
2513,11808,3555
2514,11810,2663
2515,11814,3554
2516,11815,3554
2517,11822,2663
2518,11828,3554
2519,11837,3554
2520,11838,3550
2521,11847,3554
2522,11848,3554
2523,11852,3562
2524,11853,3557
2525,11854,2658
2526,11855,3587
2527,11856,2663
2528,11859,3563
2529,11860,2663
2530,11871,3550
2531,11875,3563
2532,11880,3563
2533,11881,3547
2534,11883,3562
2535,11884,767
2536,11888,3515
2537,11917,2663
2538,11919,3563
2539,11926,2680
2540,11928,3554
2541,11936,3601
2542,11944,3554
2543,11945,3554
2544,11946,3554
2545,11947,2642
2546,11957,3565
2547,11961,3566
2548,11962,3566
2549,11965,3566
2550,11968,2663
2551,11969,2663
2552,11971,3566
2553,11975,2680
2554,11976,2663
2555,11982,2683
2556,11990,3562
2557,11993,3562
2558,11996,3554
2559,11997,3554
2560,11998,3554
2561,11999,3554
2562,12001,3600
2563,12002,3554
2564,12003,3554
2565,12005,3554
2566,12006,3554
2567,12023,2646
2568,12028,3566
2569,12029,3566
2570,12033,2663
2571,12037,3562
2572,12042,3547
2573,12043,2680
2574,12044,2680
2575,12045,2680
2576,12061,3554
2577,12071,3566
2578,12072,3554
2579,12073,3554
2580,12078,2663
2581,12081,2658
2582,12084,3587
2583,12090,3569
2584,12091,3569
2585,12092,3569
2586,12093,3569
2587,12097,3566
2588,12111,3554
2589,12124,2663
2590,12128,3601
2591,12130,3562
2592,12135,3587
2593,12139,3569
2594,12142,3563
2595,12143,2680
2596,12145,3569
2597,12146,3562
2598,12149,3554
2599,12151,3562
2600,12166,3602
2601,12169,2663
2602,12173,3563
2603,12179,3562
2604,12180,3554
2605,12181,3554
2606,12182,3554
2607,12183,3554
2608,12184,3554
2609,12185,3554
2610,12186,3554
2611,12192,3562
2612,12200,3600
2613,12203,2646
2614,12206,2663
2615,12216,3562
2616,12225,2663
2617,12229,2663
2618,12236,2663
2619,12240,3554
2620,12241,2663
2621,12242,3554
2622,12245,2680
2623,12248,3551
2624,12249,2663
2625,12258,3515
2626,12261,2663
2627,12263,3554
2628,12264,3562
2629,12265,3554
2630,12271,3551
2631,12274,3601
2632,12284,2663
2633,12295,3563
2634,12299,3563
2635,12301,3563
2636,12302,3563
2637,12309,3554
2638,12310,3551
2639,12312,2663
2640,12316,2663
2641,12322,2680
2642,12325,3548
2643,12327,3554
2644,12328,3601
2645,12332,3601
2646,12333,3547
2647,12334,3601
2648,12336,2663
2649,12337,2663
2650,12338,3554
2651,12339,3554
2652,12340,3554
2653,12343,3554
2654,12346,3554
2655,12347,3554
2656,12359,3554
2657,12360,3554
2658,12362,3554
2659,12367,3562
2660,12371,2663
2661,12372,2663
2662,12374,2663
2663,12378,2663
2664,12379,3564
2665,12381,2663
2666,12382,3562
2667,12386,2663
2668,12387,2663
2669,12388,2663
2670,12389,2663
2671,12390,3562
2672,12391,3601
2673,12392,3587
2674,12394,3587
2675,12400,3563
2676,12401,3563
2677,12405,2669
2678,12406,3587
2679,12407,3569
2680,12408,3587
2681,12409,2663
2682,12414,3562
2683,12423,3601
2684,12425,3547
2685,12431,3548
2686,12440,3554
2687,12452,3550
2688,12456,2680
2689,12460,2663
2690,12461,3562
2691,12465,3550
2692,12467,3554
2693,12469,3554
2694,12476,3554
2695,12477,3554
2696,12482,2663
2697,12488,3566
2698,12491,3565
2699,12492,3566
2700,12493,3515
2701,12498,3566
2702,12502,3563
2703,12508,2663
2704,12509,3554
2705,12511,2663
2706,12514,3563
2707,12526,2663
2708,12527,2663
2709,12528,3554
2710,12529,3554
2711,12535,3554
2712,12539,2680
2713,12540,3554
2714,12543,3554
2715,12544,3554
2716,12546,3554
2717,12551,3566
2718,12552,3554
2719,12553,3566
2720,12554,3600
2721,12555,3554
2722,12556,3554
2723,12557,3554
2724,12558,3554
2725,12559,3554
2726,12564,2663
2727,12565,2663
2728,12566,3554
2729,12567,3554
2730,12568,3554
2731,12573,2663
2732,12578,2680
2733,12584,3554
2734,12585,3554
2735,12586,3554
2736,12587,2680
2737,12588,2642
2738,12589,2642
2739,12590,2663
2740,12597,3547
2741,12599,3548
2742,12601,2663
2743,12602,2663
2744,12615,3554
2745,12616,3550
2746,12621,3554
2747,12622,3554
2748,12624,3554
2749,12627,3547
2750,12638,3547
2751,12654,3564
2752,12656,3587
2753,12659,2663
2754,12663,3554
2755,12682,2663
2756,12683,2663
2757,12692,3554
2758,12693,3562
2759,12695,2663
2760,12699,3563
2761,12700,3564
2762,12702,3554
2763,12705,2663
2764,12711,2663
2765,12713,2663
2766,12738,3547
2767,12740,3554
2768,12741,2663
2769,12751,3562
2770,12754,3554
2771,12755,3554
2772,12759,2644
2773,12784,3554
2774,12788,3554
2775,12789,2663
2776,12801,3554
2777,12803,3562
2778,12808,3562
2779,12809,2663
2780,12822,2663
2781,12824,3566
2782,12828,3548
2783,12838,3564
2784,12844,3563
2785,12848,767
2786,12853,3564
2787,12860,3554
2788,12861,3563
2789,12862,3564
2790,12867,3562
2791,12868,3600
2792,12869,3601
2793,12872,3566
2794,12873,2669
2795,12876,3566
2796,12877,3565
2797,12883,3547
2798,12888,3554
2799,12893,2663
2800,12898,3562
2801,12901,3562
2802,12910,3554
2803,12915,3554
2804,12932,3554
2805,12935,3554
2806,12938,3562
2807,12942,3555
2808,12945,3555
2809,12947,3555
2810,12949,3555
2811,12950,3555
2812,12952,3555
2813,12953,3555
2814,12954,3555
2815,12955,3555
2816,12956,3555
2817,12959,2663
2818,12964,2663
2819,12965,3562
2820,12976,3554
2821,12977,3554
2822,12978,3554
2823,12979,3554
2824,12998,2663
2825,13000,3586
2826,13017,2663
2827,13024,3566
2828,13025,3554
2829,13036,2663
2830,13041,3554
2831,13043,2663
2832,13044,3554
2833,13074,2646
2834,13077,2682
2835,13078,2663
2836,13080,2664
2837,13081,2664
2838,13084,3564
2839,13085,3563
2840,13088,3554
2841,13093,3562
2842,13094,2663
2843,13101,3554
2844,13103,2680
2845,13109,3554
2846,13112,3554
2847,13113,3562
2848,13122,3547
2849,13140,2680
2850,13141,3566
2851,13146,3554
2852,13147,2663
2853,13149,3562
2854,13150,2682
2855,13151,3562
2856,13152,3562
2857,13156,2663
2858,13160,3566
2859,13161,2663
2860,13163,3565
2861,13164,2662
2862,13168,3554
2863,13169,3554
2864,13171,3566
2865,13180,2663
2866,13181,3566
2867,13185,2663
2868,13188,3566
2869,13189,2663
2870,13190,3565
2871,13208,3550
2872,13216,2663
2873,13218,3548
2874,13221,3554
2875,13222,3554
2876,13223,2683
2877,13225,3548
2878,13231,2642
2879,13237,2646
2880,13242,3547
2881,13254,3554
2882,13255,2663
2883,13263,3577
2884,13270,3586
2885,13272,2663
2886,13280,2662
2887,13285,3554
2888,13295,3558
2889,13301,3601
2890,13322,2663
2891,13323,2663
2892,13330,2663
2893,13332,3554
2894,13333,2663
2895,13347,2669
2896,13358,3586
2897,13360,3554
2898,13369,3554
2899,13370,3554
2900,13419,2663
2901,13448,3554
2902,13456,3562
2903,13460,2663
2904,13461,3554
2905,13464,3554
2906,13465,2682
2907,13468,3566
2908,13469,2683
2909,13482,767
2910,13483,3554
2911,13501,3554
2912,13502,3554
2913,13544,2663
2914,13545,2663
2915,13547,3566
2916,13578,3547
2917,13579,3554
2918,13592,3554
2919,13593,3554
2920,13594,3566
2921,13595,3554
2922,13599,3554
2923,13623,3566
2924,13624,3566
2925,13625,3569
2926,13628,3566
2927,13629,3565
2928,13632,2663
2929,13635,3586
2930,13640,3547
2931,13644,3554
2932,13647,3554
2933,13654,3554
2934,13659,3554
2935,13660,3554
2936,13661,3554
2937,13662,3554
2938,13664,3554
2939,13669,3586
2940,13670,3586
2941,13685,2663
2942,13707,3554
2943,13712,2663
2944,13718,2682
2945,13728,3563
2946,13734,3547
2947,13735,3554
2948,13738,3563
2949,13740,3564
2950,13744,3554
2951,13751,3563
2952,13752,2663
2953,13753,2663
2954,13762,3563
2955,13763,3548
2956,13764,3554
2957,13766,3562
2958,13770,3562
2959,13780,3564
2960,13781,3563
2961,13783,3563
2962,13809,3562
2963,13810,3562
2964,13813,3563
2965,13821,3563
2966,13827,3563
2967,13829,2663
2968,13836,3554
2969,13845,3563
2970,13852,3550
2971,13868,3547
2972,13883,3550
2973,13886,3563
2974,13888,3566
2975,13900,3554
2976,13902,3554
2977,13909,3547
2978,13919,3554
2979,13932,3554
2980,13938,3566
2981,13943,3565
2982,13951,3554
2983,13955,3554
2984,13963,3554
2985,13969,3554
2986,13970,3554
2987,13973,3554
2988,13975,3554
2989,13983,3562
2990,13984,3550
2991,13990,2663
2992,14000,3554
2993,14001,3600
2994,14003,3554
2995,14005,3562
2996,14031,2663
2997,14033,2663
2998,14039,3562
2999,14040,2663
3000,14051,3601
3001,14056,3554
3002,14059,2663
3003,14062,2646
3004,14069,3563
3005,14078,3554
3006,14080,2646
3007,14086,3554
3008,14087,3554
3009,14094,2646
3010,14096,2663
3011,14101,2662
3012,14108,2669
3013,14116,3554
3014,14119,3563
3015,14124,3554
3016,14131,3562
3017,14138,2663
3018,14155,3563
3019,14163,3587
3020,14169,2663
3021,14170,3550
3022,14171,3554
3023,14172,2646
3024,14182,2642
3025,14189,3586
3026,14192,3586
3027,14193,3554
3028,14204,3554
3029,14205,3554
3030,14206,3554
3031,14207,3554
3032,14208,3554
3033,14209,3554
3034,14211,3554
3035,14212,3554
3036,14213,3554
3037,14214,3554
3038,14215,3554
3039,14217,3554
3040,14218,3550
3041,14219,2663
3042,14223,3601
3043,14224,2663
3044,14228,3554
3045,14229,3554
3046,14238,2663
3047,14239,2663
3048,14243,3554
3049,14244,3554
3050,14250,2669
3051,14255,3554
3052,14256,3554
3053,14257,3554
3054,14268,3565
3055,14272,3563
3056,14273,3563
3057,14276,3562
3058,14277,3562
3059,14278,3603
3060,14279,3554
3061,14281,3600
3062,14291,2663
3063,14310,3554
3064,14311,3554
3065,14314,3554
3066,14326,3554
3067,14327,3562
3068,14329,3577
3069,14333,3554
3070,14339,3562
3071,14341,2669
3072,14359,3554
3073,14365,2663
3074,14366,3554
3075,14368,3554
3076,14373,3547
3077,14378,2663
3078,14380,2663
3079,14382,3563
3080,14386,2663
3081,14387,2683
3082,14394,2663
3083,14395,3554
3084,14396,3562
3085,14401,3554
3086,14403,3554
3087,14408,3554
3088,14415,3586
3089,14416,3586
3090,14419,2663
3091,14421,3562
3092,14426,3554
3093,14456,3551
3094,14457,3562
3095,14470,3550
3096,14472,2663
3097,14474,3554
3098,14475,3554
3099,14476,3554
3100,14477,3554
3101,14487,3601
3102,14488,3601
3103,14504,2663
3104,14526,3547
3105,14527,3554
3106,14528,3554
3107,14532,3547
3108,14538,3641
3109,14542,3547
3110,14543,3563
3111,14544,2663
3112,14551,3554
3113,14552,3586
3114,14553,3554
3115,14565,2663
3116,14566,2663
3117,14567,2663
3118,14578,3600
3119,14583,2663
3120,14592,2642
3121,14605,3554
3122,14617,3562
3123,14618,3562
3124,14627,2642
3125,14630,2663
3126,14636,2663
3127,14637,3586
3128,14655,3554
3129,14658,3603
3130,14659,3603
3131,14664,3554
3132,14670,3602
3133,14673,3554
3134,14675,2663
3135,14679,3554
3136,14680,3554
3137,14682,3554
3138,14683,3554
3139,14692,3548
3140,14693,3548
3141,14700,3554
3142,14701,3554
3143,14702,3554
3144,14703,3554
3145,14704,3554
3146,14713,2663
3147,14746,2663
3148,14747,3597
3149,14748,3557
3150,14756,3554
3151,14768,3554
3152,14777,3554
3153,14779,3554
3154,14780,2669
3155,14785,2669
3156,14787,2669
3157,14788,2669
3158,14793,3601
3159,14797,3554
3160,14800,3550
3161,14805,2663
3162,14810,2669
3163,14814,3555
3164,14820,2669
3165,14821,2669
3166,14834,2663
3167,14838,3603
3168,14841,3564
3169,14843,2642
3170,14873,3566
3171,14878,3554
3172,14879,3554
3173,14880,3565
3174,14881,3554
3175,14882,3550
3176,14886,3547
3177,14891,2663
3178,14900,3563
3179,14911,3563
3180,14918,3554
3181,14934,3563
3182,14938,3554
3183,14947,3547
3184,14953,2646
3185,14955,3566
3186,14960,2663
3187,14961,3554
3188,14965,3566
3189,14973,3566
3190,14975,3554
3191,14976,3554
3192,14978,3603
3193,14983,2642
3194,14984,3554
3195,14985,2642
3196,14986,2642
3197,14987,3554
3198,14988,2642
3199,14996,3656
3200,15005,3554
3201,15015,3563
3202,15021,3601
3203,15023,3554
3204,15024,3562
3205,15030,3554
3206,15036,3554
3207,15037,3554
3208,15048,3566
3209,15052,2682
3210,15081,3554
3211,15084,3550
3212,15094,3554
3213,15095,3554
3214,15101,3600
3215,15105,3601
3216,15106,3601
3217,15108,3562
3218,15117,3554
3219,15121,2663
3220,15123,3554
3221,15124,2662
3222,15132,3547
3223,15141,3564
3224,15146,3550
3225,15167,3554
3226,15169,3554
3227,15170,3554
3228,15174,3554
3229,15178,2663
3230,15179,3554
3231,15188,3554
3232,15202,3562
3233,15204,2663
3234,15219,2669
3235,15226,3562
3236,15229,3555
3237,15231,2646
3238,15234,3656
3239,15236,2663
3240,15247,3554
3241,15248,3554
3242,15250,3554
3243,15254,3562
3244,15259,3562
3245,15260,2663
3246,15264,3554
3247,15272,2663
3248,15275,2663
3249,15279,2663
3250,15324,3554
3251,15325,3554
3252,15326,3554
3253,15331,3550
3254,15339,2663
3255,15342,3550
3256,15344,3554
3257,15346,3554
3258,15348,3554
3259,15352,3601
3260,15353,3563
3261,15354,2664
3262,15356,3550
3263,15362,2663
3264,15366,2663
3265,15367,3563
3266,15368,3563
3267,15369,3563
3268,15373,3554
3269,15376,3563
3270,15382,3563
3271,15384,3563
3272,15385,3557
3273,15386,3597
3274,15387,3563
3275,15392,3563
3276,15393,3563
3277,15398,3562
3278,15408,3563
3279,15409,3563
3280,15413,3563
3281,15414,3563
3282,15416,3563
3283,15417,3551
3284,15425,3564
3285,15429,2663
3286,15430,3554
3287,15433,3562
3288,15439,3554
3289,15440,3554
3290,15442,3563
3291,15444,3563
3292,15445,3563
3293,15446,3563
3294,15451,3563
3295,15459,3563
3296,15463,3554
3297,15465,3563
3298,15466,3563
3299,15475,3563
3300,15479,3563
3301,15482,3563
3302,15485,3550
3303,15491,2663
3304,15493,2669
3305,15514,2663
3306,15519,2663
3307,15521,2663
3308,15529,2663
3309,15530,2663
3310,15533,3563
3311,15534,2663
3312,15539,3600
3313,15540,3554
3314,15541,3564
3315,15542,3563
3316,15545,3601
3317,15548,3563
3318,15553,3554
3319,15555,3562
3320,15558,3563
3321,15561,3563
3322,15565,3603
3323,15571,3554
3324,15572,3554
3325,15587,3603
3326,15590,3563
3327,15609,3554
3328,15612,3547
3329,15613,3554
3330,15614,3554
3331,15621,3564
3332,15622,3554
3333,15623,3564
3334,15624,3563
3335,15625,3563
3336,15627,3563
3337,15628,3564
3338,15629,3554
3339,15630,3564
3340,15631,3563
3341,15635,3562
3342,15649,2663
3343,15653,3554
3344,15655,3563
3345,15682,3657
3346,15685,2663
3347,15686,3554
3348,15693,3563
3349,15697,3554
3350,15698,3554
3351,15700,3554
3352,15701,3547
3353,15708,3554
3354,15710,3600
3355,15711,3563
3356,15713,3563
3357,15714,3563
3358,15715,3563
3359,15716,2642
3360,15717,3563
3361,15718,3554
3362,15722,2663
3363,15723,2669
3364,15725,3562
3365,15728,2669
3366,15732,2663
3367,15736,3554
3368,15738,3565
3369,15739,3563
3370,15740,3554
3371,15741,3554
3372,15742,3554
3373,15749,3554
3374,15750,3554
3375,15772,3554
3376,15777,3563
3377,15783,3547
3378,15786,3597
3379,15787,3557
3380,15790,3554
3381,15791,3554
3382,15792,3554
3383,15798,3562
3384,15801,3554
3385,15802,3562
3386,15803,2663
3387,15810,2663
3388,15811,3554
3389,15812,3554
3390,15813,3554
3391,15814,3554
3392,15818,3554
3393,15820,3554
3394,15821,3554
3395,15822,3554
3396,15828,3562
3397,15830,3554
3398,15834,3554
3399,15835,3554
3400,15836,3554
3401,15837,3554
3402,15850,3600
3403,15857,3562
3404,15858,3554
3405,15859,3554
3406,15860,3554
3407,15861,2663
3408,15864,3641
3409,15874,3566
3410,15880,3641
3411,15888,2663
3412,15897,3554
3413,15898,3565
3414,15899,3566
3415,15911,2663
3416,15912,3565
3417,15913,3565
3418,15914,3565
3419,15915,3565
3420,15926,3566
3421,15931,3565
3422,15932,3563
3423,15935,3566
3424,15936,3564
3425,15938,3563
3426,15943,3563
3427,15944,3563
3428,15946,3566
3429,15947,3566
3430,15948,2663
3431,15949,3563
3432,15959,3566
3433,15963,3554
3434,15967,3563
3435,15969,3566
3436,15970,3566
3437,15973,2663
3438,15976,3563
3439,15981,3566
3440,15997,3566
3441,15998,3566
3442,16005,3566
3443,16006,3566
3444,16007,3566
3445,16008,3566
3446,16009,3566
3447,16010,3601
3448,16011,3562
3449,16012,3554
3450,16013,3554
3451,16024,3564
3452,16027,3566
3453,16028,3563
3454,16029,3563
3455,16031,3566
3456,16035,3563
3457,16036,3566
3458,16041,2663
3459,16045,2642
3460,16053,3554
3461,16055,3554
3462,16056,2663
3463,16058,3586
3464,16060,3566
3465,16063,3566
3466,16064,3547
3467,16065,3554
3468,16070,3563
3469,16071,3563
3470,16075,3566
3471,16076,3566
3472,16077,3566
3473,16086,3566
3474,16087,3548
3475,16089,3566
3476,16092,3566
3477,16093,3566
3478,16095,3554
3479,16099,2646
3480,16102,3554
3481,16104,3554
3482,16105,3554
3483,16106,3566
3484,16111,3554
3485,16112,3554
3486,16113,3554
3487,16114,3566
3488,16128,3554
3489,16129,3577
3490,16130,3554
3491,16131,3577
3492,16136,3600
3493,16140,3554
3494,16141,3566
3495,16142,3554
3496,16143,3550
3497,16144,3547
3498,16145,3565
3499,16146,3587
3500,16149,3566
3501,16150,3547
3502,16157,3565
3503,16158,3566
3504,16165,3554
3505,16167,3566
3506,16169,3554
3507,16171,3562
3508,16188,3586
3509,16190,3566
3510,16191,3586
3511,16192,3566
3512,16200,3566
3513,16210,3586
3514,16211,3601
3515,16212,3554
3516,16215,3550
3517,16223,2663
3518,16232,3586
3519,16238,2683
3520,16244,3565
3521,16245,3566
3522,16247,3566
3523,16249,3554
3524,16250,3554
3525,16251,3548
3526,16256,3566
3527,16259,3566
3528,16260,3566
3529,16269,3554
3530,16270,3562
3531,16276,3554
3532,16277,3554
3533,16287,3554
3534,16291,3554
3535,16294,3594
3536,16297,3554
3537,16301,3666
3538,16326,3554
3539,16329,3562
3540,16331,3554
3541,16332,3554
3542,16333,3554
3543,16339,3554
3544,16343,3547
3545,16344,3554
3546,16362,3566
3547,16389,3562
3548,16390,3562
3549,16400,3547
3550,16401,3554
3551,16402,3554
3552,16409,3600
3553,16416,3554
3554,16417,3566
3555,16419,3565
3556,16420,3547
3557,16421,3565
3558,16431,2646
3559,16438,3566
3560,16439,3554
3561,16440,3554
3562,16442,3547
3563,16455,3554
3564,16456,3554
3565,16458,3554
3566,16464,3562
3567,16466,3565
3568,16486,3554
3569,16488,3554
3570,16491,3566
3571,16498,3555
3572,16500,3550
3573,16511,3547
3574,16515,2663
3575,16520,3547
3576,16525,3554
3577,16527,3547
3578,16530,3554
3579,16539,2642
3580,16546,3547
3581,16551,2642
3582,16556,3554
3583,16557,3554
3584,16561,767
3585,16570,3641
3586,16572,3554
3587,16573,3554
3588,16582,3554
3589,16584,3554
3590,16589,3554
3591,16591,3554
3592,16599,2663
3593,16607,3550
3594,16608,3601
3595,16610,767
3596,16614,3563
3597,16615,3563
3598,16616,3554
3599,16621,2663
3600,16623,3594
3601,16624,3563
3602,16625,3554
3603,16626,3554
3604,16628,3563
3605,16631,3563
3606,16633,3554
3607,16651,2663
3608,16674,2646
3609,16679,3550
3610,16681,3600
3611,16684,3547
3612,16686,2669
3613,16687,2663
3614,16688,3562
3615,16696,3547
3616,16697,3562
3617,16707,3563
3618,16708,3564
3619,16711,3554
3620,16721,3554
3621,16722,3554
3622,16724,3562
3623,16727,2663
3624,16731,3554
3625,16732,3554
3626,16736,3554
3627,16740,2663
3628,16761,2642
3629,16763,2663
3630,16764,3564
3631,16767,3562
3632,16768,3562
3633,16785,3566
3634,16786,2642
3635,16800,3668
3636,16801,3669
3637,16802,3601
3638,16803,3670
3639,16804,3562
3640,16848,3566
3641,16852,3566
3642,16853,3563
3643,16856,2663
3644,16858,3566
3645,16859,2669
3646,16864,2663
3647,16869,3557
3648,16875,3562
3649,16877,3554
3650,16878,3554
3651,16879,3554
3652,16880,3554
3653,16882,3554
3654,16886,3554
3655,16894,3554
3656,16895,3554
3657,16897,2646
3658,16909,3547
3659,16910,3554
3660,16914,3547
3661,16923,3555
3662,16927,3554
3663,16932,3554
3664,16933,3554
3665,16937,3554
3666,16940,3566
3667,16956,3554
3668,16968,3554
3669,16970,3554
3670,16972,3566
3671,16974,3566
3672,16975,2663
3673,16976,3554
3674,16977,3554
3675,16979,2646
3676,16982,2663
3677,16991,3600
3678,17006,3554
3679,17013,3554
3680,17014,3601
3681,17021,3550
3682,17022,2663
3683,17032,3547
3684,17034,3563
3685,17038,3600
3686,17041,3563
3687,17042,2646
3688,17045,2663
3689,17046,2663
3690,17049,2663
3691,17051,2663
3692,17061,3554
3693,17078,3554
3694,17086,3601
3695,17100,3554
3696,17101,3554
3697,17102,2646
3698,17115,2669
3699,17118,2663
3700,17120,2663
3701,17123,3554
3702,17125,3554
3703,17126,2663
3704,17129,3554
3705,17139,3566
3706,17146,2663
3707,17152,2663
3708,17158,3554
3709,17159,3554
3710,17160,3554
3711,17162,2663
3712,17163,2663
3713,17167,2663
3714,17169,3554
3715,17188,3554
3716,17191,2644
3717,17193,2663
3718,17194,2663
3719,17195,2663
3720,17196,2663
3721,17198,2663
3722,17214,3550
3723,17215,2663
3724,17217,2663
3725,17220,2669
3726,17221,2663
3727,17223,2663
3728,17231,3554
3729,17257,2682
3730,17259,2663
3731,17260,2663
3732,17261,2663
3733,17262,2663
3734,17263,2663
3735,17264,2663
3736,17265,2663
3737,17267,2663
3738,17268,2663
3739,17269,2663
3740,17270,2663
3741,17271,2663
3742,17272,2663
3743,17273,2663
3744,17274,2663
3745,17275,2663
3746,17276,2663
3747,17277,2663
3748,17278,2663
3749,17289,2663
3750,17306,3554
3751,17307,3554
3752,17322,3550
3753,17326,2663
3754,17327,3554
3755,17328,3554
3756,17332,2663
3757,17336,3554
3758,17337,2663
3759,17338,2646
3760,17340,2663
3761,17341,3547
3762,17345,2663
3763,17357,2663
3764,17358,2669
3765,17359,2663
3766,17364,2663
3767,17366,2663
3768,17367,2663
3769,17371,2663
3770,17372,3554
3771,17374,2663
3772,17375,2663
3773,17376,2663
3774,17377,2663
3775,17382,2663
3776,17383,3563
3777,17384,3563
3778,17389,2663
3779,17392,2663
3780,17400,3554
3781,17404,2663
3782,17405,3554
3783,17406,3554
3784,17407,2663
3785,17409,767
3786,17411,2663
3787,17415,2663
3788,17419,2663
3789,17420,2663
3790,17438,2663
3791,17439,2663
3792,17441,2663
3793,17447,3554
3794,17449,3554
3795,17453,2663
3796,17462,2663
3797,17463,2646
3798,17468,3600
3799,17472,2663
3800,17474,2646
3801,17484,3554
3802,17485,3566
3803,17499,3554
3804,17504,2663
3805,17510,2663
3806,17513,2663
3807,17516,3554
3808,17519,3554
3809,17520,3554
3810,17525,2663
3811,17528,2663
3812,17530,3555
3813,17533,2646
3814,17537,3600
3815,17542,2669
3816,17546,3550
3817,17547,2663
3818,17557,3554
3819,17558,3550
3820,17563,2663
3821,17570,2669
3822,17575,2646
3823,17582,3554
3824,17583,3554
3825,17584,3554
3826,17587,3554
3827,17588,3554
3828,17605,3554
3829,17606,2663
3830,17611,3548
3831,17613,2663
3832,17614,2663
3833,17616,2663
3834,17619,2663
3835,17626,3554
3836,17630,2663
3837,17632,3554
3838,17641,3554
3839,17644,2663
3840,17654,2663
3841,17673,2663
3842,17674,2663
3843,17679,3554
3844,17680,2663
3845,17682,3554
3846,17684,3554
3847,17702,2658
3848,17704,2663
3849,17705,2663
3850,17715,2663
3851,17716,2663
3852,17718,2663
3853,17729,3554
3854,17772,3603
3855,17774,3554
3856,17778,2663
3857,17779,2663
3858,17782,2663
3859,17783,2663
3860,17795,3554
3861,17799,3554
3862,17800,3554
3863,17802,2663
3864,17816,2663
3865,17817,3586
3866,17823,2663
3867,17824,3547
3868,17825,2663
3869,17827,3558
3870,17844,3554
3871,17845,3554
3872,17847,3550
3873,17861,3554
3874,17867,2663
3875,17869,2663
3876,17870,2663
3877,17873,2663
3878,17875,2669
3879,17876,2663
3880,17878,2667
3881,17900,2663
3882,17902,3562
3883,17904,3563
3884,17916,3562
3885,17920,3554
3886,17922,2663
3887,17926,2646
3888,17932,2663
3889,17933,3564
3890,17934,3563
3891,17936,3562
3892,17937,3563
3893,17939,3562
3894,17940,3547
3895,17941,2663
3896,17954,3554
3897,17957,3547
3898,17962,3554
3899,17963,3554
3900,17980,3554
3901,17981,3554
3902,17984,3563
3903,17987,3548
3904,17988,3554
3905,17993,3601
3906,18017,2663
3907,18042,3562
3908,18046,3562
3909,18049,3547
3910,18055,3554
3911,18056,2663
3912,18060,2663
3913,18067,3547
3914,18072,3554
3915,18073,3554
3916,18075,2663
3917,18092,3554
3918,18094,3554
3919,18095,3554
3920,18096,3554
3921,18097,2663
3922,18098,3554
3923,18099,2663
3924,18109,3554
3925,18112,3554
3926,18119,2663
3927,18120,2663
3928,18125,2646
3929,18127,2663
3930,18128,2663
3931,18129,3563
3932,18130,3563
3933,18134,3554
3934,18136,3550
3935,18138,3554
3936,18139,3554
3937,18140,3554
3938,18141,3554
3939,18145,2663
3940,18151,2646
3941,18159,3600
3942,18160,3600
3943,18161,2663
3944,18163,2663
3945,18166,2669
3946,18168,2663
3947,18169,2663
3948,18170,2663
3949,18171,2663
3950,18184,2663
3951,18185,2663
3952,18186,2663
3953,18187,2663
3954,18188,3563
3955,18190,3563
3956,18191,2663
3957,18192,2663
3958,18194,3554
3959,18195,3563
3960,18196,3563
3961,18197,3554
3962,18199,3600
3963,18208,2663
3964,18210,3600
3965,18211,3562
3966,18214,3554
3967,18230,3554
3968,18232,3554
3969,18243,3547
3970,18248,3554
3971,18252,3554
3972,18256,3554
3973,18270,3562
3974,18286,2663
3975,18292,3563
3976,18316,3566
3977,18322,2663
3978,18324,3566
3979,18326,3554
3980,18327,3554
3981,18329,3554
3982,18342,3554
3983,18346,3554
3984,18350,2642
3985,18351,3603
3986,18352,3657
3987,18353,2663
3988,18357,3554
3989,18368,3554
3990,18374,3554
3991,18376,3554
3992,18380,3562
3993,18383,2663
3994,18384,2663
3995,18386,2663
3996,18388,2663
3997,18393,2663
3998,18394,2663
3999,18398,2663
4000,18403,2663
4001,18407,2663
4002,18415,3566
4003,18418,2644
4004,18419,3563
4005,18427,2663
4006,18434,3554
4007,18442,3656
4008,18446,2663
4009,18447,2663
4010,18448,2663
4011,18449,2663
4012,18450,2663
4013,18455,3566
4014,18457,2663
4015,18458,3554
4016,18459,3554
4017,18467,2663
4018,18468,2663
4019,18470,2669
4020,18477,2663
4021,18478,2663
4022,18487,2663
4023,18494,3562
4024,18496,3547
4025,18498,3562
4026,18505,3600
4027,18506,3600
4028,18510,3548
4029,18516,2663
4030,18525,3554
4031,18529,3554
4032,18537,3554
4033,18547,2663
4034,18550,2663
4035,18563,2669
4036,18575,3554
4037,18576,2646
4038,18588,3563
4039,18595,3562
4040,18601,3547
4041,18617,3562
4042,18618,3554
4043,18619,3554
4044,18620,3550
4045,18621,3554
4046,18626,3554
4047,18635,2663
4048,18640,3547
4049,18642,3554
4050,18644,3547
4051,18660,2663
4052,18668,3566
4053,18673,3554
4054,18677,2663
4055,18680,2663
4056,18690,2663
4057,18691,2663
4058,18694,2663
4059,18702,2663
4060,18705,2663
4061,18719,2663
4062,18720,2663
4063,18721,3657
4064,18727,3550
4065,18732,2663
4066,18734,2663
4067,18738,3554
4068,18745,3554
4069,18749,3547
4070,18751,3586
4071,18760,2663
4072,18761,3562
4073,18762,2646
4074,18769,3566
4075,18772,3554
4076,18774,3554
4077,18775,2667
4078,18779,2663
4079,18783,2663
4080,18784,2663
4081,18785,2663
4082,18797,3554
4083,18799,2663
4084,18800,3554
4085,18804,3554
4086,18816,3554
4087,18818,2663
4088,18821,2663
4089,18831,2663
4090,18836,2663
4091,18838,2663
4092,18840,2663
4093,18841,3554
4094,18844,3554
4095,18866,3547
4096,18896,3554
4097,18899,3602
4098,18905,3554
4099,18906,3554
4100,18907,3554
4101,18908,3554
4102,18914,3554
4103,18919,3554
4104,18921,3602
4105,18922,3554
4106,18927,3554
4107,18930,3554
4108,18938,2669
4109,18939,3554
4110,18942,3554
4111,18944,3554
4112,18947,3554
4113,18948,3554
4114,18968,3601
4115,18969,2667
4116,18970,3554
4117,18974,3554
4118,18982,2669
4119,18991,3554
4120,18994,2646
4121,18999,3554
4122,19005,3562
4123,19012,3554
4124,19013,3554
4125,19014,3547
4126,19016,3554
4127,19024,3587
4128,19035,2646
4129,19040,3554
4130,19041,3547
4131,19045,3554
4132,19046,3554
4133,19048,3554
4134,19049,3554
4135,19050,3554
4136,19052,3554
4137,19053,3554
4138,19054,3554
4139,19055,3554
4140,19056,3554
4141,19057,3554
4142,19058,3554
4143,19059,3554
4144,19060,3554
4145,19061,3554
4146,19062,3554
4147,19070,3554
4148,19074,3554
4149,19075,727
4150,19085,2667
4151,19087,3554
4152,19101,3554
4153,19103,3554
4154,19104,727
4155,19107,3554
4156,19108,3554
4157,19142,3554
4158,19151,3554
4159,19153,3554
4160,19154,3554
4161,19155,3554
4162,19156,3554
4163,19157,3554
4164,19161,3554
4165,19162,3554
4166,19163,3554
4167,19165,3554
4168,19166,3554
4169,19167,3548
4170,19168,3554
4171,19169,3554
4172,19170,3554
4173,19171,3554
4174,19180,3566
4175,19185,3554
4176,19200,3554
4177,19213,3603
4178,19216,3554
4179,19217,3547
4180,19236,3554
4181,19238,3554
4182,19239,3554
4183,19274,3554
4184,19275,3554
4185,19276,2663
4186,19283,3554
4187,19285,3554
4188,19286,3554
4189,19293,3554
4190,19294,3554
4191,19295,3554
4192,19308,3547
4193,19309,3554
4194,19328,3550
4195,19329,3554
4196,19332,3554
4197,19336,3562
4198,19342,3550
4199,19352,3554
4200,19354,3586
4201,19355,3586
4202,19357,3586
4203,19358,3586
4204,19363,3550
4205,19364,2646
4206,19369,2646
4207,19371,3562
4208,19382,3554
4209,19383,3554
4210,19393,3587
4211,19397,727
4212,19405,3554
4213,19406,3554
4214,19408,3554
4215,19417,3562
4216,19452,3550
4217,19455,3554
4218,19456,3554
4219,19467,3547
4220,19481,3554
4221,19588,3554
4222,19589,3554
4223,19598,3554
4224,19600,2663
4225,19603,3554
4226,19607,3554
4227,19608,3554
4228,19609,3554
4229,19610,3554
4230,19611,3554
4231,19612,3554
4232,19613,3554
4233,19633,3554
4234,19634,3554
4235,19653,2682
4236,19659,3554
4237,19673,3564
4238,19674,3563
4239,19677,2663
4240,19684,2663
4241,19685,3603
4242,19686,3556
4243,19690,3554
4244,19691,3554
4245,19692,3554
4246,19693,3554
4247,19694,3554
4248,19695,3554
4249,19696,2663
4250,19697,3554
4251,19698,3554
4252,19699,3554
4253,19700,2663
4254,19714,3554
4255,19715,3554
4256,19719,3554
4257,19727,2663
4258,19728,2663
4259,19729,2669
4260,19730,2663
4261,19731,3557
4262,19732,3597
4263,19736,2663
4264,19737,2663
4265,19743,2663
4266,19745,3554
4267,19747,2663
4268,19754,3554
4269,19755,3554
4270,19756,3554
4271,19765,2663
4272,19770,2663
4273,19773,2663
4274,19775,3554
4275,19776,2663
4276,19779,3554
4277,19780,3554
4278,19781,2663
4279,19787,2642
4280,19794,2663
4281,19801,2663
4282,19802,3554
4283,19807,2663
4284,19808,2663
4285,19812,3554
4286,19815,3554
4287,19817,3586
4288,19818,3564
4289,19819,3563
4290,19820,3547
4291,19821,2663
4292,19832,3554
4293,19839,2663
4294,19840,3601
4295,19844,2663
4296,19846,2663
4297,19847,2669
4298,19852,2663
4299,19857,767
4300,19862,2644
4301,19879,2663
4302,19880,3657
4303,19900,3554
4304,19902,3563
4305,19903,3563
4306,19908,3550
4307,19909,3550
4308,19934,3554
4309,19935,3554
4310,19936,3554
4311,19937,3554
4312,19944,3554
4313,19947,2642
4314,19948,2642
4315,19952,2663
4316,19962,3565
4317,19963,3566
4318,19966,3594
4319,19967,3554
4320,19968,3554
4321,19970,3554
4322,19972,3554
4323,19974,3554
4324,19976,3587
4325,19979,2663
4326,19984,3554
4327,19987,3554
4328,19991,3554
4329,20000,2663
4330,20001,3557
4331,20002,2663
4332,20005,3557
4333,20009,2663
4334,20012,3586
4335,20015,3554
4336,20017,3554
4337,20025,2663
4338,20027,3548
4339,20036,3554
4340,20039,3554
4341,20042,3554
4342,20043,3547
4343,20045,3554
4344,20054,3554
4345,20057,2642
4346,20061,3554
4347,20064,3554
4348,20067,3554
4349,20069,3602
4350,20077,2642
4351,20078,2644
4352,20081,3547
4353,20082,3562
4354,20084,3554
4355,20093,2663
4356,20105,3554
4357,20109,3657
4358,20111,3554
4359,20112,3554
4360,20113,3554
4361,20125,3554
4362,20126,3554
4363,20130,3550
4364,20134,3550
4365,20135,3563
4366,20136,3554
4367,20144,3547
4368,20145,3600
4369,20149,3554
4370,20171,2663
4371,20190,3550
4372,20209,3554
4373,20211,3554
4374,20225,3554
4375,20230,3673
4376,20249,3673
4377,20251,3594
4378,20260,3603
4379,20261,3673
4380,20269,3554
4381,20271,3554
4382,20275,2642
4383,20278,3554
4384,20279,3554
4385,20341,3554
4386,20363,2663
4387,20395,3586
4388,20398,2669
4389,20404,2663
4390,20406,2669
4391,20407,2663
4392,20409,3554
4393,20449,2663
4394,20453,2663
4395,20456,3557
4396,20460,3554
4397,20471,3641
4398,20477,2667
4399,20483,2646
4400,20499,2667
4401,20501,2663
4402,20504,2682
4403,20512,3554
4404,20519,3554
4405,20524,2663
4406,20525,2663
4407,20526,3554
4408,20539,3550
4409,20540,3554
4410,20541,3554
4411,20543,3550
4412,20554,3586
4413,20555,2667
4414,20559,3554
4415,20560,3554
4416,20563,2646
4417,20567,3557
4418,20576,2646
4419,20582,2663
4420,20592,3551
4421,20593,3547
4422,20602,3594
4423,20603,3594
4424,20604,3594
4425,20605,3594
4426,20613,3657
4427,20631,3594
4428,20634,3554
4429,20641,2663
4430,20654,3554
4431,20655,2644
4432,20657,2644
4433,20662,3554
4434,20664,3551
4435,20665,3554
4436,20666,3673
4437,20667,3554
4438,20668,3554
4439,20671,3554
4440,20680,3554
4441,20681,2663
4442,20700,3587
4443,20703,3657
4444,20710,3554
4445,20711,3600
4446,20714,3554
4447,20719,3554
4448,20720,3554
4449,20723,3600
4450,20728,2663
4451,20729,3554
4452,20733,2663
4453,20741,2663
4454,20744,3554
4455,20747,3562
4456,20757,2646
4457,20760,2663
4458,20761,3554
4459,20762,3554
4460,20769,3656
4461,20784,2663
4462,20788,3586
4463,20790,2663
4464,20798,2646
4465,20807,3601
4466,20815,3594
4467,20819,3563
4468,20822,2663
4469,20824,3548
4470,20827,3563
4471,20833,2663
4472,20835,3562
4473,20841,3554
4474,20848,2663
4475,20856,3562
4476,20870,3554
4477,20871,3554
4478,20876,3673
4479,20881,3554
4480,20900,3562
4481,20902,3675
4482,20914,3564
4483,20915,3563
4484,20916,3564
4485,20919,2663
4486,20933,3554
4487,20938,3547
4488,20943,3554
4489,20945,3554
4490,20955,3555
4491,20958,3675
4492,20961,3675
4493,20963,3673
4494,20965,2683
4495,20966,3673
4496,20978,3586
4497,20979,3586
4498,20981,3547
4499,21001,3586
4500,21004,3550
4501,21005,3600
4502,21008,3554
4503,21009,2683
4504,21010,3554
4505,21011,3600
4506,21012,3554
4507,21028,3554
4508,21034,3548
4509,21035,3586
4510,21037,3586
4511,21038,3586
4512,21050,2663
4513,21053,2667
4514,21057,3554
4515,21060,3587
4516,21063,3554
4517,21064,3554
4518,21068,3554
4519,21071,2682
4520,21072,2663
4521,21094,3554
4522,21096,3554
4523,21107,3562
4524,21108,2663
4525,21126,2669
4526,21130,3550
4527,21159,2663
4528,21161,3547
4529,21162,2663
4530,21173,2646
4531,21177,3556
4532,21182,3562
4533,21208,3554
4534,21215,2663
4535,21221,3554
4536,21224,2663
4537,21226,3551
4538,21227,3562
4539,21229,3562
4540,21230,3562
4541,21239,3555
4542,21246,3554
4543,21248,3554
4544,21253,3550
4545,21254,3565
4546,21256,3566
4547,21260,3557
4548,21261,3597
4549,21280,3675
4550,21286,3554
4551,21296,2682
4552,21300,2663
4553,21301,2663
4554,21305,2644
4555,21306,2646
4556,21307,3562
4557,21315,2663
4558,21316,3550
4559,21328,3548
4560,21329,3548
4561,21330,3548
4562,21342,3547
4563,21352,2663
4564,21371,3562
4565,21374,3586
4566,21375,3586
4567,21376,3586
4568,21379,2663
4569,21385,3657
4570,21388,3554
4571,21389,3554
4572,21390,3554
4573,21391,3554
4574,21393,2663
4575,21402,3674
4576,21408,2663
4577,21417,3673
4578,21418,2663
4579,21426,3586
4580,21428,3674
4581,21437,2667
4582,21438,2663
4583,21439,3554
4584,21441,2663
4585,21443,3554
4586,21444,3554
4587,21445,2669
4588,21451,3554
4589,21452,3554
4590,21453,3554
4591,21455,2663
4592,21457,3554
4593,21479,3601
4594,21482,3601
4595,21484,3562
4596,21487,3600
4597,21489,3675
4598,21502,2663
4599,21506,3603
4600,21532,3554
4601,21553,2663
4602,21555,2646
4603,21556,3554
4604,21567,3554
4605,21571,3554
4606,21576,3675
4607,21581,3554
4608,21587,3554
4609,21594,767
4610,21598,2663
4611,21600,3563
4612,21608,3563
4613,21610,3564
4614,21614,2667
4615,21617,3554
4616,21620,3554
4617,21622,3554
4618,21623,3554
4619,21629,3562
4620,21636,3554
4621,21642,3554
4622,21646,3554
4623,21651,2663
4624,21655,2663
4625,21656,2663
4626,21657,2663
4627,21667,2663
4628,21672,2663
4629,21673,3562
4630,21678,3673
4631,21679,3673
4632,21680,3547
4633,21684,3601
4634,21692,3563
4635,21694,3563
4636,21704,2663
4637,21711,3554
4638,21714,3562
4639,21716,3600
4640,21718,3562
4641,21719,3562
4642,21725,2646
4643,21728,2663
4644,21740,3673
4645,21741,3673
4646,21743,3675
4647,21748,2663
4648,21757,2663
4649,21758,3554
4650,21776,3547
4651,21785,2663
4652,21799,3554
4653,21800,2663
4654,21801,2663
4655,21810,3562
4656,21812,2663
4657,21817,3562
4658,21819,3554
4659,21821,3554
4660,21823,3554
4661,21825,3554
4662,21828,3601
4663,21829,3562
4664,21831,3554
4665,21834,3554
4666,21835,3554
4667,21836,2663
4668,21842,2683
4669,21846,3554
4670,21848,3554
4671,21853,3557
4672,21854,3597
4673,21868,3601
4674,21872,2663
4675,21891,2682
4676,21898,3554
4677,21899,3554
4678,21900,3554
4679,21901,3554
4680,21902,3554
4681,21917,3554
4682,21931,3562
4683,21935,2663
4684,21939,3601
4685,21945,2646
4686,21947,2663
4687,21950,3554
4688,21956,3563
4689,21957,3564
4690,21958,2663
4691,21962,3603
4692,21965,3563
4693,21966,3563
4694,21973,3551
4695,21980,2646
4696,21987,3554
4697,21988,3554
4698,22010,3562
4699,22018,2646
4700,22020,2646
4701,22031,3554
4702,22032,3554
4703,22037,3554
4704,22042,3554
4705,22043,2663
4706,22050,3550
4707,22052,3554
4708,22055,3554
4709,22057,3554
4710,22061,2667
4711,22064,2667
4712,22065,3547
4713,22068,3547
4714,22075,3554
4715,22078,3554
4716,22104,2658
4717,22119,3554
4718,22127,3673
4719,22134,3554
4720,22135,3554
4721,22139,3554
4722,22142,3562
4723,22143,3562
4724,22171,2663
4725,22174,3562
4726,22175,3554
4727,22176,3548
4728,22178,3554
4729,22179,3554
4730,22191,3547
4731,22193,3673
4732,22201,3550
4733,22205,3554
4734,22206,2669
4735,22211,2663
4736,22213,3565
4737,22215,3566
4738,22218,3566
4739,22221,3601
4740,22226,2663
4741,22228,3562
4742,22231,3554
4743,22232,2663
4744,22246,3547
4745,22247,3675
4746,22250,3673
4747,22252,3673
4748,22255,3547
4749,22257,3562
4750,22259,3562
4751,22261,3554
4752,22262,3554
4753,22276,3548
4754,22282,3550
4755,22291,2663
4756,22294,3562
4757,22298,3554
4758,22299,3554
4759,22319,2663
4760,22321,3600
4761,22323,3554
4762,22339,3555
4763,22344,2646
4764,22355,3673
4765,22368,2642
4766,22372,3554
4767,22374,2646
4768,22405,3554
4769,22406,3554
4770,22419,3554
4771,22422,3547
4772,22425,2646
4773,22438,2667
4774,22439,2663
4775,22456,3554
4776,22457,3554
4777,22460,3554
4778,22464,2663
4779,22466,2663
4780,22469,3554
4781,22473,3563
4782,22474,3564
4783,22490,2663
4784,22491,2669
4785,22496,3554
4786,22500,3562
4787,22514,3547
4788,22515,2646
4789,22516,3554
4790,22532,2663
4791,22542,2646
4792,22556,3602
4793,22566,3675
4794,22572,3554
4795,22578,2646
4796,22595,2663
4797,22607,3554
4798,22627,3600
4799,22631,3601
4800,22633,3601
4801,22634,3554
4802,22635,2667
4803,22640,2663
4804,22650,3554
4805,22652,2663
4806,22657,2663
4807,22658,3675
4808,22662,3554
4809,22663,3565
4810,22664,3554
4811,22666,3566
4812,22670,3675
4813,22674,3551
4814,22681,3677
4815,22683,3562
4816,22685,3586
4817,22688,2663
4818,22690,3554
4819,22696,2667
4820,22697,3555
4821,22708,2646
4822,22712,3554
4823,22716,3554
4824,22717,3554
4825,22721,2646
4826,22735,2663
4827,22745,3554
4828,22746,3554
4829,22748,2663
4830,22751,2663
4831,22754,3554
4832,22756,2663
4833,22774,3550
4834,22781,2663
4835,22791,3577
4836,22792,3547
4837,22793,2669
4838,22797,3554
4839,22801,3547
4840,22810,2680
4841,22811,2680
4842,22819,2680
4843,22827,2680
4844,22832,2680
4845,22871,2663
4846,22872,3554
4847,22873,3554
4848,22874,3554
4849,22876,3554
4850,22884,3554
4851,22885,3563
4852,22893,3563
4853,22900,2669
4854,22901,2680
4855,22902,2663
4856,22903,2680
4857,22920,3554
4858,22924,3554
4859,22925,3554
4860,22928,3586
4861,22930,3563
4862,22931,3564
4863,22944,3566
4864,22953,2646
4865,22963,3514
4866,22970,3554
4867,22973,3554
4868,22974,3554
4869,22981,3557
4870,22982,2680
4871,22991,3554
4872,22997,2680
4873,23006,2663
4874,23007,2680
4875,23012,3601
4876,23014,3675
4877,23018,3563
4878,23019,2680
4879,23020,3554
4880,23021,3554
4881,23029,2663
4882,23033,3554
4883,23042,3562
4884,23043,3562
4885,23049,3547
4886,23052,2663
4887,23054,2663
4888,23056,2663
4889,23058,3565
4890,23061,3547
4891,23068,2663
4892,23069,2663
4893,23072,3554
4894,23080,2663
4895,23087,3554
4896,23091,3563
4897,23094,3555
4898,23096,3554
4899,23099,2680
4900,23102,3554
4901,23103,3554
4902,23104,3554
4903,23130,2642
4904,23149,3554
4905,23151,2669
4906,23157,3547
4907,23158,2680
4908,23168,2646
4909,23178,3601
4910,23184,2680
4911,23189,2663
4912,23190,3657
4913,23200,3554
4914,23201,3554
4915,23202,3554
4916,23203,3554
4917,23205,3554
4918,23215,2663
4919,23230,767
4920,23232,3586
4921,23233,3554
4922,23244,3547
4923,23254,2663
4924,23259,2663
4925,23263,3550
4926,23269,3551
4927,23274,2663
4928,23277,3554
4929,23278,3554
4930,23287,2667
4931,23313,3548
4932,23314,2680
4933,23317,2680
4934,23318,3600
4935,23324,3554
4936,23325,3554
4937,23326,3554
4938,23327,3554
4939,23330,3554
4940,23332,3554
4941,23337,3547
4942,23345,3554
4943,23362,2663
4944,23385,3562
4945,23388,2663
4946,23396,3554
4947,23397,3554
4948,23401,3562
4949,23408,2663
4950,23431,2663
4951,23432,2663
4952,23434,2663
4953,23444,3554
4954,23455,2646
4955,23456,2663
4956,23461,3554
4957,23462,3554
4958,23463,3554
4959,23464,3554
4960,23465,3554
4961,23466,3554
4962,23476,2663
4963,23502,3563
4964,23503,3564
4965,23505,2663
4966,23506,2663
4967,23514,3601
4968,23517,2642
4969,23549,3554
4970,23550,3554
4971,23551,3550
4972,23552,2663
4973,23558,2682
4974,23568,3562
4975,23569,3554
4976,23572,2663
4977,23573,2669
4978,23574,3562
4979,23584,3554
4980,23588,2663
4981,23590,3554
4982,23598,2663
4983,23600,3554
4984,23607,3562
4985,23608,2663
4986,23616,2663
4987,23628,3562
4988,23631,3587
4989,23632,2669
4990,23634,3554
4991,23636,3554
4992,23637,3554
4993,23638,3554
4994,23647,2663
4995,23663,3554
4996,23665,3562
4997,23666,3563
4998,23668,3563
4999,23672,3565
5000,23673,3566
5001,23674,3562
5002,23675,2669
5003,23676,2663
5004,23684,3563
5005,23689,3554
5006,23690,3566
5007,23694,3562
5008,23697,3563
5009,23698,3554
5010,23699,3554
5011,23700,2663
5012,23701,2663
5013,23709,3547
5014,23713,2646
5015,23716,3601
5016,23717,3563
5017,23729,2663
5018,23742,2663
5019,23743,3566
5020,23746,3547
5021,23747,3554
5022,23750,3554
5023,23752,2663
5024,23755,2646
5025,23756,2646
5026,23764,3554
5027,23769,2663
5028,23776,3554
5029,23777,3554
5030,23778,3675
5031,23781,3566
5032,23782,3566
5033,23783,2663
5034,23785,2646
5035,23789,3550
5036,23790,3566
5037,23792,3566
5038,23793,2646
5039,23801,2646
5040,23804,3562
5041,23807,3562
5042,23819,3563
5043,23820,2646
5044,23823,3600
5045,23826,3554
5046,23827,3554
5047,23828,3562
5048,23835,3554
5049,23836,3554
5050,23839,3547
5051,23868,2663
5052,23869,3554
5053,23870,2663
5054,23871,3554
5055,23872,3562
5056,23873,3554
5057,23875,3554
5058,23907,3554
5059,23919,3547
5060,23922,2682
5061,23925,3547
5062,23927,3562
5063,23928,2663
5064,23938,2663
5065,23942,3554
5066,23981,2680
5067,23984,3554
5068,24000,3547
5069,24004,3600
5070,24026,3554
5071,24034,3566
5072,24035,3565
5073,24036,3554
5074,24037,3554
5075,24040,2663
5076,24043,2663
5077,24045,3548
5078,24046,3548
5079,24048,3563
5080,24049,3600
5081,24051,3563
5082,24058,3563
5083,24061,3563
5084,24062,3563
5085,24063,2646
5086,24070,2663
5087,24072,3678
5088,24077,3678
5089,24081,3557
5090,24083,3557
5091,24088,3551
5092,24092,3600
5093,24093,3600
5094,24094,2663
5095,24096,3554
5096,24097,3554
5097,24100,3678
5098,24106,3673
5099,24111,3678
5100,24117,3678
5101,24119,3554
5102,24130,3678
5103,24143,2644
5104,24144,3554
5105,24157,2663
5106,24168,3554
5107,24171,3554
5108,24177,3673
5109,24213,3554
5110,24214,3554
5111,24215,3554
5112,24216,2646
5113,24236,3547
5114,24239,3550
5115,24252,2667
5116,24253,2646
5117,24256,3563
5118,24259,3562
5119,24271,3554
5120,24273,3562
5121,24276,3601
5122,24278,3600
5123,24281,3563
5124,24290,3554
5125,24299,3547
5126,24304,3554
5127,24308,3562
5128,24310,2680
5129,24311,2663
5130,24318,3554
5131,24324,3554
5132,24325,2663
5133,24326,3554
5134,24327,3554
5135,24328,3554
5136,24329,3554
5137,24330,3554
5138,24332,3554
5139,24341,3657
5140,24343,2680
5141,24346,3563
5142,24347,2663
5143,24356,3562
5144,24361,3550
5145,24378,2663
5146,24381,3562
5147,24386,3547
5148,24401,2669
5149,24402,2663
5150,24406,3562
5151,24408,2646
5152,24422,3554
5153,24423,3554
5154,24424,3554
5155,24425,3554
5156,24426,3562
5157,24431,3562
5158,24434,3673
5159,24435,3603
5160,24436,3562
5161,24442,3551
5162,24443,2646
5163,24445,2663
5164,24449,3554
5165,24458,3554
5166,24460,3603
5167,24471,2646
5168,24480,2663
5169,24481,2663
5170,24487,2663
5171,24493,3550
5172,24496,3554
5173,24502,3562
5174,24504,2663
5175,24506,3554
5176,24512,3565
5177,24513,3565
5178,24515,3564
5179,24516,2646
5180,24518,2644
5181,24519,3550
5182,24520,2646
5183,24526,3547
5184,24533,2663
5185,24545,3562
5186,24548,3562
5187,24549,3562
5188,24551,2646
5189,24559,2663
5190,24560,2663
5191,24576,3550
5192,24577,3562
5193,24606,3562
5194,24613,2663
5195,24628,2663
5196,24634,2646
5197,24635,2663
5198,24637,2663
5199,24641,3547
5200,24655,3563
5201,24659,2663
5202,24664,2663
5203,24691,3554
5204,24693,2663
5205,24696,2663
5206,24706,2663
5207,24717,2663
5208,24727,2663
5209,24728,3554
5210,24730,3554
5211,24731,3554
5212,24735,3554
5213,24736,3554
5214,24743,3601
5215,24745,2680
5216,24753,3554
5217,24754,2663
5218,24761,2663
5219,24764,3554
5220,24768,3554
5221,24769,2663
5222,24773,2669
5223,24775,3602
5224,24777,2663
5225,24782,3554
5226,24792,3554
5227,24793,3554
5228,24794,3554
5229,24800,3562
5230,24804,3550
5231,24812,2663
5232,24813,2663
5233,24816,767
5234,24822,3554
5235,24827,3554
5236,24828,3554
5237,24833,3678
5238,24840,3550
5239,24854,2663
5240,24857,2663
5241,24859,2663
5242,24860,3601
5243,24861,2663
5244,24865,3656
5245,24872,3562
5246,24875,2646
5247,24883,2663
5248,24885,3562
5249,24886,3554
5250,24888,2663
5251,24897,2663
5252,24903,3566
5253,24904,3554
5254,24905,2663
5255,24909,3547
5256,24922,3565
5257,24923,2663
5258,24925,3566
5259,24931,3554
5260,24932,3550
5261,24939,3554
5262,24967,3562
5263,24973,3554
5264,24974,3554
5265,24975,3554
5266,24976,3554
5267,24984,2669
5268,24987,3550
5269,24989,3687
5270,24999,3554
5271,25004,3563
5272,25013,2667
5273,25017,3687
5274,25019,2669
5275,25030,3563
5276,25031,3563
5277,25034,3673
5278,25038,3563
5279,25039,3563
5280,25044,3678
5281,25045,3562
5282,25052,3687
5283,25056,3547
5284,25072,3678
5285,25073,3678
5286,25074,3673
5287,25080,3554
5288,25083,2663
5289,25085,3554
5290,25088,2663
5291,25092,3678
5292,25096,3554
5293,25105,3602
5294,25107,3602
5295,25109,3687
5296,25113,2683
5297,25116,2669
5298,25119,3566
5299,25121,3566
5300,25129,3562
5301,25135,3587
5302,25143,3586
5303,25148,3562
5304,25155,2680
5305,25178,3548
5306,25182,3554
5307,25192,3678
5308,25197,3678
5309,25206,3566
5310,25208,3547
5311,25211,2669
5312,25215,2663
5313,25218,3554
5314,25219,3554
5315,25221,3554
5316,25228,2663
5317,25235,729
5318,25247,3547
5319,25251,3562
5320,25254,2669
5321,25263,3685
5322,25270,3554
5323,25271,3554
5324,25287,2663
5325,25294,2663
5326,25299,2669
5327,25300,2663
5328,25307,2663
5329,25316,2646
5330,25318,2663
5331,25320,2663
5332,25321,2663
5333,25326,3550
5334,25331,3685
5335,25336,2663
5336,25350,2663
5337,25359,3675
5338,25369,2663
5339,25370,2663
5340,25372,2642
5341,25377,3554
5342,25378,3678
5343,25388,3555
5344,25389,2663
5345,25394,3678
5346,25395,2663
5347,25405,3562
5348,25406,3678
5349,25410,3678
5350,25416,3656
5351,25427,3547
5352,25433,2663
5353,25437,3562
5354,25438,3562
5355,25440,3678
5356,25441,3678
5357,25447,2682
5358,25448,2682
5359,25449,2663
5360,25453,3678
5361,25467,3555
5362,25469,2663
5363,25475,3678
5364,25478,2663
5365,25487,3562
5366,25489,3678
5367,25503,3554
5368,25504,3554
5369,25505,3678
5370,25506,3554
5371,25508,2663
5372,25509,3554
5373,25511,3555
5374,25514,3555
5375,25531,3678
5376,25534,3562
5377,25535,3554
5378,25536,3554
5379,25542,2663
5380,25543,3678
5381,25547,3678
5382,25556,3678
5383,25557,3678
5384,25571,2663
5385,25574,3603
5386,25578,3678
5387,25594,3547
5388,25604,3601
5389,25609,3554
5390,25622,3562
5391,25635,3554
5392,25656,3678
5393,25666,3601
5394,25674,3562
5395,25699,2663
5396,25702,2663
5397,25711,3678
5398,25716,3678
5399,25718,3678
5400,25725,3678
5401,25730,3678
5402,25735,3554
5403,25741,3678
5404,25743,3563
5405,25747,2642
5406,25750,2680
5407,25753,2667
5408,25754,3601
5409,25764,2663
5410,25765,3678
5411,25766,3678
5412,25767,3684
5413,25783,3678
5414,25786,2642
5415,25803,3678
5416,25804,3554
5417,25807,3600
5418,25808,3554
5419,25823,3554
5420,25824,3600
5421,25829,2663
5422,25830,2669
5423,25831,3678
5424,25833,2663
5425,25839,2663
5426,25840,2663
5427,25860,3687
5428,25862,3554
5429,25864,3554
5430,25867,3563
5431,25871,2663
5432,25880,3678
5433,25897,3678
5434,25902,3554
5435,25905,3562
5436,25906,2663
5437,25918,3673
5438,25920,3674
5439,25921,2646
5440,25933,3601
5441,25937,3678
5442,25939,3550
5443,25940,3678
5444,25956,3678
5445,25969,3694
5446,25980,3678
5447,25986,3678
5448,25988,3694
5449,25993,3547
5450,26013,3563
5451,26015,3554
5452,26016,3554
5453,26017,3678
5454,26019,2646
5455,26025,2646
5456,26026,3600
5457,26041,3678
5458,26042,3678
5459,26048,3684
5460,26055,3550
5461,26066,2669
5462,26068,3547
5463,26074,3678
5464,26086,3550
5465,26090,3554
5466,26091,3678
5467,26093,3685
5468,26095,3678
5469,26097,3678
5470,26101,3687
5471,26112,3687
5472,26115,3550
5473,26116,3678
5474,26121,3678
5475,26137,2663
5476,26138,2663
5477,26143,3602
5478,26144,2663
5479,26169,3554
5480,26187,3566
5481,26201,3678
5482,26209,3678
5483,26216,3547
5484,26218,2663
5485,26221,3678
5486,26225,3678
5487,26227,3554
5488,26231,3678
5489,26238,3554
5490,26243,3554
5491,26246,3554
5492,26248,3569
5493,26249,3554
5494,26250,2663
5495,26252,3602
5496,26253,3547
5497,26254,3678
5498,26255,3678
5499,26256,2663
5500,26257,2663
5501,26263,2663
5502,26268,3563
5503,26269,3554
5504,26270,3554
5505,26271,3554
5506,26277,3685
5507,26279,3678
5508,26283,3687
5509,26288,3704
5510,26293,3678
5511,26299,3562
5512,26303,2646
5513,26305,3554
5514,26309,3562
5515,26310,3600
5516,26334,2644
5517,26337,3563
5518,26338,3563
5519,26344,3547
5520,26345,3600
5521,26347,3562
5522,26353,3554
5523,26355,3554
5524,26358,3547
5525,26368,3678
5526,26375,3554
5527,26378,3678
5528,26395,3587
5529,26400,3678
5530,26402,3678
5531,26406,3678
5532,26408,3678
5533,26410,3685
5534,26411,3547
5535,26415,3678
5536,26421,3678
5537,26423,3678
5538,26430,3555
5539,26431,3562
5540,26439,3554
5541,26461,3678
5542,26463,3678
5543,26469,3678
5544,26471,3678
5545,26475,3554
5546,26485,3551
5547,26486,3657
5548,26493,3678
5549,26500,2646
5550,26504,3600
5551,26510,2683
5552,26529,3601
5553,26533,3678
5554,26534,3678
5555,26535,3678
5556,26539,3601
5557,26548,2658
5558,26550,3554
5559,26551,3678
5560,26556,3678
5561,26560,2683
5562,26568,3554
5563,26571,3603
5564,26572,3685
5565,26575,3678
5566,26577,3551
5567,26578,3678
5568,26585,3554
5569,26586,3554
5570,26593,3554
5571,26598,3678
5572,26614,3678
5573,26618,3600
5574,26619,2663
5575,26621,3678
5576,26625,3563
5577,26635,3685
5578,26642,3563
5579,26643,3554
5580,26645,3563
5581,26649,3547
5582,26654,3678
5583,26655,2663
5584,26679,3678
5585,26682,3678
5586,26687,3554
5587,26689,3554
5588,26690,3554
5589,26691,3554
5590,26692,3554
5591,26710,2682
5592,26713,3562
5593,26717,3678
5594,26719,3602
5595,26722,767
5596,26723,3678
5597,26726,3554
5598,26733,3678
5599,26734,3678
5600,26739,3678
5601,26744,3678
5602,26749,3678
5603,26750,2646
5604,26771,3600
5605,26778,3554
5606,26793,3562
5607,26799,2663
5608,26801,3678
5609,26802,2663
5610,26808,3554
5611,26814,3547
5612,26817,3566
5613,26824,3684
5614,26831,3554
5615,26839,3566
5616,26848,3600
5617,26850,3678
5618,26852,3678
5619,26858,3678
5620,26860,3678
5621,26861,3678
5622,26862,3678
5623,26866,3678
5624,26868,3678
5625,26882,3678
5626,26904,3554
5627,26905,3678
5628,26907,3600
5629,26909,2663
5630,26911,3678
5631,26913,3678
5632,26914,3678
5633,26918,3678
5634,26919,3678
5635,26920,3566
5636,26921,3678
5637,26922,3562
5638,26923,3562
5639,26924,3562
5640,26926,3554
5641,26927,3554
5642,26932,3678
5643,26934,2663
5644,26938,2663
5645,26939,2663
5646,26941,3562
5647,26942,3562
5648,26943,3562
5649,26947,3562
5650,26950,3547
5651,26951,3600
5652,26957,3678
5653,26963,3678
5654,26964,3678
5655,26967,3547
5656,26974,3603
5657,26975,3563
5658,26977,3563
5659,26991,3678
5660,26995,3678
5661,26996,3678
5662,27007,3678
5663,27023,3678
5664,27036,2642
5665,27038,3563
5666,27040,3564
5667,27049,3601
5668,27059,3563
5669,27060,3564
5670,27061,3678
5671,27066,3685
5672,27067,3685
5673,27073,3547
5674,27074,3678
5675,27075,2663
5676,27077,3562
5677,27078,3563
5678,27094,3678
5679,27108,767
5680,27112,3554
5681,27113,3563
5682,27122,3562
5683,27139,2663
5684,27150,3678
5685,27152,2642
5686,27155,3675
5687,27171,3548
5688,27172,3587
5689,27175,3556
5690,27179,2667
5691,27183,3678
5692,27192,2663
5693,27204,2682
5694,27206,3554
5695,27208,3562
5696,27209,2663
5697,27213,3554
5698,27214,3678
5699,27216,3678
5700,27219,3550
5701,27223,3678
5702,27231,3550
5703,27233,3554
5704,27242,3685
5705,27243,3685
5706,27244,3685
5707,27245,3685
5708,27248,2663
5709,27249,2663
5710,27257,3562
5711,27296,3678
5712,27302,3678
5713,27311,3554
5714,27316,2663
5715,27334,3678
5716,27335,2663
5717,27354,3554
5718,27359,3678
5719,27366,3685
5720,27372,3563
5721,27375,3678
5722,27380,3678
5723,27397,3563
5724,27403,3678
5725,27413,3563
5726,27414,3563
5727,27417,3678
5728,27430,3678
5729,27433,3554
5730,27438,3548
5731,27439,3704
5732,27442,3678
5733,27443,3547
5734,27445,3674
5735,27457,3678
5736,27459,3554
5737,27465,3678
5738,27476,2663
5739,27492,3678
5740,27493,3678
5741,27500,3678
5742,27521,3675
5743,27527,3563
5744,27529,3675
5745,27534,3554
5746,27537,3678
5747,27538,3678
5748,27539,3566
5749,27543,3566
5750,27544,3678
5751,27545,3678
5752,27550,3554
5753,27551,3678
5754,27556,3562
5755,27567,3678
5756,27568,3600
5757,27577,3554
5758,27584,3562
5759,27587,3586
5760,27594,3678
5761,27595,3678
5762,27598,3554
5763,27604,3678
5764,27621,2663
5765,27624,2663
5766,27633,3678
5767,27636,3685
5768,27639,3678
5769,27655,3678
5770,27656,3554
5771,27657,3554
5772,27658,3554
5773,27659,3550
5774,27661,2667
5775,27665,3678
5776,27680,3563
5777,27682,3563
5778,27689,2682
5779,27693,3566
5780,27697,2663
5781,27698,2663
5782,27708,3678
5783,27710,3684
5784,27711,3684
5785,27712,3684
5786,27713,3684
5787,27723,3564
5788,27724,3563
5789,27725,3687
5790,27726,3678
5791,27728,3554
5792,27729,3554
5793,27736,3562
5794,27737,3554
5795,27741,3554
5796,27747,3563
5797,27749,3563
5798,27756,3678
5799,27764,2667
5800,27768,3554
5801,27771,3587
5802,27783,2663
5803,27786,2663
5804,27800,3678
5805,27801,2663
5806,27806,3678
5807,27810,3554
5808,27818,3566
5809,27819,3687
5810,27825,3550
5811,27826,3685
5812,27828,3678
5813,27834,3678
5814,27839,3678
5815,27854,3678
5816,27855,3562
5817,27859,3678
5818,27868,3554
5819,27875,3554
5820,27877,727
5821,27883,3678
5822,27895,3554
5823,27899,3554
5824,27902,3678
5825,27903,3697
5826,27904,3554
5827,27914,3554
5828,27921,3678
5829,27925,3563
5830,27937,3707
5831,27943,3554
5832,27948,3694
5833,27950,3678
5834,27962,3554
5835,27963,3678
5836,27970,3563
5837,27971,3600
5838,27972,3562
5839,27987,3562
5840,27997,3678
5841,28007,3678
5842,28015,3678
5843,28016,3678
5844,28019,3556
5845,28029,2663
5846,28032,3554
5847,28033,3554
5848,28038,3554
5849,28041,3554
5850,28044,3554
5851,28045,3554
5852,28063,2646
5853,28076,3678
5854,28086,3554
5855,28087,3678
5856,28097,2663
5857,28108,3554
5858,28123,3594
5859,28128,3554
5860,28136,3566
5861,28137,3566
5862,28141,3600
5863,28146,3547
5864,28147,3554
5865,28149,3678
5866,28152,3563
5867,28154,3563
5868,28165,3678
5869,28168,3678
5870,28169,3562
5871,28172,3554
5872,28174,3554
5873,28175,3554
5874,28178,3554
5875,28187,3678
5876,28211,3566
5877,28214,3566
5878,28216,3557
5879,28217,3566
5880,28218,3678
5881,28219,3594
5882,28220,3594
5883,28221,3565
5884,28222,3557
5885,28225,3678
5886,28226,2663
5887,28227,3554
5888,28243,3566
5889,28246,2663
5890,28276,3678
5891,28281,3554
5892,28282,3554
5893,28287,3603
5894,28288,2642
5895,28291,3678
5896,28320,3678
5897,28330,3678
5898,28331,3587
5899,28332,767
5900,28333,3587
5901,28334,2663
5902,28335,3678
5903,28337,3678
5904,28343,3678
5905,28345,3678
5906,28346,3678
5907,28347,3678
5908,28348,3678
5909,28349,3678
5910,28365,3554
5911,28374,3554
5912,28375,2663
5913,28381,3678
5914,28382,3678
5915,28390,3678
5916,28397,3678
5917,28417,3678
5918,28426,3554
5919,28430,3678
5920,28432,3678
5921,28437,3678
5922,28438,727
5923,28444,3600
5924,28454,3566
5925,28455,3562
5926,28463,767
5927,28469,3554
5928,28472,3685
5929,28474,3678
5930,28478,3678
5931,28479,3678
5932,28480,3678
5933,28490,2642
5934,28503,3554
5935,28506,3562
5936,28508,3562
5937,28511,3685
5938,28528,2646
5939,28529,3547
5940,28536,3678
5941,28543,3554
5942,28545,3678
5943,28553,3678
5944,28559,3554
5945,28561,3554
5946,28565,3554
5947,28585,3554
5948,28593,2642
5949,28600,3678
5950,28602,3678
5951,28607,3678
5952,28610,3678
5953,28611,3678
5954,28636,3554
5955,28642,3554
5956,28662,3554
5957,28669,2646
5958,28673,3562
5959,28678,3554
5960,28679,3554
5961,28692,3678
5962,28693,3557
5963,28694,3678
5964,28695,3678
5965,28696,2663
5966,28711,3678
5967,28712,3594
5968,28728,3562
5969,28739,3554
5970,28754,3678
5971,28758,3562
5972,28760,3678
5973,28761,3678
5974,28763,3678
5975,28764,3678
5976,28765,2663
5977,28776,2669
5978,28788,3678
5979,28789,3678
5980,28791,3586
5981,28802,3554
5982,28805,3554
5983,28810,3563
5984,28811,3563
5985,28812,3563
5986,28813,3555
5987,28814,3554
5988,28815,3678
5989,28821,3586
5990,28825,3678
5991,28835,3554
5992,28840,3678
5993,28859,3678
5994,28867,3554
5995,28873,3718
5996,28876,3678
5997,28880,3678
5998,28890,3554
5999,28894,3565
6000,28896,2663
6001,28913,3547
6002,28920,3557
6003,28926,3587
6004,28929,3557
6005,28933,3678
6006,28943,2646
6007,28950,2663
6008,28952,2669
6009,28961,3704
6010,28962,3678
6011,28969,3554
6012,28970,3554
6013,28971,3678
6014,28973,3566
6015,28980,3562
6016,28985,3722
6017,28991,3586
6018,28994,3554
6019,28996,3722
6020,28998,3554
6021,29000,3678
6022,29002,2663
6023,29003,3722
6024,29007,3566
6025,29008,3678
6026,29016,3562
6027,29018,3562
6028,29040,3554
6029,29044,3562
6030,29069,3678
6031,29071,3678
6032,29072,3678
6033,29086,3563
6034,29088,3564
6035,29093,2663
6036,29100,3600
6037,29102,727
6038,29107,2669
6039,29110,3587
6040,29111,3554
6041,29119,3564
6042,29120,3678
6043,29126,3554
6044,29130,3678
6045,29133,3687
6046,29134,3678
6047,29144,3685
6048,29146,3564
6049,29147,3554
6050,29148,2682
6051,29150,3554
6052,29154,3562
6053,29178,3678
6054,29186,2663
6055,29187,2663
6056,29196,3685
6057,29197,3678
6058,29200,3554
6059,29208,3678
6060,29209,3678
6061,29214,3678
6062,29237,3678
6063,29239,2663
6064,29240,3547
6065,29248,3554
6066,29264,3554
6067,29265,3678
6068,29274,3555
6069,29279,3678
6070,29280,3678
6071,29281,3678
6072,29292,3554
6073,29295,2642
6074,29300,3678
6075,29304,3678
6076,29316,3704
6077,29317,3678
6078,29322,2646
6079,29325,3554
6080,29331,3678
6081,29332,3554
6082,29340,3547
6083,29341,3678
6084,29342,3678
6085,29361,3554
6086,29363,3563
6087,29370,3657
6088,29374,3678
6089,29377,3562
6090,29383,2663
6091,29385,3554
6092,29388,3678
6093,29389,2663
6094,29398,3562
6095,29411,3718
6096,29420,3678
6097,29424,2646
6098,29429,3657
6099,29431,3657
6100,29442,3563
6101,29445,3564
6102,29448,3678
6103,29461,2663
6104,29471,3562
6105,29472,3554
6106,29488,3554
6107,29490,2646
6108,29495,3678
6109,29499,3678
6110,29500,2663
6111,29501,3678
6112,29502,3678
6113,29503,3678
6114,29504,3554
6115,29505,3562
6116,29524,3554
6117,29545,3554
6118,29546,3554
6119,29547,3587
6120,29551,3557
6121,29590,2663
6122,29595,3550
6123,29596,3563
6124,29598,3563
6125,29607,2663
6126,29611,3554
6127,29612,3554
6128,29613,3554
6129,29614,3554
6130,29626,3678
6131,29628,2642
6132,29629,3685
6133,29631,3678
6134,29635,3678
6135,29638,3678
6136,29640,3678
6137,29645,3562
6138,29653,3601
6139,29655,3674
6140,29661,3678
6141,29664,3554
6142,29674,3678
6143,29682,3678
6144,29702,3678
6145,29703,3557
6146,29707,3685
6147,29711,3678
6148,29713,3678
6149,29716,3678
6150,29735,3678
6151,29739,3678
6152,29750,3678
6153,29752,2646
6154,29753,2663
6155,29756,2663
6156,29759,3687
6157,29766,3694
6158,29767,3678
6159,29770,3554
6160,29781,3554
6161,29782,3678
6162,29783,3562
6163,29787,3554
6164,29788,3554
6165,29790,3554
6166,29794,2663
6167,29795,3554
6168,29808,3564
6169,29810,3678
6170,29814,3563
6171,29815,3564
6172,29831,3563
6173,29832,2646
6174,29834,3678
6175,29835,3678
6176,29836,3678
6177,29842,2663
6178,29845,3563
6179,29855,3554
6180,29866,3547
6181,29874,3594
6182,29875,3563
6183,29876,3563
6184,29879,3566
6185,29880,3547
6186,29881,3565
6187,29882,3594
6188,29885,2646
6189,29891,3554
6190,29896,2644
6191,29899,3566
6192,29903,3554
6193,29905,2663
6194,29916,3554
6195,29920,2663
6196,29921,3554
6197,29922,3565
6198,29923,3678
6199,29925,3678
6200,29943,3566
6201,29944,3678
6202,29945,2646
6203,29946,3563
6204,29947,2663
6205,29949,3678
6206,29953,3678
6207,29957,3566
6208,29958,3678
6209,29960,3678
6210,29967,3563
6211,29968,2663
6212,29971,3678
6213,29972,3678
6214,29974,3554
6215,29975,3554
6216,29980,3563
6217,29984,3554
6218,29988,3678
6219,29994,3547
6220,30001,3678
6221,30002,2646
6222,30006,2644
6223,30009,3678
6224,30018,3678
6225,30023,3678
6226,30027,3600
6227,30028,3678
6228,30034,3563
6229,30036,3563
6230,30037,3563
6231,30039,3566
6232,30042,3678
6233,30044,3678
6234,30046,3563
6235,30063,2646
6236,30067,3678
6237,30069,3564
6238,30070,3554
6239,30075,3678
6240,30077,3678
6241,30081,3563
6242,30088,3554
6243,30094,3554
6244,30095,3601
6245,30096,3554
6246,30128,3563
6247,30129,3564
6248,30130,3566
6249,30131,3564
6250,30132,3563
6251,30133,3550
6252,30137,3587
6253,30143,3547
6254,30144,3678
6255,30149,3678
6256,30159,3554
6257,30167,3554
6258,30173,3678
6259,30183,3554
6260,30184,2663
6261,30186,3678
6262,30198,3678
6263,30201,3563
6264,30207,2644
6265,30216,3547
6266,30218,2663
6267,30232,2669
6268,30241,3678
6269,30250,3678
6270,30253,3554
6271,30257,3678
6272,30266,3554
6273,30267,3554
6274,30268,3554
6275,30269,3554
6276,30287,2663
6277,30297,3554
6278,30311,3566
6279,30317,3678
6280,30327,3678
6281,30330,3554
6282,30337,3678
6283,30343,2663
6284,30348,3678
6285,30356,3678
6286,30357,3554
6287,30360,3678
6288,30362,3685
6289,30363,2642
6290,30367,3557
6291,30372,3678
6292,30376,3601
6293,30377,3587
6294,30379,3554
6295,30380,3687
6296,30383,3563
6297,30384,3678
6298,30385,3548
6299,30386,3563
6300,30387,3563
6301,30388,3678
6302,30391,3563
6303,30395,3554
6304,30396,3562
6305,30415,3554
6306,30445,3566
6307,30447,3566
6308,30464,3554
6309,30465,3554
6310,30466,3678
6311,30473,3554
6312,30478,3554
6313,30479,3678
6314,30481,3564
6315,30482,3554
6316,30484,3554
6317,30486,3557
6318,30487,3587
6319,30488,3562
6320,30492,3554
6321,30493,3678
6322,30495,3678
6323,30496,3678
6324,30517,3678
6325,30521,3554
6326,30522,3678
6327,30525,3557
6328,30526,3557
6329,30531,3685
6330,30540,3554
6331,30547,3554
6332,30562,2646
6333,30564,3678
6334,30572,3601
6335,30573,2663
6336,30583,3554
6337,30587,3678
6338,30593,3678
6339,30595,3678
6340,30598,3554
6341,30608,3554
6342,30610,3554
6343,30612,3657
6344,30622,3554
6345,30628,3678
6346,30635,3562
6347,30639,3685
6348,30648,3554
6349,30653,2663
6350,30657,3684
6351,30667,3547
6352,30670,3562
6353,30674,3678
6354,30675,2663
6355,30683,3678
6356,30684,3678
6357,30690,3678
6358,30693,3566
6359,30696,3566
6360,30700,3554
6361,30701,3566
6362,30702,3565
6363,30705,3554
6364,30707,3678
6365,30708,3554
6366,30709,3554
6367,30711,3554
6368,30713,3554
6369,30716,3566
6370,30717,2663
6371,30728,3554
6372,30733,3678
6373,30742,3600
6374,30745,2663
6375,30746,2663
6376,30758,3678
6377,30767,3678
6378,30769,3554
6379,30778,3678
6380,30780,3678
6381,30781,3678
6382,30789,3565
6383,30790,2663
6384,30792,2667
6385,30794,3566
6386,30800,2646
6387,30802,2663
6388,30818,2663
6389,30819,2663
6390,30820,3554
6391,30825,3554
6392,30829,2663
6393,30832,2682
6394,30834,2682
6395,30836,3566
6396,30843,3565
6397,30845,3678
6398,30848,3678
6399,30850,3678
6400,30852,3547
6401,30853,3722
6402,30854,3722
6403,30856,3554
6404,30858,3722
6405,30878,3554
6406,30879,3722
6407,30881,3678
6408,30883,3678
6409,30885,3554
6410,30887,3722
6411,30890,3685
6412,30898,3554
6413,30907,3562
6414,30911,3678
6415,30920,2663
6416,30927,2663
6417,30928,2663
6418,30929,2663
6419,30950,3678
6420,30964,3600
6421,30966,3722
6422,30968,3722
6423,30973,3722
6424,30977,3566
6425,30981,3547
6426,31007,3554
6427,31015,2663
6428,31016,2669
6429,31023,3685
6430,31024,2646
6431,31033,3565
6432,31040,3554
6433,31056,3722
6434,31066,3678
6435,31068,3704
6436,31072,2663
6437,31073,2663
6438,31094,3722
6439,31104,3678
6440,31106,3722
6441,31122,3678
6442,31124,3554
6443,31131,3722
6444,31132,3722
6445,31133,3722
6446,31139,3678
6447,31143,3722
6448,31160,3678
6449,31164,3678
6450,31173,3547
6451,31176,3722
6452,31186,3554
6453,31188,2667
6454,31196,3678
6455,31197,3554
6456,31198,3554
6457,31201,3554
6458,31203,3722
6459,31205,3554
6460,31207,3554
6461,31209,3554
6462,31210,3554
6463,31211,3554
6464,31219,3554
6465,31220,3722
6466,31225,3554
6467,31226,3554
6468,31228,3554
6469,31229,3554
6470,31230,3554
6471,31231,3554
6472,31232,3554
6473,31233,3554
6474,31234,3554
6475,31235,3554
6476,31236,3554
6477,31237,3554
6478,31238,3554
6479,31239,3554
6480,31240,3554
6481,31241,3554
6482,31242,3554
6483,31246,3722
6484,31253,3554
6485,31259,3678
6486,31262,3550
6487,31267,3557
6488,31271,3678
6489,31274,3554
6490,31280,2669
6491,31283,3722
6492,31284,3554
6493,31287,3565
6494,31288,3678
6495,31289,3697
6496,31303,3554
6497,31304,3722
6498,31310,3554
6499,31314,3563
6500,31315,3678
6501,31319,3563
6502,31320,3678
6503,31323,2663
6504,31325,3554
6505,31326,2663
6506,31333,3564
6507,31337,3678
6508,31375,3554
6509,31377,2663
6510,31378,2663
6511,31379,2663
6512,31380,2663
6513,31385,3687
6514,31386,3554
6515,31394,3722
6516,31402,3562
6517,31403,3554
6518,31413,3547
6519,31414,3678
6520,31419,3554
6521,31428,3678
6522,31430,3678
6523,31435,2663
6524,31438,2663
6525,31441,3554
6526,31444,3554
6527,31450,2663
6528,31452,3722
6529,31453,2663
6530,31454,3550
6531,31461,3678
6532,31475,3678
6533,31477,3554
6534,31486,3554
6535,31489,3722
6536,31495,3554
6537,31500,3722
6538,31501,3678
6539,31502,3678
6540,31503,3722
6541,31504,2669
6542,31508,3678
6543,31512,3554
6544,31513,3554
6545,31514,3554
6546,31515,3554
6547,31516,2663
6548,31520,2642
6549,31537,3678
6550,31550,3678
6551,31555,2667
6552,31556,3563
6553,31558,3563
6554,31559,3722
6555,31562,3564
6556,31567,3566
6557,31577,3554
6558,31580,3678
6559,31583,2667
6560,31590,3722
6561,31602,3554
6562,31603,3562
6563,31609,3562
6564,31611,3722
6565,31613,2663
6566,31625,3562
6567,31630,3722
6568,31633,3722
6569,31641,3722
6570,31642,3722
6571,31643,3722
6572,31649,3554
6573,31651,3554
6574,31653,3550
6575,31654,3554
6576,31656,3554
6577,31657,3554
6578,31660,2669
6579,31661,3554
6580,31663,3586
6581,31665,3554
6582,31666,3554
6583,31667,3678
6584,31669,3554
6585,31671,3678
6586,31673,3554
6587,31677,3678
6588,31679,3554
6589,31685,3562
6590,31690,3678
6591,31691,3678
6592,31708,3722
6593,31710,3722
6594,31711,2663
6595,31723,2663
6596,31725,3565
6597,31729,3566
6598,31734,3550
6599,31737,3554
6600,31740,3722
6601,31742,3566
6602,31744,3555
6603,31745,2663
6604,31747,3566
6605,31748,2663
6606,31750,2663
6607,31751,3678
6608,31762,2663
6609,31768,3554
6610,31769,3554
6611,31791,3563
6612,31793,3563
6613,31797,3557
6614,31814,3550
6615,31820,3678
6616,31823,3678
6617,31832,2667
6618,31833,3554
6619,31835,3554
6620,31837,3722
6621,31838,2663
6622,31839,2663
6623,31845,3674
6624,31846,3674
6625,31851,3554
6626,31853,3554
6627,31854,3722
6628,31871,3554
6629,31875,3563
6630,31878,3563
6631,31887,3565
6632,31896,3554
6633,31900,3600
6634,31902,3562
6635,31906,3685
6636,31916,3587
6637,31917,3554
6638,31918,3678
6639,31921,3722
6640,31923,3548
6641,31925,3722
6642,31926,3678
6643,31927,3722
6644,31928,3678
6645,31929,3722
6646,31931,2663
6647,31932,2669
6648,31933,3678
6649,31943,3554
6650,31945,3678
6651,31952,3678
6652,31956,3554
6653,31962,3678
6654,31975,3722
6655,31976,3722
6656,31977,3684
6657,31988,3554
6658,31990,3678
6659,31996,3678
6660,32007,3657
6661,32011,3722
6662,32020,3554
6663,32021,3678
6664,32022,3678
6665,32029,3565
6666,32033,3678
6667,32040,3678
6668,32047,3678
6669,32049,3678
6670,32053,3554
6671,32061,3554
6672,32069,3678
6673,32082,3722
6674,32085,2663
6675,32089,3722
6676,32092,3685
6677,32093,3722
6678,32094,3722
6679,32097,2669
6680,32101,3722
6681,32102,3722
6682,32108,3678
6683,32109,3555
6684,32112,3586
6685,32113,3551
6686,32121,3685
6687,32122,2663
6688,32126,3554
6689,32130,3554
6690,32138,3722
6691,32144,3722
6692,32146,3722
6693,32147,3722
6694,32158,3554
6695,32160,3554
6696,32164,2663
6697,32165,2646
6698,32166,3685
6699,32169,2663
6700,32170,3722
6701,32172,2663
6702,32173,2663
6703,32174,3678
6704,32177,2663
6705,32181,2663
6706,32189,2663
6707,32191,2663
6708,32193,2663
6709,32196,2663
6710,32212,727
6711,32216,3722
6712,32224,3605
6713,32232,3554
6714,32236,3554
6715,32241,3678
6716,32247,3722
6717,32256,3566
6718,32257,2663
6719,32261,2646
6720,32262,3678
6721,32265,2663
6722,32270,3694
6723,32272,3600
6724,32276,3554
6725,32277,3678
6726,32278,3550
6727,32279,2663
6728,32283,3685
6729,32285,3722
6730,32286,3547
6731,32287,3554
6732,32299,3722
6733,32303,3678
6734,32304,3722
6735,32305,3566
6736,32308,3722
6737,32310,3678
6738,32313,3678
6739,32316,3554
6740,32317,2663
6741,32318,2669
6742,32333,3722
6743,32337,3722
6744,32351,3554
6745,32353,3554
6746,32365,3554
6747,32368,3678
6748,32371,3554
6749,32373,2663
6750,32374,2663
6751,32375,2663
6752,32377,3722
6753,32391,3722
6754,32399,3678
6755,32411,3685
6756,32412,3557
6757,32419,3678
6758,32424,2663
6759,32428,2663
6760,32430,3562
6761,32449,3547
6762,32450,3722
6763,32451,3678
6764,32456,2663
6765,32457,2663
6766,32465,2663
6767,32501,3554
6768,32506,3675
6769,32510,3594
6770,32511,3594
6771,32512,3594
6772,32513,3678
6773,32521,3722
6774,32528,3685
6775,32535,2663
6776,32542,2669
6777,32546,3587
6778,32547,3554
6779,32549,3566
6780,32550,3554
6781,32553,3722
6782,32554,3554
6783,32556,2663
6784,32557,2669
6785,32559,3685
6786,32560,3722
6787,32563,2663
6788,32564,2663
6789,32565,2663
6790,32566,2663
6791,32567,2663
6792,32568,2663
6793,32569,2663
6794,32572,2663
6795,32576,2663
6796,32581,2663
6797,32582,2663
6798,32583,2663
6799,32584,2663
6800,32585,2663
6801,32586,2663
6802,32587,2663
6803,32591,2663
6804,32598,2663
6805,32601,2663
6806,32604,2663
6807,32607,3562
6808,32610,2663
6809,32620,2663
6810,32624,2663
6811,32628,3563
6812,32629,3563
6813,32630,3685
6814,32632,3678
6815,32635,3685
6816,32636,3565
6817,32641,3554
6818,32642,3678
6819,32643,3601
6820,32645,3678
6821,32655,3722
6822,32656,3550
6823,32658,3678
6824,32668,3554
6825,32671,3554
6826,32675,3554
6827,32682,3722
6828,32685,3554
6829,32687,3554
6830,32696,3547
6831,32701,2663
6832,32702,2663
6833,32703,3722
6834,32712,2662
6835,32718,3722
6836,32721,3678
6837,32722,3685
6838,32750,3566
6839,32752,3566
6840,32753,3554
6841,32755,3678
6842,32776,3566
6843,32784,3722
6844,32785,3554
6845,32792,3600
6846,32794,3554
6847,32795,3566
6848,32800,3722
6849,32807,3678
6850,32820,3547
6851,32822,3678
6852,32823,3554
6853,32824,3678
6854,32833,3678
6855,32841,3673
6856,32843,3673
6857,32844,3673
6858,32848,2663
6859,32851,2663
6860,32855,3722
6861,32861,3554
6862,32871,3678
6863,32874,3722
6864,32890,3555
6865,32893,3722
6866,32900,3722
6867,32907,3554
6868,32908,3685
6869,32918,3722
6870,32919,3722
6871,32920,3722
6872,32922,2663
6873,32925,2663
6874,32928,2663
6875,32930,2663
6876,32944,3722
6877,32945,3566
6878,32950,3722
6879,32951,3722
6880,32953,3722
6881,32955,2663
6882,32956,2663
6883,32958,2663
6884,32961,2663
6885,32964,3563
6886,32968,2669
6887,32972,3554
6888,32980,2663
6889,32984,3563
6890,32989,3554
6891,32990,3562
6892,32994,3563
6893,32995,2646
6894,33012,3722
6895,33014,2663
6896,33017,2663
6897,33025,3554
6898,33033,3678
6899,33037,3678
6900,33042,3554
6901,33054,2663
6902,33059,3722
6903,33061,2663
6904,33062,2663
6905,33072,3722
6906,33090,3685
6907,33091,3678
6908,33093,2663
6909,33095,2663
6910,33117,3547
6911,33121,3554
6912,33125,2663
6913,33127,2663
6914,33131,3722
6915,33142,3563
6916,33145,3722
6917,33146,2663
6918,33149,2663
6919,33150,2663
6920,33151,2663
6921,33159,3678
6922,33161,2669
6923,33164,3562
6924,33168,3722
6925,33175,3562
6926,33176,3554
6927,33185,3684
6928,33187,3684
6929,33192,3603
6930,33193,3601
6931,33195,3602
6932,33200,3678
6933,33201,2663
6934,33202,2663
6935,33206,3678
6936,33221,3685
6937,33222,2646
6938,33225,2663
6939,33226,3722
6940,33227,3554
6941,33228,3554
6942,33229,3603
6943,33242,2663
6944,33249,3600
6945,33256,3678
6946,33257,3722
6947,33258,3722
6948,33266,3687
6949,33267,2663
6950,33275,3678
6951,33279,3563
6952,33282,3563
6953,33284,3563
6954,33286,3554
6955,33290,3554
6956,33299,3722
6957,33300,3678
6958,33303,3603
6959,33306,3678
6960,33310,3550
6961,33312,3678
6962,33319,3722
6963,33325,3722
6964,33330,3554
6965,33335,3722
6966,33339,3678
6967,33342,3554
6968,33343,3547
6969,33348,3603
6970,33355,3678
6971,33356,2663
6972,33357,2663
6973,33360,2663
6974,33362,3678
6975,33365,3678
6976,33366,3722
6977,33373,3678
6978,33376,2644
6979,33383,3678
6980,33384,3722
6981,33385,3548
6982,33402,3678
6983,33405,3678
6984,33407,3678
6985,33414,3550
6986,33416,3685
6987,33419,2663
6988,33434,3685
6989,33436,3722
6990,33440,3678
6991,33450,3675
6992,33457,2663
6993,33460,3602
6994,33462,2663
6995,33463,3678
6996,33468,3554
6997,33472,3566
6998,33477,3587
6999,33486,3678
7000,33488,3563
7001,33499,3554
7002,33500,2663
7003,33503,3554
7004,33506,3722
7005,33507,3678
7006,33508,3678
7007,33519,2663
7008,33522,2663
7009,33523,2663
7010,33528,3554
7011,33530,3554
7012,33536,3554
7013,33544,2663
7014,33545,2663
7015,33546,3722
7016,33554,2663
7017,33557,3554
7018,33558,3722
7019,33563,2682
7020,33564,3722
7021,33566,3547
7022,33567,3722
7023,33571,3678
7024,33573,3678
7025,33574,3678
7026,33575,3722
7027,33576,3722
7028,33577,3722
7029,33578,3678
7030,33579,3678
7031,33580,3722
7032,33581,3722
7033,33584,3678
7034,33586,3678
7035,33587,3687
7036,33589,2663
7037,33590,3722
7038,33598,3566
7039,33599,3565
7040,33600,3563
7041,33607,2663
7042,33613,3554
7043,33616,3550
7044,33617,3722
7045,33624,3563
7046,33626,3563
7047,33629,3678
7048,33634,3687
7049,33643,3722
7050,33656,3554
7051,33660,3554
7052,33663,3685
7053,33664,3554
7054,33666,3678
7055,33668,3678
7056,33675,3678
7057,33678,3554
7058,33681,3547
7059,33683,2646
7060,33688,3547
7061,33691,2663
7062,33697,3554
7063,33698,3554
7064,33699,3563
7065,33702,3563
7066,33704,3562
7067,33709,3678
7068,33712,2663
7069,33722,3600
7070,33723,3678
7071,33732,3557
7072,33753,3722
7073,33767,3678
7074,33776,2663
7075,33777,2669
7076,33778,3685
7077,33779,2663
7078,33787,3554
7079,33789,3554
7080,33794,3554
7081,33796,3600
7082,33801,3678
7083,33806,3678
7084,33810,2663
7085,33815,2663
7086,33818,3554
7087,33821,3554
7088,33822,3678
7089,33827,3554
7090,33830,3563
7091,33831,3547
7092,33836,3554
7093,33843,3678
7094,33845,3554
7095,33856,3554
7096,33858,3722
7097,33863,3554
7098,33868,3722
7099,33877,3722
7100,33878,3562
7101,33880,2663
7102,33881,3722
7103,33884,2663
7104,33885,3722
7105,33903,3564
7106,33911,3600
7107,33918,3554
7108,33919,2663
7109,33920,2663
7110,33921,2646
7111,33922,3601
7112,33928,2663
7113,33929,3678
7114,33934,3722
7115,33935,3722
7116,33955,2663
7117,33959,2663
7118,33961,2663
7119,33979,3678
7120,33982,3678
7121,33992,3678
7122,33993,3722
7123,33997,3557
7124,34005,3554
7125,34007,3554
7126,34008,3554
7127,34009,3601
7128,34014,3554
7129,34017,3722
7130,34020,3657
7131,34022,2663
7132,34026,3678
7133,34030,3547
7134,34033,3656
7135,34039,3678
7136,34040,3547
7137,34042,3566
7138,34046,2663
7139,34047,3554
7140,34050,3566
7141,34057,3678
7142,34058,3722
7143,34063,3678
7144,34065,2663
7145,34066,3678
7146,34072,2663
7147,34078,2663
7148,34084,2663
7149,34085,2663
7150,34092,3562
7151,34093,3562
7152,34094,2663
7153,34099,2663
7154,34105,2669
7155,34108,2663
7156,34114,3554
7157,34116,2663
7158,34118,2663
7159,34119,2663
7160,34120,3554
7161,34126,2663
7162,34129,2663
7163,34142,3722
7164,34143,2663
7165,34146,2663
7166,34151,2663
7167,34156,2663
7168,34159,3550
7169,34162,2663
7170,34167,3687
7171,34172,3566
7172,34173,2663
7173,34174,3678
7174,34175,3678
7175,34176,3563
7176,34181,3678
7177,34183,2663
7178,34184,2663
7179,34186,2663
7180,34192,3678
7181,34195,3722
7182,34199,3722
7183,34200,3678
7184,34206,3678
7185,34212,2663
7186,34225,3563
7187,34228,3563
7188,34234,3563
7189,34236,3565
7190,34237,3566
7191,34240,3722
7192,34247,3722
7193,34251,3678
7194,34256,2663
7195,34270,2663
7196,34279,2663
7197,34280,3554
7198,34281,2663
7199,34284,2663
7200,34287,2663
7201,34292,2663
7202,34293,3678
7203,34297,3657
7204,34302,2663
7205,34313,2663
7206,34319,729
7207,34320,2663
7208,34329,3554
7209,34333,3554
7210,34335,2646
7211,34337,2663
7212,34342,3566
7213,34349,2663
7214,34352,2663
7215,34353,2663
7216,34356,2663
7217,34360,2663
7218,34365,3722
7219,34369,3722
7220,34372,3722
7221,34380,3678
7222,34386,2669
7223,34392,3563
7224,34398,2663
7225,34399,2663
7226,34404,3554
7227,34405,3675
7228,34416,3722
7229,34419,3678
7230,34420,3722
7231,34427,3678
7232,34436,3554
7233,34438,767
7234,34447,3678
7235,34449,3722
7236,34450,3687
7237,34476,3722
7238,34491,3673
7239,34521,3554
7240,34536,2663
7241,34539,2663
7242,34545,2663
7243,34549,3555
7244,34552,3554
7245,34553,2663
7246,34558,3685
7247,34559,3562
7248,34561,2644
7249,34562,3678
7250,34571,3722
7251,34575,3554
7252,34577,3554
7253,34579,3554
7254,34588,3586
7255,34589,3586
7256,34591,3678
7257,34592,3678
7258,34593,3554
7259,34606,3722
7260,34630,3587
7261,34637,3685
7262,34641,3722
7263,34642,3554
7264,34643,3722
7265,34644,3678
7266,34645,3722
7267,34654,3722
7268,34661,3678
7269,34663,3718
7270,34667,3600
7271,34676,2646
7272,34695,3685
7273,34700,3722
7274,34703,3722
7275,34705,3601
7276,34706,2644
7277,34712,3722
7278,34713,3685
7279,34714,3678
7280,34719,3685
7281,34740,3656
7282,34751,3562
7283,34752,3554
7284,34758,3557
7285,34760,3594
7286,34762,3666
7287,34772,3687
7288,34776,3600
7289,34778,3722
7290,34781,3554
7291,34787,3554
7292,34792,3722
7293,34793,3722
7294,34798,3551
7295,34807,2682
7296,34813,3554
7297,34822,2663
7298,34837,3675
7299,34844,3656
7300,34845,3678
7301,34847,3722
7302,34850,3722
7303,34853,3678
7304,34856,3562
7305,34862,3554
7306,34865,3548
7307,34868,3554
7308,34869,3697
7309,34882,3563
7310,34883,3678
7311,34886,3678
7312,34889,3685
7313,34898,3722
7314,34899,3678
7315,34906,3554
7316,34913,3685
7317,34916,3547
7318,34922,2646
7319,34935,3675
7320,34943,3722
7321,34946,3722
7322,34947,3722
7323,34957,3554
7324,34958,2646
7325,34960,3678
7326,34961,3678
7327,34967,3685
7328,34971,3685
7329,34990,3687
7330,34993,3554
7331,34997,3554
7332,34998,3547
7333,35000,3722
7334,35001,3722
7335,35009,3557
7336,35023,2646
7337,35027,3554
7338,35028,3554
7339,35031,3554
7340,35035,3657
7341,35038,3722
7342,35041,3722
7343,35044,3554
7344,35045,3554
7345,35047,3554
7346,35050,3554
7347,35052,3554
7348,35053,3554
7349,35054,3554
7350,35055,3554
7351,35057,3678
7352,35059,3600
7353,35062,3554
7354,35066,3554
7355,35069,3550
7356,35072,3641
7357,35076,3678
7358,35087,3722
7359,35093,3685
7360,35098,767
7361,35102,3554
7362,35103,3685
7363,35106,3678
7364,35108,3678
7365,35111,3722
7366,35119,3722
7367,35120,2646
7368,35121,3678
7369,35122,3722
7370,35133,3678
7371,35137,3678
7372,35149,3678
7373,35154,3554
7374,35156,3554
7375,35161,3722
7376,35163,3600
7377,35168,3678
7378,35183,3722
7379,35192,3554
7380,35193,3678
7381,35197,3547
7382,35199,3547
7383,35200,3547
7384,35201,3722
7385,35206,3722
7386,35208,3722
7387,35210,3554
7388,35211,3722
7389,35212,3554
7390,35213,3722
7391,35215,3685
7392,35216,3554
7393,35222,3678
7394,35223,3722
7395,35225,3722
7396,35233,3554
7397,35236,2663
7398,35250,3601
7399,35252,2663
7400,35256,2663
7401,35263,3561
7402,35268,3602
7403,35275,3601
7404,35276,3600
7405,35278,3722
7406,35279,3554
7407,35284,3554
7408,35287,3678
7409,35290,3554
7410,35299,3722
7411,35307,3722
7412,35309,3722
7413,35310,3604
7414,35324,3722
7415,35328,3566
7416,35331,3555
7417,35335,3678
7418,35336,3554
7419,35339,3678
7420,35348,3722
7421,35354,3678
7422,35356,3554
7423,35357,3554
7424,35364,3678
7425,35411,3678
7426,35412,3722
7427,35413,2646
7428,35419,3554
7429,35421,3554
7430,35422,3554
7431,35423,3554
7432,35424,3550
7433,35425,3554
7434,35428,3678
7435,35431,3554
7436,35432,3554
7437,35434,3554
7438,35436,2646
7439,35437,2669
7440,35441,3722
7441,35454,3600
7442,35455,3566
7443,35457,3678
7444,35458,3566
7445,35460,3678
7446,35461,3554
7447,35467,2642
7448,35480,3554
7449,35482,3722
7450,35483,3722
7451,35488,3678
7452,35491,3554
7453,35496,3554
7454,35501,3678
7455,35502,3722
7456,35513,3554
7457,35520,2646
7458,35526,3722
7459,35529,3554
7460,35530,3722
7461,35532,3563
7462,35535,3566
7463,35548,3722
7464,35549,3685
7465,35564,3722
7466,35570,3554
7467,35575,3722
7468,35585,3722
7469,35592,3678
7470,35606,3722
7471,35607,3722
7472,35618,3554
7473,35620,3678
7474,35621,3722
7475,35623,3554
7476,35630,3722
7477,35637,3554
7478,35644,3554
7479,35646,3563
7480,35648,3678
7481,35658,3547
7482,35668,3554
7483,35677,3641
7484,35681,3554
7485,35683,2646
7486,35685,3678
7487,35702,3722
7488,35705,3657
7489,35707,3722
7490,35708,3722
7491,35709,3678
7492,35717,3722
7493,35725,3554
7494,35726,3678
7495,35730,3675
7496,35738,3722
7497,35739,3554
7498,35741,2642
7499,35753,3722
7500,35754,3684
7501,35767,767
7502,35770,3554
7503,35782,3678
7504,35783,3673
7505,35784,3685
7506,35787,3554
7507,35797,3722
7508,35802,3562
7509,35811,3547
7510,35835,3678
7511,35836,3547
7512,35837,3722
7513,35839,3641
7514,35847,3641
7515,35851,3641
7516,35855,3554
7517,35866,3554
7518,35868,3722
7519,35871,3547
7520,35872,3554
7521,35875,3694
7522,35876,3554
7523,35877,3554
7524,35879,3554
7525,35882,2642
7526,35883,3685
7527,35887,3722
7528,35888,3722
7529,35889,3554
7530,35890,3554
7531,35891,3722
7532,35892,3722
7533,35894,3722
7534,35902,3722
7535,35909,3722
7536,35927,3722
7537,35928,3722
7538,35933,3722
7539,35939,3722
7540,35946,3722
7541,35948,3722
7542,35952,3554
7543,35953,2663
7544,35955,2663
7545,35959,3685
7546,35966,3554
7547,35967,3554
7548,35969,3554
7549,35970,3554
7550,35971,3554
7551,35972,3685
7552,35975,3722
7553,35981,2663
7554,35984,3722
7555,35985,3722
7556,35988,3722
7557,35991,3685
7558,35993,3722
7559,35995,3722
7560,35999,3554
7561,36002,3722
7562,36003,3722
7563,36010,3722
7564,36011,2663
7565,36016,3722
7566,36022,3722
7567,36023,3722
7568,36039,3722
7569,36042,3722
7570,36043,3722
7571,36046,3722
7572,36053,3722
7573,36056,3722
7574,36057,2663
7575,36059,2667
7576,36061,2663
7577,36073,3554
7578,36075,3554
7579,36076,2663
7580,36078,3722
7581,36079,3722
7582,36080,3550
7583,36081,3722
7584,36082,3563
7585,36084,2667
7586,36088,3563
7587,36093,3678
7588,36095,3554
7589,36098,3678
7590,36099,3554
7591,36105,3722
7592,36106,3722
7593,36111,2663
7594,36117,3678
7595,36122,3678
7596,36126,3722
7597,36129,2663
7598,36131,3554
7599,36135,3673
7600,36139,3684
7601,36140,3684
7602,36145,3678
7603,36146,3550
7604,36147,3684
7605,36157,3722
7606,36169,3722
7607,36170,3722
7608,36171,2663
7609,36175,2663
7610,36178,3722
7611,36179,3722
7612,36180,3587
7613,36182,3554
7614,36186,3554
7615,36198,3722
7616,36199,2663
7617,36211,2682
7618,36213,3722
7619,36215,2646
7620,36216,3554
7621,36217,3722
7622,36219,3722
7623,36220,3722
7624,36223,2663
7625,36225,3641
7626,36226,3554
7627,36228,2663
7628,36238,3722
7629,36239,3722
7630,36244,3554
7631,36254,3722
7632,36255,3678
7633,36257,3722
7634,36259,3554
7635,36261,2663
7636,36263,3722
7637,36264,3562
7638,36265,3562
7639,36269,3722
7640,36270,3722
7641,36278,3678
7642,36280,3601
7643,36284,3722
7644,36312,3722
7645,36313,3722
7646,36315,3722
7647,36325,2663
7648,36330,3554
7649,36333,2646
7650,36337,3554
7651,36340,2663
7652,36363,2663
7653,36373,3554
7654,36378,3722
7655,36379,3554
7656,36392,3641
7657,36394,2663
7658,36412,3555
7659,36414,3554
7660,36415,3678
7661,36416,2663
7662,36423,3554
7663,36435,3548
7664,36437,3722
7665,36438,3722
7666,36446,3722
7667,36447,3554
7668,36448,3685
7669,36453,3722
7670,36464,3554
7671,36466,3547
7672,36467,3722
7673,36469,3722
7674,36488,3586
7675,36489,3586
7676,36502,3722
7677,36507,3554
7678,36511,2663
7679,36512,2669
7680,36519,2663
7681,36523,3722
7682,36525,3603
7683,36526,3603
7684,36528,2646
7685,36531,3722
7686,36532,3722
7687,36534,3554
7688,36535,3554
7689,36538,3722
7690,36539,3685
7691,36542,3722
7692,36544,3722
7693,36548,3554
7694,36551,3722
7695,36553,3722
7696,36554,3722
7697,36555,3554
7698,36557,3554
7699,36565,2663
7700,36569,3685
7701,36574,3554
7702,36578,2646
7703,36580,3547
7704,36587,2663
7705,36589,3558
7706,36591,3562
7707,36592,3569
7708,36593,3722
7709,36626,3704
7710,36629,2663
7711,36636,3554
7712,36637,3678
7713,36657,3722
7714,36661,3685
7715,36665,3678
7716,36701,3678
7717,36704,3678
7718,36717,3678
7719,36736,3722
7720,36737,3722
7721,36739,3722
7722,36741,3722
7723,36751,2663
7724,36758,3554
7725,36764,3554
7726,36765,2663
7727,36768,3722
7728,36779,2667
7729,36781,3678
7730,36787,3722
7731,36788,3678
7732,36801,3554
7733,36803,3554
7734,36810,3678
7735,36818,3722
7736,36820,3603
7737,36821,3600
7738,36836,3678
7739,36839,3678
7740,36848,3678
7741,36853,3722
7742,36857,3722
7743,36860,3722
7744,36862,3603
7745,36867,3678
7746,36868,3554
7747,36870,2646
7748,36883,3555
7749,36887,3722
7750,36888,3722
7751,36898,2663
7752,36907,3685
7753,36909,3678
7754,36910,3550
7755,36912,2663
7756,36916,3554
7757,36923,3685
7758,36928,3554
7759,36930,2646
7760,36936,2646
7761,36944,3722
7762,36946,3722
7763,36947,3687
7764,36950,2663
7765,36952,3577
7766,36955,3678
7767,36960,3687
7768,36962,3722
7769,36964,3685
7770,36967,3678
7771,36972,3722
7772,36977,2663
7773,36979,3673
7774,36980,3678
7775,36985,3722
7776,36986,3722
7777,36987,3722
7778,36989,3722
7779,36994,3678
7780,36996,3722
7781,36999,3554
7782,37002,3678
7783,37006,3678
7784,37007,3678
7785,37008,3722
7786,37029,3678
7787,37031,3554
7788,37037,3722
7789,37050,3722
7790,37053,3601
7791,37055,3600
7792,37062,3554
7793,37068,3722
7794,37069,3722
7795,37071,2663
7796,37077,3704
7797,37078,3675
7798,37080,3548
7799,37087,3554
7800,37090,3722
7801,37092,3554
7802,37096,3554
7803,37113,3554
7804,37116,3563
7805,37118,3564
7806,37119,3563
7807,37122,3563
7808,37127,3722
7809,37128,3722
7810,37129,3722
7811,37130,2682
7812,37131,727
7813,37137,3554
7814,37140,3554
7815,37152,3687
7816,37157,3563
7817,37164,3678
7818,37168,3678
7819,37173,3685
7820,37178,3554
7821,37182,3547
7822,37184,3678
7823,37185,3678
7824,37186,3722
7825,37187,3722
7826,37190,3554
7827,37191,3554
7828,37194,3587
7829,37198,3554
7830,37199,3722
7831,37204,3554
7832,37213,3547
7833,37215,2646
7834,37218,3587
7835,37220,3678
7836,37223,3722
7837,37231,3678
7838,37232,3678
7839,37239,2663
7840,37248,3554
7841,37256,3554
7842,37257,3722
7843,37260,2663
7844,37266,3722
7845,37268,3554
7846,37272,3685
7847,37274,3722
7848,37275,3722
7849,37287,3722
7850,37288,3722
7851,37302,3554
7852,37306,3550
7853,37310,3554
7854,37312,3554
7855,37313,3554
7856,37319,3554
7857,37320,3554
7858,37330,3722
7859,37338,3603
7860,37343,3722
7861,37345,2663
7862,37362,2663
7863,37364,3722
7864,37365,3678
7865,37369,3678
7866,37370,3678
7867,37380,3678
7868,37381,3554
7869,37392,3678
7870,37400,2663
7871,37411,2663
7872,37413,3562
7873,37415,3673
7874,37417,3722
7875,37426,3554
7876,37428,3678
7877,37431,2663
7878,37463,3554
7879,37470,3657
7880,37477,3554
7881,37501,2663
7882,37510,3722
7883,37515,2663
7884,37516,2663
7885,37521,3722
7886,37524,2663
7887,37527,3678
7888,37529,3554
7889,37530,3554
7890,37537,3722
7891,37541,3554
7892,37550,3722
7893,37557,3678
7894,37558,3551
7895,37559,3722
7896,37563,3586
7897,37565,3722
7898,37566,3687
7899,37567,3687
7900,37577,3554
7901,37580,3678
7902,37581,3678
7903,37582,3678
7904,37583,3678
7905,37584,3678
7906,37585,3678
7907,37587,3678
7908,37589,3722
7909,37592,3722
7910,37595,3722
7911,37596,3722
7912,37597,2642
7913,37598,2663
7914,37602,2663
7915,37603,3678
7916,37605,3586
7917,37607,3554
7918,37613,3554
7919,37635,3722
7920,37637,2663
7921,37639,3722
7922,37640,3554
7923,37646,3550
7924,37650,2663
7925,37654,3554
7926,37657,3586
7927,37667,3685
7928,37670,3563
7929,37671,3557
7930,37679,2663
7931,37680,3678
7932,37681,3722
7933,37682,3722
7934,37683,3678
7935,37684,2682
7936,37687,3722
7937,37691,3722
7938,37696,2663
7939,37698,3678
7940,37700,3722
7941,37705,3550
7942,37710,3554
7943,37728,2642
7944,37737,3601
7945,37739,2663
7946,37742,2663
7947,37747,3554
7948,37749,2669
7949,37750,2663
7950,37762,3586
7951,37766,3722
7952,37769,3657
7953,37783,3550
7954,37786,3722
7955,37792,2663
7956,37796,3722
7957,37807,3722
7958,37808,3554
7959,37809,3678
7960,37814,2669
7961,37815,3554
7962,37827,3554
7963,37828,3554
7964,37834,3685
7965,37840,3678
7966,37842,3722
7967,37843,2663
7968,37847,2669
7969,37854,3685
7970,37858,2663
7971,37860,3550
7972,37874,3722
7973,37885,3722
7974,37889,3722
7975,37893,3678
7976,37894,3554
7977,37897,3722
7978,37899,3678
7979,37904,3722
7980,37916,3722
7981,37917,3722
7982,37918,3722
7983,37923,3722
7984,37937,3685
7985,37940,3678
7986,37941,3722
7987,37955,2663
7988,37957,3563
7989,37959,3722
7990,37969,2658
7991,37970,3722
7992,37974,3722
7993,37977,3678
7994,37996,3722
7995,38010,3678
7996,38012,3554
7997,38013,3554
7998,38018,3678
7999,38019,3678
8000,38032,3550
8001,38035,3554
8002,38043,3548
8003,38049,3722
8004,38055,3554
8005,38061,3722
8006,38087,3687
8007,38095,3674
8008,38104,3722
8009,38108,2663
8010,38109,3722
8011,38111,2663
8012,38112,3678
8013,38124,3678
8014,38142,3722
8015,38148,3687
8016,38154,3554
8017,38159,3678
8018,38165,3722
8019,38166,3563
8020,38168,3722
8021,38176,3678
8022,38177,3722
8023,38179,3678
8024,38183,3722
8025,38184,2663
8026,38185,3722
8027,38186,2667
8028,38195,3687
8029,38197,2663
8030,38202,3554
8031,38203,2663
8032,38208,3587
8033,38218,2663
8034,38226,3641
8035,38229,3678
8036,38235,2663
8037,38241,3554
8038,38246,3554
8039,38248,2663
8040,38249,3554
8041,38250,3554
8042,38257,3562
8043,38259,3685
8044,38261,3547
8045,38265,3722
8046,38266,3722
8047,38269,2646
8048,38274,3722
8049,38285,2663
8050,38302,3722
8051,38303,3586
8052,38305,3722
8053,38306,3722
8054,38315,3678
8055,38319,3554
8056,38324,3678
8057,38344,3687
8058,38347,3722
8059,38361,3678
8060,38362,3562
8061,38365,3678
8062,38372,3678
8063,38384,3722
8064,38386,3722
8065,38388,2663
8066,38389,3678
8067,38390,3678
8068,38402,3563
8069,38406,3678
8070,38408,3563
8071,38409,3722
8072,38410,3722
8073,38418,3722
8074,38420,3554
8075,38423,3554
8076,38427,2663
8077,38428,3554
8078,38435,3722
8079,38441,3678
8080,38442,3722
8081,38447,3554
8082,38456,3722
8083,38458,3554
8084,38461,3678
8085,38468,3554
8086,38473,3722
8087,38474,3554
8088,38481,3563
8089,38483,3722
8090,38485,3562
8091,38495,3722
8092,38501,3678
8093,38502,3678
8094,38503,3547
8095,38505,3722
8096,38511,2663
8097,38515,3678
8098,38516,3722
8099,38531,3722
8100,38537,3722
8101,38543,3558
8102,38551,3547
8103,38556,3678
8104,38591,3722
8105,38593,3547
8106,38594,3678
8107,38595,2663
8108,38596,767
8109,38598,2663
8110,38603,3722
8111,38612,727
8112,38613,3562
8113,38620,3678
8114,38624,3678
8115,38628,3547
8116,38633,3722
8117,38634,3722
8118,38650,2642
8119,38652,3563
8120,38654,3547
8121,38655,3554
8122,38661,3554
8123,38662,3554
8124,38665,3687
8125,38667,3722
8126,38674,3554
8127,38678,3722
8128,38679,3722
8129,38680,3722
8130,38683,3722
8131,38684,2669
8132,38691,3722
8133,38693,3554
8134,38694,3554
8135,38705,3722
8136,38711,3685
8137,38713,3554
8138,38715,3554
8139,38753,3722
8140,38754,3722
8141,38762,3566
8142,38763,3565
8143,38765,3566
8144,38767,3566
8145,38768,3678
8146,38782,3722
8147,38785,3678
8148,38786,3554
8149,38791,3685
8150,38803,3562
8151,38805,3554
8152,38810,3555
8153,38811,3547
8154,38814,3722
8155,38823,2663
8156,38829,3685
8157,38831,3554
8158,38833,3554
8159,38835,3562
8160,38838,3678
8161,38849,3554
8162,38851,3554
8163,38852,3554
8164,38853,3722
8165,38854,3554
8166,38855,3587
8167,38858,3586
8168,38865,3678
8169,38867,3678
8170,38868,3678
8171,38871,3562
8172,38874,3722
8173,38881,3678
8174,38883,3678
8175,38895,3547
8176,38909,3678
8177,38913,3678
8178,38916,3554
8179,38917,3722
8180,38927,3600
8181,38937,3674
8182,38938,3678
8183,38939,3685
8184,38946,3678
8185,38955,2663
8186,38956,767
8187,38957,3722
8188,38958,2663
8189,38959,2663
8190,38965,2667
8191,38966,3678
8192,38974,3554
8193,38976,3562
8194,38977,3554
8195,38978,3678
8196,38979,3722
8197,38980,3678
8198,38982,3678
8199,38987,3678
8200,38989,3550
8201,38994,3722
8202,38995,3674
8203,39005,2663
8204,39022,3562
8205,39032,3678
8206,39036,3722
8207,39043,3554
8208,39045,3563
8209,39047,2663
8210,39051,3722
8211,39070,3722
8212,39076,3678
8213,39078,3557
8214,39083,3685
8215,39085,2663
8216,39101,3678
8217,39103,3687
8218,39104,3722
8219,39105,3678
8220,39107,3678
8221,39112,3554
8222,39114,3554
8223,39122,2663
8224,39132,3722
8225,39137,3569
8226,39140,3722
8227,39143,3722
8228,39145,3722
8229,39146,2669
8230,39147,3722
8231,39151,3600
8232,39154,3554
8233,39155,3564
8234,39157,3562
8235,39158,3562
8236,39162,3554
8237,39165,3678
8238,39167,3547
8239,39170,3554
8240,39186,3722
8241,39188,2663
8242,39189,2663
8243,39201,3554
8244,39203,3547
8245,39204,3678
8246,39208,3722
8247,39210,3678
8248,39221,3685
8249,39224,3722
8250,39228,3554
8251,39229,3562
8252,39243,3562
8253,39250,3562
8254,39253,3547
8255,39258,3554
8256,39262,3557
8257,39267,3678
8258,39276,2669
8259,39283,767
8260,39290,2663
8261,39291,2663
8262,39296,3554
8263,39305,3678
8264,39306,3722
8265,39311,3550
8266,39316,2667
8267,39322,3722
8268,39323,3563
8269,39324,3678
8270,39331,3678
8271,39333,3566
8272,39338,3587
8273,39344,3554
8274,39358,3722
8275,39360,3722
8276,39371,2663
8277,39380,3554
8278,39393,3678
8279,39401,3678
8280,39412,767
8281,39416,3722
8282,39417,3678
8283,39418,3678
8284,39419,3678
8285,39421,3722
8286,39422,3722
8287,39423,3722
8288,39424,3722
8289,39425,3678
8290,39430,3722
8291,39439,2663
8292,39443,3554
8293,39444,3554
8294,39446,3678
8295,39452,3678
8296,39458,3657
8297,39459,3678
8298,39472,3722
8299,39477,3554
8300,39478,3566
8301,39482,3548
8302,39483,3548
8303,39486,3554
8304,39487,3554
8305,39497,2663
8306,39498,3554
8307,39508,3722
8308,39517,3722
8309,39519,3600
8310,39523,3687
8311,39525,3722
8312,39526,2682
8313,39528,3550
8314,39529,3566
8315,39531,3678
8316,39536,3566
8317,39539,3566
8318,39541,2667
8319,39547,3678
8320,39557,3566
8321,39559,3687
8322,39560,3722
8323,39564,3722
8324,39570,3722
8325,39579,3722
8326,39583,3600
8327,39589,3563
8328,39595,3685
8329,39607,3722
8330,39608,3675
8331,39610,3673
8332,39612,3554
8333,39628,3565
8334,39636,3685
8335,39643,3722
8336,39645,3678
8337,39648,2663
8338,39653,3678
8339,39676,3722
8340,39677,3722
8341,39680,3678
8342,39688,3657
8343,39691,3678
8344,39694,3678
8345,39695,3554
8346,39699,3554
8347,39703,3678
8348,39710,3722
8349,39713,3678
8350,39715,3678
8351,39716,3722
8352,39723,3722
8353,39724,3554
8354,39725,3554
8355,39729,3685
8356,39731,3722
8357,39732,2683
8358,39733,3554
8359,39734,3554
8360,39735,3554
8361,39737,3554
8362,39741,3554
8363,39744,3554
8364,39749,3547
8365,39751,3722
8366,39756,3722
8367,39757,2663
8368,39762,2663
8369,39785,3554
8370,39793,3678
8371,39794,3678
8372,39795,3685
8373,39796,3678
8374,39800,3678
8375,39803,3554
8376,39805,3554
8377,39813,3562
8378,39818,3722
8379,39831,3678
8380,39832,3722
8381,39834,3678
8382,39835,2663
8383,39838,3678
8384,39842,3564
8385,39846,3564
8386,39847,3601
8387,39852,3678
8388,39867,3550
8389,39868,3563
8390,39870,3563
8391,39879,3678
8392,39883,3678
8393,39890,3722
8394,39896,3722
8395,39901,3678
8396,39910,3563
8397,39913,3685
8398,39919,3722
8399,39920,3722
8400,39921,3722
8401,39926,3722
8402,39928,3722
8403,39929,3722
8404,39943,3678
8405,39944,3587
8406,39946,3722
8407,39948,3675
8408,39949,3675
8409,39951,3675
8410,39957,3550
8411,39965,3554
8412,39970,3554
8413,39973,3678
8414,39975,3678
8415,39980,3678
8416,39985,3554
8417,39993,3678
8418,39999,3678
8419,40000,3674
8420,40001,3674
8421,40005,3674
8422,40006,2663
8423,40008,3673
8424,40009,3722
8425,40010,3673
8426,40014,3674
8427,40015,3674
8428,40022,3722
8429,40023,3601
8430,40027,3554
8431,40030,3550
8432,40032,3554
8433,40041,3563
8434,40042,3547
8435,40044,3722
8436,40045,3678
8437,40049,3678
8438,40050,3678
8439,40051,3678
8440,40052,3554
8441,40054,3550
8442,40069,3554
8443,40070,3685
8444,40078,3557
8445,40084,3554
8446,40087,2663
8447,40091,3722
8448,40092,3722
8449,40093,3722
8450,40095,3722
8451,40112,3722
8452,40113,2642
8453,40115,3547
8454,40116,3722
8455,40117,767
8456,40118,3678
8457,40127,3673
8458,40128,3722
8459,40136,3563
8460,40138,3678
8461,40143,3554
8462,40152,2663
8463,40156,2663
8464,40157,2663
8465,40160,3557
8466,40165,3722
8467,40167,2663
8468,40170,3587
8469,40171,3722
8470,40174,3722
8471,40175,3722
8472,40187,3563
8473,40190,3645
8474,40191,3678
8475,40192,3554
8476,40193,3547
8477,40205,3678
8478,40216,3722
8479,40217,3722
8480,40218,3722
8481,40221,2663
8482,40223,3678
8483,40232,3554
8484,40238,3678
8485,40244,2663
8486,40247,3554
8487,40249,3554
8488,40250,3554
8489,40251,3722
8490,40252,3554
8491,40262,3562
8492,40267,3554
8493,40268,3554
8494,40269,3722
8495,40273,767
8496,40274,3722
8497,40275,3687
8498,40284,3678
8499,40285,3722
8500,40287,2663
8501,40288,3722
8502,40290,3722
8503,40292,3722
8504,40296,3554
8505,40309,3562
8506,40313,3678
8507,40333,2663
8508,40342,2663
8509,40351,3722
8510,40364,3722
8511,40366,2663
8512,40372,3678
8513,40382,3678
8514,40390,2642
8515,40391,3678
8516,40394,3678
8517,40397,3722
8518,40403,3678
8519,40405,3678
8520,40406,3554
8521,40409,3554
8522,40417,3722
8523,40418,3678
8524,40427,2663
8525,40441,3684
8526,40442,3722
8527,40446,3722
8528,40447,3722
8529,40448,3547
8530,40450,3722
8531,40451,2663
8532,40452,2663
8533,40456,3554
8534,40457,2663
8535,40459,2663
8536,40485,3554
8537,40495,3563
8538,40496,3554
8539,40497,3563
8540,40499,3554
8541,40517,3554
8542,40518,3547
8543,40526,2663
8544,40530,2663
8545,40534,3684
8546,40539,3678
8547,40542,3722
8548,40544,3600
8549,40548,3722
8550,40549,3722
8551,40550,3554
8552,40552,3678
8553,40553,3547
8554,40556,2663
8555,40557,3722
8556,40558,3563
8557,40560,3722
8558,40561,3563
8559,40568,3563
8560,40579,3722
8561,40581,3685
8562,40582,2667
8563,40583,3554
8564,40586,3678
8565,40591,3685
8566,40597,3563
8567,40599,3678
8568,40606,3678
8569,40615,3554
8570,40616,3678
8571,40620,3722
8572,40622,2663
8573,40639,3554
8574,40648,2663
8575,40649,3678
8576,40657,3678
8577,40665,3554
8578,40666,3554
8579,40674,3722
8580,40676,3566
8581,40683,3673
8582,40684,2663
8583,40685,3566
8584,40687,3554
8585,40703,3678
8586,40704,3554
8587,40715,2663
8588,40724,3722
8589,40729,767
8590,40739,3678
8591,40747,3678
8592,40749,2663
8593,40756,3554
8594,40761,3554
8595,40769,3687
8596,40770,3678
8597,40773,3678
8598,40775,3643
8599,40794,3554
8600,40798,3643
8601,40825,3643
8602,40826,3554
8603,40839,3554
8604,40843,2663
8605,40852,3550
8606,40855,3678
8607,40856,2663
8608,40861,3554
8609,40865,3643
8610,40867,3643
8611,40870,2663
8612,40873,3554
8613,40874,3722
8614,40876,3722
8615,40884,3722
8616,40885,3547
8617,40900,3722
8618,40908,3722
8619,40910,3562
8620,40919,3722
8621,40922,3678
8622,40928,2663
8623,40929,3551
8624,40936,3722
8625,40937,3722
8626,40941,3722
8627,40942,2663
8628,40950,2642
8629,40956,3722
8630,40957,3722
8631,40959,2663
8632,40971,2663
8633,40988,3554
8634,40989,3554
8635,40991,3722
8636,40993,3678
8637,41001,3554
8638,41010,3685
8639,41011,3685
8640,41013,3722
8641,41014,2663
8642,41017,2663
8643,41021,3554
8644,41022,3554
8645,41030,3678
8646,41032,3554
8647,41046,3722
8648,41064,3547
8649,41067,3554
8650,41071,3554
8651,41073,3684
8652,41078,2663
8653,41083,3722
8654,41085,3547
8655,41086,3554
8656,41095,3678
8657,41113,3722
8658,41116,2667
8659,41117,3722
8660,41121,2663
8661,41125,3722
8662,41141,3722
8663,41147,3722
8664,41151,3562
8665,41153,3554
8666,41155,3547
8667,41160,2669
8668,41163,2663
8669,41167,3678
8670,41168,3550
8671,41170,2669
8672,41173,2663
8673,41178,2663
8674,41191,3678
8675,41195,3563
8676,41221,3685
8677,41223,3722
8678,41229,3554
8679,41230,3547
8680,41242,2680
8681,41243,3704
8682,41244,3722
8683,41245,3722
8684,41259,3547
8685,41260,3678
8686,41264,3678
8687,41265,3722
8688,41266,3554
8689,41267,3564
8690,41268,3678
8691,41278,2680
8692,41285,3722
8693,41290,3554
8694,41293,2663
8695,41298,3722
8696,41311,3674
8697,41312,3722
8698,41313,3674
8699,41314,3674
8700,41321,3563
8701,41325,3554
8702,41330,3678
8703,41340,3564
8704,41355,3722
8705,41356,3563
8706,41357,3564
8707,41361,2680
8708,41366,3554
8709,41372,3563
8710,41373,3554
8711,41374,3678
8712,41378,3722
8713,41383,3722
8714,41402,3678
8715,41407,3722
8716,41408,2669
8717,41409,3554
8718,41410,3554
8719,41415,3685
8720,41417,3563
8721,41419,3566
8722,41420,3566
8723,41421,3554
8724,41423,3566
8725,41426,3678
8726,41432,3722
8727,41439,3678
8728,41444,3566
8729,41450,3675
8730,41453,3687
8731,41473,3678
8732,41485,3722
8733,41491,3678
8734,41495,3722
8735,41504,3563
8736,41505,3564
8737,41509,3722
8738,41510,3722
8739,41512,3722
8740,41523,3722
8741,41524,3722
8742,41525,3722
8743,41526,3722
8744,41529,3722
8745,41543,3566
8746,41553,3722
8747,41555,3678
8748,41563,3601
8749,41590,3678
8750,41592,3566
8751,41594,2663
8752,41597,3748
8753,41599,2682
8754,41613,3722
8755,41614,3722
8756,41622,3722
8757,41638,3722
8758,41648,3563
8759,41650,3722
8760,41652,3678
8761,41654,3722
8762,41674,3554
8763,41675,3554
8764,41679,3678
8765,41682,3554
8766,41687,3678
8767,41688,3722
8768,41690,729
8769,41697,3687
8770,41698,3678
8771,41699,3718
8772,41707,3554
8773,41711,3722
8774,41712,3722
8775,41713,2663
8776,41714,3678
8777,41718,3722
8778,41721,3564
8779,41722,3722
8780,41724,3685
8781,41727,3722
8782,41728,3563
8783,41730,3563
8784,41731,3563
8785,41733,3562
8786,41737,2663
8787,41742,3644
8788,41746,2663
8789,41748,3722
8790,41759,3722
8791,41769,3685
8792,41772,3678
8793,41776,3722
8794,41781,3722
8795,41782,3722
8796,41783,3722
8797,41788,3678
8798,41800,3722
8799,41801,3722
8800,41806,3678
8801,41808,2669
8802,41811,3722
8803,41814,3685
8804,41819,3722
8805,41828,3722
8806,41832,3678
8807,41840,767
8808,41860,3722
8809,41863,3678
8810,41867,3678
8811,41876,3685
8812,41880,3685
8813,41888,3685
8814,41889,3687
8815,41890,3678
8816,41893,3722
8817,41916,3557
8818,41921,3722
8819,41924,3678
8820,41929,2663
8821,41930,3722
8822,41932,3678
8823,41938,3554
8824,41941,3722
8825,41942,3722
8826,41946,3685
8827,41951,2663
8828,41955,3678
8829,41959,3678
8830,41966,3678
8831,41972,3685
8832,41980,3722
8833,41981,3722
8834,41983,3685
8835,41985,2663
8836,41987,2663
8837,41996,2680
8838,41998,3554
8839,42006,3554
8840,42008,3722
8841,42017,3678
8842,42018,3678
8843,42020,3586
8844,42024,3678
8845,42041,3722
8846,42042,3678
8847,42043,3600
8848,42044,3722
8849,42046,2669
8850,42051,2680
8851,42055,3722
8852,42064,2680
8853,42066,3678
8854,42067,3562
8855,42082,3554
8856,42084,3722
8857,42093,3685
8858,42095,3678
8859,42099,3722
8860,42101,3678
8861,42105,3678
8862,42107,3678
8863,42108,2663
8864,42109,3678
8865,42110,3722
8866,42120,3586
8867,42142,3554
8868,42145,3722
8869,42146,2680
8870,42148,2663
8871,42154,2680
8872,42156,3555
8873,42158,3554
8874,42159,3554
8875,42165,2663
8876,42171,2663
8877,42172,3554
8878,42177,3554
8879,42180,3685
8880,42184,2663
8881,42188,3564
8882,42202,3554
8883,42215,3678
8884,42216,3558
8885,42220,3722
8886,42224,3678
8887,42225,3685
8888,42227,3722
8889,42250,3678
8890,42253,3722
8891,42254,3722
8892,42260,2663
8893,42261,2663
8894,42262,3722
8895,42263,3722
8896,42265,3722
8897,42278,3678
8898,42279,3678
8899,42280,3678
8900,42281,3678
8901,42282,3678
8902,42283,3678
8903,42284,3678
8904,42285,3678
8905,42286,3678
8906,42287,3678
8907,42292,3722
8908,42302,2663
8909,42311,3722
8910,42319,2680
8911,42322,2669
8912,42334,3678
8913,42348,3722
8914,42351,3722
8915,42356,3550
8916,42357,2663
8917,42363,3678
8918,42377,3722
8919,42386,3722
8920,42396,3566
8921,42406,3547
8922,42407,3722
8923,42408,3722
8924,42410,3687
8925,42411,3562
8926,42426,3678
8927,42431,3565
8928,42432,3566
8929,42435,3563
8930,42437,3563
8931,42438,3563
8932,42441,2663
8933,42451,3565
8934,42452,3565
8935,42454,3566
8936,42455,3678
8937,42456,3601
8938,42459,3566
8939,42464,3678
8940,42473,3551
8941,42479,3722
8942,42484,3554
8943,42492,2663
8944,42493,2663
8945,42494,3722
8946,42498,3554
8947,42499,3554
8948,42502,3562
8949,42504,3678
8950,42507,3678
8951,42511,3678
8952,42513,3722
8953,42519,3722
8954,42526,3554
8955,42531,3722
8956,42534,3722
8957,42535,3563
8958,42537,3722
8959,42538,3722
8960,42539,3722
8961,42543,2663
8962,42557,3564
8963,42560,2663
8964,42562,3722
8965,42565,3563
8966,42567,3564
8967,42569,3685
8968,42571,3685
8969,42573,2663
8970,42583,3678
8971,42588,3557
8972,42601,3722
8973,42603,2663
8974,42609,3566
8975,42618,3722
8976,42620,3722
8977,42632,3554
8978,42635,3678
8979,42642,3550
8980,42647,3562
8981,42650,3678
8982,42666,3554
8983,42677,2663
8984,42678,2663
8985,42680,3563
8986,42684,3722
8987,42685,3564
8988,42687,3548
8989,42688,3587
8990,42711,3554
8991,42716,3687
8992,42725,3722
8993,42736,3563
8994,42738,3564
8995,42744,3722
8996,42746,2663
8997,42747,3722
8998,42748,3722
8999,42749,2663
9000,42750,2663
9001,42752,2663
9002,42756,3566
9003,42757,2663
9004,42775,3554
9005,42784,2663
9006,42790,2663
9007,42795,3685
9008,42800,3722
9009,42805,2663
9010,42806,2663
9011,42808,2663
9012,42809,2669
9013,42820,2663
9014,42826,2663
9015,42830,3678
9016,42855,3554
9017,42856,2669
9018,42857,2663
9019,42862,2663
9020,42863,2663
9021,42866,3722
9022,42867,2669
9023,42882,3547
9024,42905,3722
9025,42906,3722
9026,42908,3722
9027,42910,3722
9028,42919,3678
9029,42921,3678
9030,42930,3722
9031,42938,3562
9032,42943,3678
9033,42946,3722
9034,42948,3678
9035,42953,3577
9036,42963,3554
9037,42984,3722
9038,42985,3748
9039,43002,3657
9040,43009,3562
9041,43025,3657
9042,43031,2663
9043,43043,3562
9044,43047,3678
9045,43050,3678
9046,43053,2663
9047,43054,3722
9048,43055,3678
9049,43056,3678
9050,43058,3687
9051,43059,3657
9052,43078,2680
9053,43080,3687
9054,43092,3678
9055,43094,3551
9056,43100,3722
9057,43103,3562
9058,43106,3722
9059,43110,3657
9060,43111,3722
9061,43121,3600
9062,43122,3600
9063,43124,3554
9064,43137,3678
9065,43143,3562
9066,43149,3678
9067,43164,3722
9068,43168,3722
9069,43173,2663
9070,43175,2663
9071,43177,2663
9072,43179,2663
9073,43181,2663
9074,43187,2663
9075,43209,3678
9076,43210,2669
9077,43217,727
9078,43221,3685
9079,43224,3722
9080,43225,3554
9081,43229,2669
9082,43242,3748
9083,43244,3687
9084,43253,3678
9085,43256,3722
9086,43275,3547
9087,43278,3563
9088,43279,3563
9089,43281,3563
9090,43282,3563
9091,43283,2663
9092,43285,3564
9093,43286,3564
9094,43287,3602
9095,43289,3554
9096,43291,3566
9097,43293,3565
9098,43294,3722
9099,43296,3554
9100,43310,3748
9101,43316,2663
9102,43328,3554
9103,43330,3566
9104,43349,3722
9105,43352,3722
9106,43362,3722
9107,43365,3562
9108,43366,767
9109,43367,3722
9110,43368,3722
9111,43369,3722
9112,43370,3722
9113,43371,3687
9114,43372,3722
9115,43373,3722
9116,43379,2663
9117,43383,3547
9118,43386,3678
9119,43389,3550
9120,43391,2663
9121,43400,3554
9122,43403,3563
9123,43404,3564
9124,43408,3722
9125,43409,3722
9126,43411,2663
9127,43413,3722
9128,43415,3554
9129,43427,3722
9130,43428,3554
9131,43429,3722
9132,43455,3722
9133,43458,3547
9134,43460,3678
9135,43462,3722
9136,43468,3563
9137,43482,3586
9138,43485,3678
9139,43496,3678
9140,43511,3678
9141,43516,3678
9142,43517,3678
9143,43520,2680
9144,43521,2663
9145,43528,3722
9146,43529,3722
9147,43530,3722
9148,43543,3678
9149,43545,3675
9150,43546,3586
9151,43552,3687
9152,43564,3554
9153,43578,2663
9154,43583,3678
9155,43585,3678
9156,43586,3678
9157,43589,3554
9158,43591,3678
9159,43595,3678
9160,43596,3678
9161,43610,3554
9162,43629,3547
9163,43630,3678
9164,43631,3678
9165,43632,3554
9166,43640,3722
9167,43642,3722
9168,43645,3547
9169,43652,3722
9170,43653,3600
9171,43660,3678
9172,43667,3678
9173,43684,3722
9174,43690,2663
9175,43692,3685
9176,43695,3722
9177,43698,3554
9178,43703,2663
9179,43710,3554
9180,43711,3678
9181,43728,3685
9182,43743,3678
9183,43744,3685
9184,43753,3722
9185,43761,3722
9186,43775,3554
9187,43790,2663
9188,43796,3722
9189,43807,3722
9190,43808,3685
9191,43809,2663
9192,43826,3563
9193,43841,3722
9194,43843,3722
9195,43845,3678
9196,43846,3722
9197,43864,3678
9198,43867,3685
9199,43868,3678
9200,43873,3722
9201,43875,3722
9202,43877,3554
9203,43884,3722
9204,43885,3722
9205,43887,3722
9206,43889,3678
9207,43893,3722
9208,43899,3722
9209,43900,3687
9210,43904,3554
9211,43906,3722
9212,43910,3722
9213,43913,3722
9214,43914,2663
9215,43919,3548
9216,43922,3722
9217,43927,3687
9218,43928,3554
9219,43929,3722
9220,43943,3554
9221,43944,3722
9222,43949,3685
9223,43950,3722
9224,43956,3554
9225,43960,3722
9226,43966,3678
9227,43972,3722
9228,43980,3554
9229,43988,3674
9230,43997,2642
9231,44010,3678
9232,44012,3722
9233,44015,3550
9234,44032,3678
9235,44034,3562
9236,44050,3554
9237,44051,3722
9238,44052,3562
9239,44053,3678
9240,44054,3554
9241,44055,3678
9242,44062,3685
9243,44069,3563
9244,44078,3722
9245,44079,3722
9246,44081,3722
9247,44082,3722
9248,44083,3562
9249,44085,3563
9250,44091,3678
9251,44093,3722
9252,44095,3562
9253,44096,3722
9254,44099,3678
9255,44100,3554
9256,44102,3678
9257,44103,3554
9258,44104,3678
9259,44109,3678
9260,44129,3554
9261,44141,3601
9262,44143,3685
9263,44148,3722
9264,44151,3722
9265,44152,3687
9266,44154,3722
9267,44167,3678
9268,44187,3547
9269,44191,3554
9270,44195,3566
9271,44202,3565
9272,44203,3685
9273,44208,2667
9274,44211,3554
9275,44227,3547
9276,44231,3722
9277,44253,3722
9278,44266,3601
9279,44268,2663
9280,44277,3722
9281,44283,3554
9282,44290,3554
9283,44292,3722
9284,44295,3566
9285,44296,3566
9286,44298,3685
9287,44299,3722
9288,44300,3566
9289,44304,3566
9290,44305,3551
9291,44308,3566
9292,44309,3566
9293,44310,3600
9294,44313,3566
9295,44315,3566
9296,44334,3722
9297,44337,3566
9298,44340,3566
9299,44343,3722
9300,44353,3678
9301,44354,3566
9302,44356,3554
9303,44361,3722
9304,44363,3565
9305,44364,3565
9306,44371,3678
9307,44375,3722
9308,44377,3678
9309,44383,3554
9310,44387,3748
9311,44394,3722
9312,44399,3722
9313,44400,3722
9314,44432,3554
9315,44433,3587
9316,44434,3678
9317,44449,3554
9318,44450,3554
9319,44453,3722
9320,44454,3554
9321,44457,3722
9322,44473,3722
9323,44475,3722
9324,44479,3554
9325,44481,3565
9326,44489,3566
9327,44504,3678
9328,44508,3722
9329,44520,3722
9330,44521,3722
9331,44523,3565
9332,44525,3566
9333,44533,3678
9334,44535,2663
9335,44557,3554
9336,44561,3722
9337,44569,2663
9338,44577,3722
9339,44581,3566
9340,44582,3722
9341,44584,3722
9342,44586,3722
9343,44587,3678
9344,44589,2663
9345,44611,3685
9346,44614,3722
9347,44619,3565
9348,44621,3565
9349,44622,3685
9350,44630,2663
9351,44640,3685
9352,44658,3678
9353,44660,3554
9354,44663,3748
9355,44676,3563
9356,44681,3554
9357,44687,3551
9358,44691,3722
9359,44696,3722
9360,44701,3722
9361,44703,3722
9362,44709,2680
9363,44719,3722
9364,44720,3748
9365,44728,3678
9366,44739,3563
9367,44740,3550
9368,44745,3678
9369,44747,2663
9370,44753,3678
9371,44770,3722
9372,44771,3722
9373,44781,3587
9374,44785,3554
9375,44803,3678
9376,44815,3678
9377,44816,3678
9378,44817,3678
9379,44819,3722
9380,44833,3772
9381,44853,3771
9382,44861,3759
9383,44868,3563
9384,44869,3564
9385,44871,3564
9386,44873,3769
9387,44894,3554
9388,44902,3722
9389,44905,3759
9390,44912,3678
9391,44914,3722
9392,44919,3554
9393,44921,2663
9394,44944,3748
9395,44956,3562
9396,44960,3678
9397,44961,3678
9398,44964,3601
9399,44965,3678
9400,44966,3586
9401,44967,3775
9402,44986,3586
9403,45013,3722
9404,45026,3722
9405,45036,2663
9406,45042,3684
9407,45043,3554
9408,45044,3685
9409,45045,3554
9410,45046,3678
9411,45048,3722
9412,45051,3554
9413,45054,3722
9414,45056,3722
9415,45057,3554
9416,45066,3673
9417,45079,2663
9418,45083,3554
9419,45092,3722
9420,45094,3722
9421,45095,3722
9422,45096,3722
9423,45106,3554
9424,45114,3722
9425,45120,3554
9426,45127,3704
9427,45132,3678
9428,45136,3678
9429,45142,2669
9430,45150,2663
9431,45155,3563
9432,45158,3563
9433,45159,3563
9434,45161,3564
9435,45166,3722
9436,45168,3722
9437,45170,3722
9438,45171,2663
9439,45196,3678
9440,45198,2669
9441,45200,2663
9442,45201,2663
9443,45202,2663
9444,45203,2663
9445,45207,3566
9446,45217,3722
9447,45226,3722
9448,45229,3722
9449,45230,3722
9450,45231,3722
9451,45233,2663
9452,45235,2663
9453,45245,3600
9454,45246,3554
9455,45249,3722
9456,45261,3600
9457,45263,2663
9458,45265,3722
9459,45267,3554
9460,45273,2663
9461,45274,2663
9462,45276,2663
9463,45283,2663
9464,45284,3722
9465,45294,3678
9466,45298,3685
9467,45299,3722
9468,45301,3678
9469,45314,727
9470,45321,3722
9471,45327,3722
9472,45328,3771
9473,45335,3759
9474,45341,3769
9475,45358,3554
9476,45359,3775
9477,45380,3722
9478,45382,3722
9479,45383,3748
9480,45384,3722
9481,45403,3784
9482,45422,2663
9483,45423,2663
9484,45427,3600
9485,45428,3678
9486,45430,3554
9487,45433,3783
9488,45448,2663
9489,45460,3678
9490,45465,3563
9491,45472,3678
9492,45475,3722
9493,45499,3722
9494,45509,3563
9495,45510,3547
9496,45513,3722
9497,45514,3722
9498,45515,3722
9499,45516,3722
9500,45517,3678
9501,45518,3678
9502,45521,2669
9503,45527,3722
9504,45529,3722
9505,45534,2663
9506,45549,3678
9507,45551,3554
9508,45562,3678
9509,45565,3678
9510,45574,2663
9511,45575,3678
9512,45576,3722
9513,45585,3562
9514,45586,3678
9515,45605,3722
9516,45606,3722
9517,45607,3722
9518,45609,3600
9519,45610,2669
9520,45615,3563
9521,45627,3678
9522,45633,3759
9523,45651,3722
9524,45652,2663
9525,45656,3547
9526,45657,3722
9527,45661,3722
9528,45666,3678
9529,45667,3678
9530,45669,3550
9531,45671,3678
9532,45672,3748
9533,45683,2646
9534,45693,3748
9535,45697,3563
9536,45698,3562
9537,45708,3678
9538,45712,3748
9539,45731,3678
9540,45733,3550
9541,45734,3678
9542,45737,3697
9543,45740,3554
9544,45742,3678
9545,45762,3678
9546,45763,3562
9547,45772,2669
9548,45773,3722
9549,45778,3685
9550,45803,2663
9551,45807,3722
9552,45813,3566
9553,45815,3678
9554,45819,3678
9555,45833,3722
9556,45835,3566
9557,45840,2663
9558,45841,3722
9559,45842,3722
9560,45844,3722
9561,45846,3562
9562,45847,3722
9563,45855,3678
9564,45856,3678
9565,45858,3678
9566,45859,3678
9567,45861,3678
9568,45865,3678
9569,45882,3554
9570,45883,3554
9571,45885,3554
9572,45887,3722
9573,45892,3563
9574,45895,3564
9575,45897,3685
9576,45900,3685
9577,45906,3722
9578,45918,3562
9579,45919,2663
9580,45929,3564
9581,45931,3722
9582,45960,3722
9583,45961,3678
9584,45962,3722
9585,45966,2663
9586,45969,2663
9587,45989,3564
9588,45990,3563
9589,45992,3678
9590,46016,3722
9591,46022,3685
9592,46026,3678
9593,46027,3678
9594,46034,3722
9595,46035,3554
9596,46045,3678
9597,46047,3678
9598,46048,3678
9599,46051,3685
9600,46052,2669
9601,46056,3687
9602,46057,3722
9603,46059,2669
9604,46064,3722
9605,46068,3673
9606,46073,3722
9607,46078,2663
9608,46088,3722
9609,46089,3678
9610,46091,3722
9611,46092,3722
9612,46093,3722
9613,46107,3554
9614,46129,3554
9615,46132,3554
9616,46134,3554
9617,46138,3678
9618,46160,3601
9619,46161,2646
9620,46168,3722
9621,46171,3678
9622,46179,3722
9623,46181,3678
9624,46210,3555
9625,46212,3678
9626,46232,3563
9627,46234,3563
9628,46239,2646
9629,46243,3722
9630,46244,3722
9631,46250,3554
9632,46255,3678
9633,46265,3678
9634,46268,3678
9635,46270,3678
9636,46274,3722
9637,46295,3722
9638,46299,3722
9639,46300,3722
9640,46306,2646
9641,46315,3722
9642,46321,2646
9643,46331,3678
9644,46332,3678
9645,46334,3678
9646,46335,3678
9647,46336,3678
9648,46337,3678
9649,46340,3687
9650,46373,3722
9651,46374,3722
9652,46375,3722
9653,46378,3678
9654,46379,3678
9655,46380,3722
9656,46397,3555
9657,46401,3722
9658,46404,3554
9659,46410,3563
9660,46412,3563
9661,46414,3722
9662,46418,3678
9663,46420,2667
9664,46438,2663
9665,46449,3563
9666,46450,3547
9667,46456,3678
9668,46460,3722
9669,46466,3722
9670,46480,3554
9671,46485,3722
9672,46486,767
9673,46487,3722
9674,46488,3722
9675,46489,3722
9676,46490,3722
9677,46503,2663
9678,46512,2663
9679,46523,2663
9680,46526,3722
9681,46529,3722
9682,46530,3722
9683,46533,3722
9684,46535,3547
9685,46542,3678
9686,46556,3722
9687,46561,3722
9688,46562,3722
9689,46565,3722
9690,46581,2663
9691,46584,3678
9692,46587,3722
9693,46597,3722
9694,46599,2680
9695,46605,3678
9696,46606,3554
9697,46612,3722
9698,46616,3678
9699,46622,3678
9700,46628,3562
9701,46630,3554
9702,46642,3600
9703,46648,3722
9704,46651,3722
9705,46657,2663
9706,46663,3562
9707,46680,3722
9708,46689,3562
9709,46690,3562
9710,46692,3566
9711,46696,3678
9712,46698,3565
9713,46700,3722
9714,46715,3554
9715,46717,3678
9716,46720,3722
9717,46726,3722
9718,46727,3722
9719,46732,3722
9720,46733,3602
9721,46736,3566
9722,46744,3722
9723,46745,3722
9724,46746,3722
9725,46756,3566
9726,46760,2680
9727,46764,3566
9728,46767,3565
9729,46771,3566
9730,46774,2663
9731,46779,3566
9732,46781,3554
9733,46795,3554
9734,46799,3687
9735,46810,3722
9736,46811,3562
9737,46812,3562
9738,46819,3678
9739,46820,3722
9740,46822,3678
9741,46828,3685
9742,46834,3547
9743,46841,2663
9744,46844,3685
9745,46851,3554
9746,46852,3601
9747,46853,3550
9748,46854,3678
9749,46863,3566
9750,46870,3678
9751,46871,3722
9752,46872,3678
9753,46874,3722
9754,46875,3722
9755,46883,3600
9756,46885,3600
9757,46890,3678
9758,46893,3563
9759,46905,3678
9760,46908,2669
9761,46911,3563
9762,46913,3722
9763,46921,3687
9764,46948,3565
9765,46957,3600
9766,46959,3678
9767,46961,3685
9768,46964,3563
9769,46969,2669
9770,46980,3675
9771,47008,3722
9772,47010,3678
9773,47025,2663
9774,47034,3722
9775,47037,3678
9776,47052,3678
9777,47055,2644
9778,47060,3687
9779,47076,3722
9780,47077,2663
9781,47079,3678
9782,47085,3722
9783,47087,3678
9784,47088,3722
9785,47089,2663
9786,47092,3722
9787,47093,3722
9788,47113,3722
9789,47114,3678
9790,47122,3678
9791,47125,3678
9792,47133,3722
9793,47147,3562
9794,47157,3722
9795,47161,2667
9796,47168,3722
9797,47176,3722
9798,47177,3722
9799,47180,3554
9800,47183,3554
9801,47184,3554
9802,47185,3678
9803,47187,3678
9804,47189,3554
9805,47194,3685
9806,47199,767
9807,47206,3678
9808,47217,3722
9809,47219,3722
9810,47220,3678
9811,47221,3722
9812,47223,2669
9813,47240,3678
9814,47248,3554
9815,47264,3678
9816,47265,3722
9817,47268,3722
9818,47271,3722
9819,47293,3678
9820,47296,3678
9821,47297,2663
9822,47304,3722
9823,47306,3600
9824,47319,3554
9825,47320,3678
9826,47323,3586
9827,47326,3678
9828,47329,3722
9829,47341,3554
9830,47344,3722
9831,47345,3722
9832,47360,3563
9833,47361,767
9834,47367,3554
9835,47374,3678
9836,47375,3678
9837,47376,3678
9838,47385,3678
9839,47391,3551
9840,47400,3678
9841,47413,3722
9842,47414,2663
9843,47415,2663
9844,47416,3722
9845,47432,3722
9846,47433,3722
9847,47435,3678
9848,47439,3602
9849,47455,3563
9850,47456,2663
9851,47473,3678
9852,47482,3722
9853,47485,3678
9854,47502,3678
9855,47505,3722
9856,47514,3547
9857,47516,3722
9858,47517,3678
9859,47525,3547
9860,47529,3554
9861,47541,3722
9862,47542,3548
9863,47543,3563
9864,47545,3563
9865,47549,3722
9866,47550,3722
9867,47551,3722
9868,47553,2669
9869,47556,2669
9870,47586,2646
9871,47587,2663
9872,47589,3554
9873,47592,3562
9874,47599,2663
9875,47601,3563
9876,47603,3564
9877,47613,3678
9878,47615,3722
9879,47625,3722
9880,47634,3564
9881,47635,3722
9882,47648,3678
9883,47663,3722
9884,47664,3678
9885,47669,3722
9886,47671,3722
9887,47674,3562
9888,47681,3554
9889,47690,3722
9890,47697,3678
9891,47707,2663
9892,47710,3722
9893,47713,3722
9894,47717,3722
9895,47724,3678
9896,47725,3722
9897,47731,3678
9898,47738,3722
9899,47740,3678
9900,47743,3722
9901,47748,3563
9902,47772,3678
9903,47773,3678
9904,47777,3722
9905,47782,3547
9906,47789,3722
9907,47795,3722
9908,47799,3554
9909,47810,3722
9910,47816,3678
9911,47821,3722
9912,47825,3722
9913,47834,3547
9914,47837,3566
9915,47838,3562
9916,47839,3678
9917,47850,3722
9918,47851,3554
9919,47856,2663
9920,47857,3678
9921,47867,3678
9922,47874,3685
9923,47896,3605
9924,47901,3678
9925,47913,3722
9926,47916,3722
9927,47919,2669
9928,47944,3554
9929,47959,3554
9930,47962,3678
9931,47974,2663
9932,47975,2663
9933,47977,3678
9934,47981,3722
9935,47983,3678
9936,47990,3678
9937,47996,3554
9938,48006,3722
9939,48007,3678
9940,48008,3678
9941,48017,2663
9942,48019,3678
9943,48025,2663
9944,48028,3587
9945,48035,3722
9946,48037,3547
9947,48061,3678
9948,48062,3685
9949,48064,3685
9950,48074,3554
9951,48077,3554
9952,48079,3554
9953,48087,3722
9954,48089,3600
9955,48099,3547
9956,48102,3722
9957,48104,3722
9958,48106,3722
9959,48108,3722
9960,48111,2663
9961,48114,3566
9962,48121,2663
9963,48132,3666
9964,48133,3594
9965,48140,3562
9966,48142,3678
9967,48143,3566
9968,48147,3554
9969,48149,3566
9970,48154,3565
9971,48155,3554
9972,48156,3722
9973,48157,2663
9974,48160,3722
9975,48179,2663
9976,48180,3678
9977,48184,3722
9978,48185,3722
9979,48187,3563
9980,48188,3563
9981,48190,3563
9982,48195,3673
9983,48200,3678
9984,48202,3678
9985,48203,3554
9986,48208,3554
9987,48209,3554
9988,48211,3554
9989,48213,3722
9990,48218,2667
9991,48223,3566
9992,48239,3722
9993,48242,3722
9994,48243,3554
9995,48245,3563
9996,48247,3563
9997,48248,2646
9998,48250,3563
9999,48252,3563
10000,48256,3722
10001,48263,3722
10002,48271,3722
10003,48278,3722
10004,48279,3722
10005,48282,3555
10006,48285,3722
10007,48297,3554
10008,48321,3722
10009,48324,3722
10010,48336,3547
10011,48346,3678
10012,48360,3722
10013,48364,3722
10014,48378,3554
10015,48379,3722
10016,48385,3605
10017,48393,3678
10018,48396,3678
10019,48399,3685
10020,48419,3678
10021,48422,3678
10022,48433,3722
10023,48437,3678
10024,48445,3722
10025,48450,3587
10026,48462,3678
10027,48463,3678
10028,48476,3554
10029,48482,3547
10030,48486,3678
10031,48492,3602
10032,48495,3678
10033,48500,3678
10034,48501,767
10035,48502,3678
10036,48503,3722
10037,48510,3563
10038,48517,3554
10039,48519,3566
10040,48520,3685
10041,48521,2646
10042,48524,3562
10043,48526,3554
10044,48527,3600
10045,48535,3678
10046,48537,3565
10047,48539,3566
10048,48542,3547
10049,48545,3722
10050,48549,3722
10051,48551,3678
10052,48553,3722
10053,48554,3722
10054,48558,3722
10055,48563,2669
10056,48574,3722
10057,48582,3678
10058,48586,3678
10059,48589,3678
10060,48591,2663
10061,48597,2663
10062,48601,2646
10063,48613,3722
10064,48617,2663
10065,48630,3554
10066,48636,3562
10067,48639,3587
10068,48641,3685
10069,48648,3722
10070,48649,3722
10071,48659,3722
10072,48673,3554
10073,48677,3554
10074,48679,3566
10075,48681,3554
10076,48684,3554
10077,48688,3722
10078,48699,3722
10079,48700,3722
10080,48703,2663
10081,48715,3547
10082,48720,2663
10083,48726,3678
10084,48745,3557
10085,48750,3550
10086,48751,3554
10087,48759,2663
10088,48770,3563
10089,48774,3564
10090,48775,3722
10091,48777,3722
10092,48778,3722
10093,48787,3678
10094,48788,3554
10095,48789,3600
10096,48793,3554
10097,48798,3722
10098,48815,2667
10099,48817,3563
10100,48819,2669
10101,48820,3678
10102,48821,3563
10103,48822,3563
10104,48824,3564
10105,48825,3564
10106,48827,3678
10107,48829,3722
10108,48832,3722
10109,48833,3722
10110,48843,3722
10111,48851,3563
10112,48852,3722
10113,48859,3722
10114,48863,3678
10115,48867,3547
10116,48869,3678
10117,48870,3707
10118,48883,3674
10119,48886,3722
10120,48891,3722
10121,48900,3563
10122,48901,3563
10123,48903,3722
10124,48910,3678
10125,48918,3554
10126,48938,2663
10127,48941,3550
10128,48942,3678
10129,48952,3685
10130,48960,3678
10131,48966,3722
10132,48971,3554
10133,48972,3554
10134,48974,3554
10135,48975,3554
10136,48978,3684
10137,48994,3562
10138,48997,3722
10139,48998,3722
10140,49014,3554
10141,49020,3674
10142,49028,3678
10143,49034,3722
10144,49037,3594
10145,49039,3557
10146,49046,3678
10147,49059,3678
10148,49066,3678
10149,49067,3678
10150,49079,3722
10151,49092,3554
10152,49095,3678
10153,49097,2682
10154,49116,3563
10155,49120,3678
10156,49125,3554
10157,49132,767
10158,49139,3722
10159,49141,3722
10160,49142,3722
10161,49143,3722
10162,49146,2663
10163,49148,2663
10164,49149,3678
10165,49152,3554
10166,49159,3685
10167,49169,3678
10168,49172,3678
10169,49173,3678
10170,49180,3554
10171,49182,3554
10172,49184,3722
10173,49186,3563
10174,49188,3563
10175,49195,3554
10176,49207,3678
10177,49211,3678
10178,49220,3554
10179,49223,3550
10180,49228,3678
10181,49233,3722
10182,49239,3722
10183,49243,3678
10184,49248,3678
10185,49249,3678
10186,49250,3678
10187,49251,3678
10188,49270,3554
10189,49278,3722
10190,49280,3554
10191,49287,3594
10192,49289,3594
10193,49292,3554
10194,49297,3678
10195,49310,3554
10196,49315,3551
10197,49326,3678
10198,49327,3678
10199,49344,3678
10200,49347,3678
10201,49353,3722
10202,49357,3678
10203,49358,3564
10204,49363,3600
10205,49364,3722
10206,49369,3562
10207,49377,2663
10208,49378,2663
10209,49380,3722
10210,49385,3678
10211,49410,3678
10212,49430,3547
10213,49432,2669
10214,49438,3678
10215,49442,2663
10216,49446,3678
10217,49448,3678
10218,49454,3554
10219,49463,3722
10220,49470,3678
10221,49472,3554
10222,49482,3722
10223,49501,3722
10224,49504,3678
10225,49506,3678
10226,49512,3554
10227,49517,3554
10228,49520,3722
10229,49522,3547
10230,49533,3722
10231,49568,3565
10232,49569,3678
10233,49570,3678
10234,49571,3678
10235,49572,3678
10236,49573,3678
10237,49576,3722
10238,49589,3554
10239,49590,767
10240,49596,3566
10241,49599,3566
10242,49608,3547
10243,49610,3563
10244,49612,3547
10245,49615,3548
10246,49617,3722
10247,49618,3722
10248,49619,2663
10249,49626,3722
10250,49628,3722
10251,49629,3722
10252,49632,2663
10253,49640,3678
10254,49643,3591
10255,49646,3564
10256,49657,3722
10257,49663,3678
10258,49667,3678
10259,49668,3678
10260,49696,3566
10261,49697,3566
10262,49698,3554
10263,49701,3554
10264,49703,3566
10265,49710,3678
10266,49713,3722
10267,49716,3678
10268,49729,3563
10269,49738,2663
10270,49757,3722
10271,49758,3554
10272,49781,3678
10273,49782,3678
10274,49784,3678
10275,49788,3600
10276,49801,3722
10277,49806,3554
10278,49808,3722
10279,49813,3678
10280,49815,3722
10281,49823,3587
10282,49826,3554
10283,49829,3678
10284,49833,3722
10285,49834,3657
10286,49836,3722
10287,49840,3722
10288,49843,3722
10289,49844,3722
10290,49856,3678
10291,49865,3577
10292,49870,3722
10293,49873,3722
10294,49874,3678
10295,49895,3602
10296,49914,3678
10297,49924,3563
10298,49926,3678
10299,49927,3722
10300,49932,3678
10301,49936,3563
10302,49937,3554
10303,49938,3678
10304,49952,2663
10305,49953,3678
10306,49965,3678
10307,49970,3563
10308,49972,3564
10309,49981,2663
10310,49988,3563
10311,49989,3564
10312,49995,3722
10313,49997,2663
10314,50000,3722
10315,50016,3722
10316,50017,3678
10317,50030,3722
10318,50031,3554
10319,50033,3554
10320,50034,3563
10321,50043,3586
10322,50044,3586
10323,50048,3678
10324,50052,3547
10325,50056,3722
10326,50059,3673
10327,50075,3722
10328,50079,3678
10329,50080,3678
10330,50081,3678
10331,50083,3678
10332,50084,3678
10333,50096,3722
10334,50101,3678
10335,50102,3722
10336,50103,3722
10337,50104,3678
10338,50105,3678
10339,50106,3678
10340,50111,3678
10341,50129,3554
10342,50138,2663
10343,50164,3678
10344,50165,3554
10345,50170,3678
10346,50176,3586
10347,50178,3673
10348,50179,3678
10349,50185,3722
10350,50192,3722
10351,50193,3722
10352,50202,3554
10353,50217,3562
10354,50222,3678
10355,50224,3569
10356,50228,2663
10357,50229,2669
10358,50237,2663
10359,50245,3678
10360,50248,3678
10361,50252,3554
10362,50262,3678
10363,50263,3594
10364,50265,3557
10365,50275,2663
10366,50291,3722
10367,50299,3562
10368,50300,3562
10369,50308,3722
10370,50312,3550
10371,50313,3554
10372,50314,3605
10373,50316,3554
10374,50329,3722
10375,50331,3678
10376,50332,3550
10377,50338,3678
10378,50341,3722
10379,50343,3673
10380,50344,3554
10381,50346,3554
10382,50347,2663
10383,50350,3602
10384,50354,3554
10385,50359,3554
10386,50370,3722
10387,50371,3678
10388,50380,3678
10389,50387,3722
10390,50400,3722
10391,50403,3678
10392,50404,3678
10393,50407,3722
10394,50409,3722
10395,50420,3722
10396,50426,2646
10397,50427,3554
10398,50433,3722
10399,50439,3602
10400,50456,3678
10401,50459,3563
10402,50460,3563
10403,50467,3722
10404,50468,3554
10405,50469,3554
10406,50475,3563
10407,50476,3563
10408,50477,3678
10409,50478,3563
10410,50479,3563
10411,50480,3678
10412,50481,3722
10413,50487,3722
10414,50493,3722
10415,50494,3722
10416,50495,3678
10417,50496,3678
10418,50504,3722
10419,50514,3722
10420,50523,3587
10421,50533,3678
10422,50542,2663
10423,50543,3554
10424,50546,3722
10425,50553,3678
10426,50560,3554
10427,50565,3678
10428,50566,3722
10429,50570,3678
10430,50576,3562
10431,50578,3594
10432,50579,3557
10433,50587,3722
10434,50599,2663
10435,50601,3594
10436,50606,3678
10437,50607,3722
10438,50608,3722
10439,50609,3554
10440,50623,3554
10441,50630,3678
10442,50635,3685
10443,50636,3678
10444,50640,3666
10445,50641,3666
10446,50645,3722
10447,50658,2663
10448,50666,2644
10449,50668,3678
10450,50673,3722
10451,50676,3547
10452,50685,3722
10453,50689,3562
10454,50708,3678
10455,50709,3678
10456,50713,2663
10457,50717,3722
10458,50720,3722
10459,50725,3554
10460,50727,3678
10461,50732,3678
10462,50734,3566
10463,50738,3566
10464,50743,3722
10465,50744,3722
10466,50754,3554
10467,50780,2663
10468,50794,3722
10469,50796,3718
10470,50797,3704
10471,50798,3548
10472,50799,3678
10473,50800,3678
10474,50801,3678
10475,50803,3678
10476,50806,3516
10477,50812,3722
10478,50824,3566
10479,50830,3678
10480,50841,3722
10481,50843,3678
10482,50850,3566
10483,50859,3685
10484,50867,3678
10485,50868,3554
10486,50870,3554
10487,50871,3566
10488,50872,3565
10489,50873,3565
10490,50878,3566
10491,50881,3722
10492,50883,2683
10493,50884,2658
10494,50891,3722
10495,50892,3722
10496,50910,729
10497,50920,3554
10498,50927,3722
10499,50929,3678
10500,50938,3562
10501,50946,3722
10502,50950,3722
10503,50962,3554
10504,50970,3566
10505,50972,3566
10506,50974,3722
10507,50981,3548
10508,50982,3704
10509,51008,3722
10510,51027,3722
10511,51028,3547
10512,51029,2663
10513,51030,3722
10514,51046,3678
10515,51061,3722
10516,51070,3566
10517,51073,3566
10518,51075,3722
10519,51086,2663
10520,51090,3554
10521,51091,2663
10522,51094,2663
10523,51101,2646
10524,51103,3678
10525,51107,3704
10526,51108,3678
10527,51109,3678
10528,51110,3678
10529,51111,3678
10530,51139,3722
10531,51151,3722
10532,51154,3547
10533,51155,3554
10534,51157,3722
10535,51162,3566
10536,51167,3566
10537,51168,3566
10538,51169,3566
10539,51172,2646
10540,51180,2642
10541,51182,3551
10542,51186,3678
10543,51188,2642
10544,51196,3722
10545,51197,3722
10546,51198,3722
10547,51199,3722
10548,51202,3678
10549,51228,3678
10550,51232,3554
10551,51239,3678
10552,51240,2646
10553,51254,3722
10554,51256,2663
10555,51258,3722
10556,51260,3678
10557,51261,3554
10558,51267,3678
10559,51275,3554
10560,51277,3554
10561,51289,2663
10562,51294,3554
10563,51298,3550
10564,51299,3673
10565,51302,3722
10566,51303,3678
10567,51304,3678
10568,51305,3678
10569,51311,3722
10570,51334,3722
10571,51343,3678
10572,51345,3678
10573,51346,3600
10574,51354,3554
10575,51357,3554
10576,51363,3722
10577,51365,3554
10578,51369,2669
10579,51381,2642
10580,51388,3554
10581,51394,3678
10582,51395,3722
10583,51396,3674
10584,51397,3722
10585,51398,3678
10586,51399,3722
10587,51426,3562
10588,51430,2642
10589,51436,3678
10590,51441,3554
10591,51443,3547
10592,51444,2642
10593,51449,3722
10594,51454,3722
10595,51466,3678
10596,51470,3554
10597,51475,3554
10598,51477,3678
10599,51488,2669
10600,51498,3722
10601,51508,3722
10602,51515,3547
10603,51519,3678
10604,51529,3722
10605,51534,3554
10606,51536,3547
10607,51537,3562
10608,51548,3554
10609,51550,2663
10610,51557,3554
10611,51560,3678
10612,51565,3563
10613,51567,3563
10614,51568,3678
10615,51569,3564
10616,51576,3722
10617,51577,3565
10618,51578,2663
10619,51579,2663
10620,51582,2663
10621,51584,3678
10622,51585,3722
10623,51592,2669
10624,51594,3550
10625,51596,3601
10626,51598,3685
10627,51601,3547
10628,51602,3666
10629,51604,3722
10630,51606,2663
10631,51607,3722
10632,51608,3722
10633,51612,3722
10634,51614,3706
10635,51615,3722
10636,51616,3722
10637,51645,3678
10638,51646,3722
10639,51648,3548
10640,51659,3722
10641,51664,3586
10642,51680,3678
10643,51682,3554
10644,51689,3554
10645,51697,3678
10646,51709,3554
10647,51711,2663
10648,51716,3722
10649,51738,3554
10650,51739,3678
10651,51741,3722
10652,51746,3722
10653,51747,3722
10654,51748,3722
10655,51751,3722
10656,51758,2646
10657,51764,3554
10658,51768,3548
10659,51776,2646
10660,51777,3554
10661,51787,3722
10662,51788,3722
10663,51790,3678
10664,51794,2663
10665,51795,3678
10666,51796,3586
10667,51800,3673
10668,51805,3554
10669,51810,3678
10670,51814,3554
10671,51815,3586
10672,51817,3554
10673,51821,3554
10674,51823,3554
10675,51824,3554
10676,51825,3678
10677,51829,3722
10678,51830,3554
10679,51834,3678
10680,51836,3678
10681,51840,3722
10682,51842,3678
10683,51843,3722
10684,51844,3678
10685,51860,3673
10686,51871,2663
10687,51888,3678
10688,51891,2669
10689,51892,3554
10690,51893,3722
10691,51894,2669
10692,51896,3678
10693,51914,3554
10694,51920,2646
10695,51921,3678
10696,51922,3678
10697,51931,2646
10698,51936,3678
10699,51939,2663
10700,51960,3547
10701,51961,3554
10702,51962,3554
10703,51963,3722
10704,51973,3554
10705,51975,3722
10706,51976,3722
10707,51980,3722
10708,51981,3678
10709,51983,3722
10710,51984,3678
10711,51995,2646
10712,52009,3554
10713,52010,3722
10714,52011,3722
10715,52036,3722
10716,52037,3722
10717,52039,2669
10718,52046,3554
10719,52048,3554
10720,52065,3554
10721,52082,3722
10722,52095,3678
10723,52102,3722
10724,52103,3678
10725,52114,3604
10726,52120,2663
10727,52121,2669
10728,52127,3562
10729,52132,3554
10730,52135,3722
10731,52145,2642
10732,52152,3687
10733,52190,3678
10734,52191,3562
10735,52193,3562
10736,52198,3722
10737,52213,3678
10738,52217,3722
10739,52221,3678
10740,52222,3678
10741,52225,3673
10742,52226,3673
10743,52232,2663
10744,52233,3722
10745,52269,3722
10746,52274,3678
10747,52275,3550
10748,52280,3554
10749,52281,3601
10750,52283,3685
10751,52291,3554
10752,52292,2663
10753,52300,3722
10754,52302,3722
10755,52303,3722
10756,52304,3554
10757,52324,3678
10758,52325,3704
10759,52326,3678
10760,52328,3722
10761,52338,3722
10762,52347,3675
10763,52348,3675
10764,52362,3547
10765,52363,3722
10766,52364,3722
10767,52366,3678
10768,52368,3722
10769,52370,3722
10770,52375,3673
10771,52376,3673
10772,52386,3722
10773,52403,3600
10774,52406,3554
10775,52408,3547
10776,52413,3547
10777,52414,3685
10778,52415,3565
10779,52417,3566
10780,52429,3554
10781,52438,3554
10782,52439,3554
10783,52440,3678
10784,52456,2682
10785,52457,3566
10786,52458,3565
10787,52475,3551
10788,52480,3562
10789,52483,3566
10790,52484,3566
10791,52485,3587
10792,52492,3722
10793,52511,767
10794,52519,3673
10795,52520,3673
10796,52522,3722
10797,52524,2663
10798,52525,3586
10799,52542,3565
10800,52543,3678
10801,52545,3554
10802,52554,3722
10803,52558,3678
10804,52561,3563
10805,52562,3678
10806,52567,3563
10807,52569,3678
10808,52572,3722
10809,52575,3722
10810,52589,3722
10811,52606,3678
10812,52607,3678
10813,52610,3722
10814,52611,3722
10815,52620,3563
10816,52621,3563
10817,52623,3563
10818,52625,3563
10819,52627,3817
10820,52629,3562
10821,52630,3722
10822,52662,2663
10823,52672,3678
10824,52676,3678
10825,52678,3817
10826,52689,3554
10827,52706,3678
10828,52709,3722
10829,52713,3562
10830,52718,3722
10831,52724,3722
10832,52733,3722
10833,52736,3722
10834,52743,2669
10835,52750,3656
10836,52754,3678
10837,52755,3678
10838,52756,3678
10839,52758,3678
10840,52773,3561
10841,52776,3566
10842,52779,3565
10843,52781,3722
10844,52786,3563
10845,52787,3563
10846,52794,2663
10847,52795,3722
10848,52799,3687
10849,52804,3722
10850,52805,3564
10851,52808,3563
10852,52810,3554
10853,52812,3678
10854,52813,3678
10855,52814,3722
10856,52815,3678
10857,52836,3722
10858,52843,3678
10859,52846,3722
10860,52847,3547
10861,52853,3722
10862,52854,3722
10863,52855,3722
10864,52867,3678
10865,52869,3566
10866,52870,2663
10867,52872,2663
10868,52885,3678
10869,52890,3600
10870,52908,3562
10871,52911,3554
10872,52915,2669
10873,52919,3678
10874,52926,3722
10875,52928,3678
10876,52934,3722
10877,52936,3678
10878,52937,3722
10879,52938,3600
10880,52939,3722
10881,52940,3722
10882,52942,3722
10883,52943,3722
10884,52958,3563
10885,52960,3673
10886,52963,2663
10887,52967,3722
10888,52975,3563
10889,52990,2663
10890,52996,3554
10891,53001,3722
10892,53011,3722
10893,53022,3722
10894,53027,3673
10895,53029,3673
10896,53036,3678
10897,53037,3551
10898,53038,3678
10899,53046,3678
10900,53047,3563
10901,53051,3563
10902,53053,3563
10903,53055,3554
10904,53062,3678
10905,53074,3678
10906,53078,3554
10907,53086,3547
10908,53087,3547
10909,53089,3722
10910,53090,3722
10911,53091,3678
10912,53105,3566
10913,53108,3678
10914,53116,3554
10915,53121,3678
10916,53122,3554
10917,53128,3562
10918,53138,3554
10919,53143,3722
10920,53144,3554
10921,53147,3547
10922,53150,3554
10923,53153,3678
10924,53155,3554
10925,53157,3550
10926,53158,3685
10927,53176,2646
10928,53178,3554
10929,53180,3678
10930,53184,3678
10931,53185,2663
10932,53186,3563
10933,53187,3563
10934,53193,3554
10935,53208,3563
10936,53220,3554
10937,53224,3678
10938,53225,3600
10939,53226,3678
10940,53230,3547
10941,53235,3678
10942,53236,2663
10943,53241,3722
10944,53245,3554
10945,53246,3678
10946,53255,3722
10947,53258,3685
10948,53268,3548
10949,53269,3550
10950,53299,3678
10951,53302,3678
10952,53303,3678
10953,53313,3678
10954,53334,3554
10955,53349,3673
10956,53350,3685
10957,53351,3673
10958,53355,3722
10959,53358,3678
10960,53361,2663
10961,53363,2669
10962,53368,2663
10963,53377,3554
10964,53378,3562
10965,53379,3722
10966,53381,3678
10967,53388,3554
10968,53394,3722
10969,53396,3722
10970,53399,3564
10971,53404,3678
10972,53410,3602
10973,53412,3722
10974,53413,3817
10975,53418,3673
10976,53422,3563
10977,53424,3601
10978,53425,3678
10979,53426,3722
10980,53427,2663
10981,53432,3678
10982,53434,3566
10983,53451,3554
10984,53452,3678
10985,53456,3547
10986,53458,2663
10987,53463,3678
10988,53466,2663
10989,53473,3722
10990,53476,3722
10991,53479,3554
10992,53486,3547
10993,53487,3817
10994,53489,3554
10995,53496,3678
10996,53497,3678
10997,53498,3678
10998,53513,3673
10999,53519,3722
11000,53520,3722
11001,53521,3722
11002,53522,3678
11003,53523,3722
11004,53545,3673
11005,53548,3673
11006,53563,3678
11007,53569,3678
11008,53570,3554
11009,53571,3678
11010,53573,3722
11011,53588,2663
11012,53594,2663
11013,53598,3678
11014,53603,3678
11015,53606,3685
11016,53615,3678
11017,53620,3554
11018,53624,3554
11019,53640,3563
11020,53658,3722
11021,53677,3563
11022,53681,3722
11023,53683,2663
11024,53689,3563
11025,53696,3722
11026,53705,3722
11027,53706,3722
11028,53708,3722
11029,53712,3564
11030,53718,3678
11031,53722,3554
11032,53723,3554
11033,53724,3562
11034,53732,3722
11035,53733,3550
11036,53736,3685
11037,53743,3722
11038,53744,3678
11039,53745,3678
11040,53746,3678
11041,53764,3554
11042,53771,3554
11043,53774,3722
11044,53786,3678
11045,53795,3562
11046,53799,3566
11047,53800,2663
11048,53801,2663
11049,53805,3566
11050,53807,2663
11051,53808,3566
11052,53809,3566
11053,53811,3817
11054,53816,3554
11055,53820,3547
11056,53821,3722
11057,53822,3722
11058,53823,3722
11059,53825,3722
11060,53829,3678
11061,53831,3722
11062,53839,3554
11063,53841,2663
11064,53843,3673
11065,53848,3678
11066,53851,3678
11067,53854,3678
11068,53857,3554
11069,53859,3563
11070,53864,3550
11071,53865,3554
11072,53882,3554
11073,53885,3722
11074,53886,2663
11075,53888,2663
11076,53906,2663
11077,53908,3554
11078,53913,2683
11079,53914,3678
11080,53918,3678
11081,53923,3547
11082,53925,3722
11083,53926,3722
11084,53928,3722
11085,53931,3722
11086,53932,3722
11087,53965,3722
11088,53970,3678
11089,53976,3547
11090,53999,3722
11091,54010,3554
11092,54018,2663
11093,54025,3678
11094,54036,3563
11095,54037,3564
11096,54044,3817
11097,54048,3722
11098,54057,3722
11099,54064,3718
11100,54065,3678
11101,54070,2663
11102,54072,3722
11103,54081,3554
11104,54084,3678
11105,54090,3722
11106,54091,3722
11107,54093,2663
11108,54097,3554
11109,54098,3678
11110,54099,3722
11111,54101,3722
11112,54102,3678
11113,54104,3722
11114,54114,3673
11115,54118,3554
11116,54120,3722
11117,54122,3722
11118,54123,3547
11119,54140,3678
11120,54145,3722
11121,54151,2663
11122,54153,3563
11123,54159,3563
11124,54160,3563
11125,54161,3564
11126,54162,3685
11127,54174,3678
11128,54177,3678
11129,54188,2646
11130,54189,3554
11131,54191,3554
11132,54193,3722
11133,54206,2663
11134,54215,3678
11135,54236,3685
11136,54238,3554
11137,54239,3565
11138,54242,3566
11139,54243,3722
11140,54247,3562
11141,54251,2663
11142,54252,2663
11143,54253,2663
11144,54263,3554
11145,54266,3722
11146,54280,3722
11147,54283,3722
11148,54285,3722
11149,54286,3722
11150,54287,3722
11151,54302,3554
11152,54303,3554
11153,54306,2669
11154,54307,3554
11155,54315,3678
11156,54317,2663
11157,54332,3678
11158,54336,3600
11159,54337,2663
11160,54345,3678
11161,54348,3678
11162,54350,3678
11163,54352,3678
11164,54353,3678
11165,54360,3601
11166,54379,2663
11167,54380,3678
11168,54381,3678
11169,54398,3554
11170,54405,3547
11171,54407,3722
11172,54422,3722
11173,54438,3722
11174,54440,3722
11175,54449,3722
11176,54454,3722
11177,54463,3678
11178,54465,3722
11179,54473,3554
11180,54479,3602
11181,54490,3722
11182,54500,3554
11183,54505,3685
11184,54513,3678
11185,54525,3554
11186,54537,3678
11187,54538,3554
11188,54542,3678
11189,54543,3685
11190,54545,3587
11191,54546,2663
11192,54551,3678
11193,54553,3550
11194,54563,3678
11195,54567,3722
11196,54574,3678
11197,54576,3722
11198,54579,2663
11199,54602,3678
11200,54607,3678
11201,54614,3722
11202,54622,3722
11203,54623,3587
11204,54625,3563
11205,54626,3563
11206,54642,3563
11207,54643,3564
11208,54647,2663
11209,54652,3554
11210,54654,3554
11211,54659,2663
11212,54660,2663
11213,54663,3554
11214,54664,3554
11215,54667,2663
11216,54668,3722
11217,54670,2663
11218,54672,2663
11219,54673,2663
11220,54674,2663
11221,54678,2663
11222,54679,3678
11223,54680,3678
11224,54687,2663
11225,54690,2663
11226,54691,3554
11227,54695,3562
11228,54708,3722
11229,54709,2663
11230,54710,2663
11231,54718,3722
11232,54719,2663
11233,54725,2663
11234,54726,2663
11235,54728,3722
11236,54734,2663
11237,54741,3678
11238,54745,767
11239,54746,3722
11240,54750,3673
11241,54753,2669
11242,54754,2663
11243,54758,3554
11244,54759,2663
11245,54768,3678
11246,54774,3722
11247,54779,2663
11248,54782,3678
11249,54785,3678
11250,54798,3563
11251,54799,3564
11252,54802,3564
11253,54807,3722
11254,54815,3722
11255,54819,3673
11256,54823,3722
11257,54828,3722
11258,54830,3722
11259,54836,3554
11260,54842,3554
11261,54849,3554
11262,54855,3722
11263,54860,3678
11264,54866,3678
11265,54867,3722
11266,54868,3722
11267,54871,2663
11268,54873,3678
11269,54883,2663
11270,54895,2663
11271,54899,2663
11272,54902,3548
11273,54903,3554
11274,54917,3678
11275,54918,3554
11276,54931,3554
11277,54935,2663
11278,54936,3554
11279,54938,2663
11280,54944,2664
11281,54950,2663
11282,54960,3678
11283,54963,2663
11284,54967,3722
11285,54971,3722
11286,54972,3722
11287,54973,3722
11288,54974,3722
11289,54975,3722
11290,54976,3722
11291,54977,3722
11292,54978,3722
11293,54979,3722
11294,54980,3722
11295,54981,3722
11296,54982,3722
11297,54983,3722
11298,54999,2663
11299,55012,3722
11300,55028,3554
11301,55029,3678
11302,55038,2663
11303,55048,2663
11304,55056,3678
11305,55059,2663
11306,55061,2669
11307,55066,2646
11308,55070,2646
11309,55080,3678
11310,55083,2663
11311,55084,2663
11312,55095,3678
11313,55103,2663
11314,55107,2663
11315,55110,3678
11316,55114,2663
11317,55119,3722
11318,55123,3722
11319,55128,2663
11320,55130,2663
11321,55139,2663
11322,55145,2663
11323,55155,3722
11324,55159,3554
11325,55162,3722
11326,55164,3554
11327,55165,3678
11328,55168,3722
11329,55184,3678
11330,55185,3722
11331,55186,3722
11332,55188,2663
11333,55201,3678
11334,55207,3562
11335,55212,2663
11336,55213,2669
11337,55217,3678
11338,55220,2663
11339,55227,3554
11340,55234,2663
11341,55237,3722
11342,55242,3678
11343,55243,3678
11344,55246,3554
11345,55247,3554
11346,55249,3563
11347,55251,3564
11348,55252,3563
11349,55253,3564
11350,55254,3554
11351,55263,2667
11352,55264,2663
11353,55266,3562
11354,55278,2663
11355,55279,767
11356,55292,3722
11357,55305,3554
11358,55312,3678
11359,55318,3562
11360,55322,3562
11361,55325,3554
11362,55326,3722
11363,55331,3678
11364,55332,3678
11365,55339,3722
11366,55346,3678
11367,55352,3722
11368,55364,3547
11369,55367,3554
11370,55378,3722
11371,55388,3722
11372,55389,3678
11373,55396,2663
11374,55398,3722
11375,55400,3722
11376,55401,3722
11377,55403,3678
11378,55404,3722
11379,55405,3554
11380,55407,2682
11381,55408,3566
11382,55409,3600
11383,55410,3722
11384,55420,2663
11385,55421,3554
11386,55423,3563
11387,55425,3554
11388,55428,2669
11389,55433,3554
11390,55440,3678
11391,55446,3685
11392,55454,3722
11393,55456,3554
11394,55458,3722
11395,55460,2663
11396,55465,2663
11397,55467,2663
11398,55480,2663
11399,55481,3678
11400,55482,2663
11401,55483,3678
11402,55485,2663
11403,55501,3675
11404,55503,3673
11405,55504,3673
11406,55505,3673
11407,55506,3673
11408,55508,3675
11409,55509,3554
11410,55510,3678
11411,55513,3566
11412,55514,3565
11413,55515,3566
11414,55516,3565
11415,55517,3673
11416,55518,3562
11417,55526,3722
11418,55534,3554
11419,55539,3547
11420,55544,3678
11421,55545,2663
11422,55553,3554
11423,55569,3554
11424,55593,3722
11425,55594,2663
11426,55598,3554
11427,55605,2663
11428,55611,3554
11429,55616,3678
11430,55620,3678
11431,55621,3678
11432,55622,3678
11433,55626,3722
11434,55628,3562
11435,55629,3605
11436,55635,3554
11437,55637,3722
11438,55639,3722
11439,55645,3566
11440,55647,3722
11441,55648,3722
11442,55649,3565
11443,55652,3554
11444,55654,3566
11445,55655,2646
11446,55657,3722
11447,55659,3722
11448,55663,3722
11449,55664,3678
11450,55665,3554
11451,55667,2663
11452,55673,2663
11453,55674,2669
11454,55675,3722
11455,55682,3722
11456,55683,3554
11457,55685,3722
11458,55699,3563
11459,55701,3566
11460,55703,3722
11461,55710,3678
11462,55712,3722
11463,55713,3722
11464,55716,2663
11465,55717,2663
11466,55727,2663
11467,55729,3678
11468,55731,2663
11469,55732,3554
11470,55733,3558
11471,55734,2663
11472,55740,2663
11473,55752,3722
11474,55753,3554
11475,55755,2663
11476,55756,2663
11477,55760,3685
11478,55764,2663
11479,55769,3722
11480,55773,3722
11481,55777,2663
11482,55783,2663
11483,55785,3722
11484,55786,3678
11485,55789,3722
11486,55790,3566
11487,55804,3722
11488,55808,3722
11489,55812,3566
11490,55814,3678
11491,55817,3554
11492,55818,3565
11493,55832,3554
11494,55836,3555
11495,55838,3563
11496,55844,3722
11497,55862,3547
11498,55864,3722
11499,55865,3722
11500,55866,3722
11501,55871,3722
11502,55872,3722
11503,55873,3722
11504,55874,2663
11505,55875,3565
11506,55876,3566
11507,55877,2663
11508,55888,3554
11509,55891,3722
11510,55892,3722
11511,55894,3678
11512,55915,3554
11513,55958,3722
11514,55959,3562
11515,55961,3722
11516,55962,3722
11517,55967,3722
11518,55968,3554
11519,55969,2663
11520,55974,3722
11521,55976,3722
11522,55979,3722
11523,55980,3722
11524,55983,3722
11525,55984,3587
11526,55985,2663
11527,55987,2663
11528,55991,3586
11529,55993,3562
11530,55994,3562
11531,56001,3563
11532,56003,3564
11533,56004,3563
11534,56010,3685
11535,56023,3554
11536,56024,3554
11537,56031,2663
11538,56033,2663
11539,56034,2663
11540,56035,3563
11541,56037,3722
11542,56040,3722
11543,56044,2663
11544,56045,2663
11545,56059,2663
11546,56069,3722
11547,56077,2663
11548,56079,3562
11549,56082,2663
11550,56089,2663
11551,56097,3554
11552,56099,3675
11553,56105,767
11554,56106,767
11555,56108,3722
11556,56110,3722
11557,56111,3722
11558,56112,3722
11559,56113,3678
11560,56114,2663
11561,56118,2663
11562,56121,2669
11563,56127,3678
11564,56131,3678
11565,56136,3678
11566,56145,3554
11567,56148,3722
11568,56149,3722
11569,56151,3563
11570,56172,3554
11571,56180,3678
11572,56182,3554
11573,56188,3554
11574,56198,3673
11575,56209,3678
11576,56212,3722
11577,56213,3562
11578,56214,3562
11579,56215,3722
11580,56216,2663
11581,56222,3550
11582,56227,3554
11583,56229,3722
11584,56231,3722
11585,56236,3817
11586,56238,3554
11587,56241,2663
11588,56244,2667
11589,56248,3722
11590,56250,3554
11591,56251,3554
11592,56264,2663
11593,56271,3678
11594,56272,3722
11595,56279,3678
11596,56281,3594
11597,56284,3666
11598,56288,3678
11599,56290,3557
11600,56299,3554
11601,56302,3554
11602,56316,3557
11603,56335,3554
11604,56339,3685
11605,56343,3678
11606,56344,3678
11607,56345,3722
11608,56347,3554
11609,56348,3554
11610,56352,3566
11611,56353,3678
11612,56355,3554
11613,56359,3678
11614,56368,3566
11615,56373,3678
11616,56374,3722
11617,56375,2663
11618,56378,3685
11619,56380,3550
11620,56383,3722
11621,56386,3722
11622,56387,3722
11623,56389,3722
11624,56390,3722
11625,56397,2663
11626,56403,3555
11627,56407,2663
11628,56416,3722
11629,56421,2663
11630,56424,3554
11631,56425,2663
11632,56429,3601
11633,56501,2663
11634,56502,2669
11635,56504,3547
11636,56519,3678
11637,56520,3550
11638,56535,3562
11639,56536,2663
11640,56537,3600
11641,56539,3722
11642,56540,3722
11643,56542,2663
11644,56543,2663
11645,56545,3722
11646,56547,2669
11647,56553,3565
11648,56554,3566
11649,56556,2646
11650,56565,3554
11651,56571,3678
11652,56574,2663
11653,56576,3722
11654,56589,3678
11655,56596,2663
11656,56598,3566
11657,56599,3554
11658,56600,3554
11659,56603,3563
11660,56604,2663
11661,56606,2663
11662,56609,3722
11663,56614,3563
11664,56616,3722
11665,56621,3554
11666,56625,2663
11667,56633,3601
11668,56636,3678
11669,56637,3678
11670,56661,3722
11671,56662,3722
11672,56663,3722
11673,56678,3678
11674,56689,2663
11675,56696,3554
11676,56699,3722
11677,56704,3554
11678,56706,3554
11679,56710,3722
11680,56742,3678
11681,56749,2663
11682,56753,2663
11683,56760,2663
11684,56761,2663
11685,56763,3678
11686,56768,2663
11687,56769,3722
11688,56783,3678
11689,56787,2663
11690,56790,3678
11691,56793,3722
11692,56808,3678
11693,56810,3722
11694,56822,3562
11695,56823,3562
11696,56829,2663
11697,56839,3657
11698,56841,3722
11699,56842,3722
11700,56849,3554
11701,56851,3563
11702,56852,3722
11703,56865,3685
11704,56870,3554
11705,56873,3685
11706,56884,3554
11707,56899,3685
11708,56901,2663
11709,56904,3600
11710,56919,2682
11711,56923,3722
11712,56924,3722
11713,56925,3722
11714,56929,3554
11715,56931,3657
11716,56940,3678
11717,56947,2663
11718,56955,3563
11719,56956,3673
11720,56965,2663
11721,56966,2663
11722,56970,3687
11723,56971,3722
11724,56997,3722
11725,57000,3554
11726,57002,3554
11727,57004,3722
11728,57011,3554
11729,57012,3600
11730,57013,2663
11731,57014,3554
11732,57019,3563
11733,57024,3547
11734,57025,2663
11735,57027,3587
11736,57028,3718
11737,57039,3563
11738,57049,3678
11739,57053,2663
11740,57056,3722
11741,57058,3722
11742,57065,3564
11743,57074,3557
11744,57079,3554
11745,57082,3554
11746,57084,3554
11747,57085,2663
11748,57090,3678
11749,57099,2663
11750,57105,2663
11751,57106,2663
11752,57112,3601
11753,57114,3678
11754,57115,3678
11755,57134,3547
11756,57137,3722
11757,57138,2663
11758,57140,2663
11759,57142,2663
11760,57146,3566
11761,57148,3722
11762,57149,2663
11763,57161,3554
11764,57166,3554
11765,57167,2663
11766,57170,2663
11767,57182,3722
11768,57186,2663
11769,57190,3722
11770,57197,3678
11771,57199,2663
11772,57200,3685
11773,57208,3601
11774,57217,3601
11775,57218,3722
11776,57219,3722
11777,57220,3722
11778,57221,3678
11779,57223,3678
11780,57225,3722
11781,57226,3678
11782,57234,2663
11783,57237,3565
11784,57240,3722
11785,57249,2663
11786,57252,3678
11787,57261,3678
11788,57265,2663
11789,57267,3678
11790,57270,3554
11791,57273,3554
11792,57277,3554
11793,57281,3722
11794,57282,3722
11795,57283,2663
11796,57284,3554
11797,57291,3722
11798,57292,2663
11799,57306,3678
11800,57308,3722
11801,57312,3722
11802,57314,3678
11803,57316,3550
11804,57319,3678
11805,57331,3555
11806,57334,3722
11807,57337,2663
11808,57348,2663
11809,57350,3722
11810,57354,3600
11811,57355,3678
11812,57363,3678
11813,57373,3678
11814,57377,2663
11815,57395,3554
11816,57406,3722
11817,57415,3678
11818,57420,3554
11819,57426,3554
11820,57439,3554
11821,57449,3678
11822,57472,3722
11823,57475,3722
11824,57476,3722
11825,57477,3722
11826,57478,3722
11827,57481,2663
11828,57487,3722
11829,57495,3678
11830,57496,3554
11831,57498,3678
11832,57501,3554
11833,57504,3722
11834,57505,3678
11835,57514,2663
11836,57518,3722
11837,57521,2663
11838,57526,3554
11839,57527,2663
11840,57528,2663
11841,57529,3722
11842,57534,2663
11843,57536,3678
11844,57537,2663
11845,57547,3678
11846,57551,3722
11847,57555,3555
11848,57556,2663
11849,57558,3555
11850,57566,3600
11851,57567,3555
11852,57570,3565
11853,57579,3566
11854,57594,3678
11855,57595,3722
11856,57608,3817
11857,57617,2663
11858,57618,2663
11859,57619,2663
11860,57621,2663
11861,57622,3566
11862,57623,3678
11863,57625,3678
11864,57636,3678
11865,57637,2663
11866,57638,2669
11867,57650,3722
11868,57656,3554
11869,57660,2663
11870,57675,3722
11871,57700,3554
11872,57702,2663
11873,57707,3554
11874,57708,2669
11875,57714,2663
11876,57715,2663
11877,57718,3678
11878,57720,3722
11879,57721,2663
11880,57725,3550
11881,57732,3563
11882,57733,3563
11883,57757,3554
11884,57761,3554
11885,57766,3550
11886,57772,3554
11887,57775,3554
11888,57784,2663
11889,57787,3550
11890,57789,2669
11891,57793,3678
11892,57798,3678
11893,57811,3566
11894,57812,3678
11895,57814,3722
11896,57817,3678
11897,57824,3554
11898,57825,3678
11899,57826,3554
11900,57842,3678
11901,57845,3601
11902,57846,3722
11903,57849,3678
11904,57852,3817
11905,57853,3722
11906,57857,3554
11907,57872,3554
11908,57874,3547
11909,57875,2669
11910,57878,3554
11911,57879,3550
11912,57881,3678
11913,57882,3550
11914,57891,3554
11915,57894,3722
11916,57896,2663
11917,57899,2663
11918,57910,3722
11919,57911,3722
11920,57915,3722
11921,57916,3722
11922,57934,3678
11923,57935,3550
11924,57939,2663
11925,57953,3678
11926,57958,3678
11927,57964,767
11928,57968,3562
11929,57970,2663
11930,57973,3554
11931,57974,3722
11932,57993,3678
11933,58000,3554
11934,58002,3678
11935,58003,3722
11936,58006,2663
11937,58010,3722
11938,58013,3586
11939,58018,3678
11940,58019,3722
11941,58020,3722
11942,58022,3722
11943,58026,3722
11944,58031,2663
11945,58033,2663
11946,58035,2663
11947,58063,3722
11948,58069,3554
11949,58073,2658
11950,58080,3678
11951,58089,2663
11952,58100,3722
11953,58101,3554
11954,58103,3554
11955,58113,3554
11956,58115,3550
11957,58120,3554
11958,58123,3678
11959,58125,2663
11960,58126,2663
11961,58132,3722
11962,58144,3554
11963,58161,3722
11964,58163,3600
11965,58164,3722
11966,58171,3722
11967,58175,3722
11968,58192,3722
11969,58202,3554
11970,58218,3722
11971,58219,3722
11972,58220,3722
11973,58221,3722
11974,58222,3562
11975,58240,3678
11976,58250,3678
11977,58255,3554
11978,58270,3587
11979,58271,3554
11980,58272,3678
11981,58275,2663
11982,58286,3678
11983,58290,3550
11984,58296,2667
11985,58301,2663
11986,58305,3678
11987,58308,3678
11988,58310,2663
11989,58312,3554
11990,58316,3722
11991,58318,3678
11992,58319,3678
11993,58320,3678
11994,58323,3678
11995,58326,2663
11996,58329,3722
11997,58333,2682
11998,58339,3554
11999,58341,3678
12000,58346,3678
12001,58347,3722
12002,58358,3678
12003,58363,3722
12004,58365,3554
12005,58368,3722
12006,58371,3566
12007,58372,2669
12008,58377,3566
12009,58383,3565
12010,58385,3565
12011,58405,3722
12012,58411,3722
12013,58412,3722
12014,58426,3678
12015,58427,3678
12016,58428,3678
12017,58429,3678
12018,58430,3678
12019,58431,3678
12020,58432,3678
12021,58433,3554
12022,58442,3562
12023,58443,3554
12024,58444,3722
12025,58446,3722
12026,58447,3554
12027,58448,3601
12028,58449,3554
12029,58461,3722
12030,58463,3722
12031,58469,3554
12032,58473,2663
12033,58476,2682
12034,58481,3722
12035,58495,3722
12036,58496,3554
12037,58501,3600
12038,58505,3678
12039,58509,2663
12040,58511,3722
12041,58512,3554
12042,58519,2663
12043,58541,3722
12044,58546,3678
12045,58556,3685
12046,58558,3722
12047,58562,3678
12048,58572,3562
12049,58580,3600
12050,58581,2663
12051,58584,3722
12052,58585,3722
12053,58587,3600
12054,58598,3678
12055,58603,3554
12056,58609,3722
12057,58612,3685
12058,58629,3722
12059,58633,3566
12060,58634,3566
12061,58635,3678
12062,58639,3554
12063,58656,3722
12064,58661,3678
12065,58672,3722
12066,58673,3722
12067,58676,3678
12068,58677,3722
12069,58680,3547
12070,58694,3602
12071,58706,3722
12072,58728,3678
12073,58733,3678
12074,58744,3678
12075,58754,3554
12076,58768,3554
12077,58770,3550
12078,58774,3554
12079,58798,2682
12080,58799,3657
12081,58815,3678
12082,58816,3550
12083,58847,3722
12084,58849,3722
12085,58875,3722
12086,58912,2663
12087,58948,3673
12088,58949,3673
12089,58950,3673
12090,58954,3678
12091,58970,3685
12092,58980,3562
12093,58981,3562
12094,58985,3554
12095,58991,3722
12096,58995,3547
12097,58998,3722
12098,59041,3554
12099,59062,3722
12100,59064,3722
12101,59065,767
12102,59066,3722
12103,59069,3678
12104,59070,3678
12105,59071,3678
12106,59072,3722
12107,59073,2663
12108,59076,3554
12109,59079,3678
12110,59110,3554
12111,59112,3722
12112,59119,3554
12113,59121,3554
12114,59125,3548
12115,59133,3550
12116,59149,3566
12117,59154,3554
12118,59164,3678
12119,59166,2663
12120,59168,3722
12121,59176,3678
12122,59180,3678
12123,59185,2662
12124,59186,3722
12125,59187,767
12126,59189,3722
12127,59219,3554
12128,59229,3678
12129,59242,3656
12130,59250,3554
12131,59256,3554
12132,59262,3554
12133,59264,3554
12134,59268,3554
12135,59276,3601
12136,59294,3566
12137,59303,3547
12138,59308,3673
12139,59309,3673
12140,59314,3673
12141,59316,3673
12142,59326,3566
12143,59328,3566
12144,59334,3722
12145,59344,3554
12146,59352,3554
12147,59366,3722
12148,59381,3722
12149,59382,3678
12150,59385,3678
12151,59386,3562
12152,59389,3554
12153,59402,3678
12154,59406,3722
12155,59409,3675
12156,59413,3673
12157,59414,3673
12158,59415,3673
12159,59418,3678
12160,59421,3678
12161,59425,3678
12162,59433,3678
12163,59458,3554
12164,59464,3722
12165,59492,3697
12166,59500,3722
12167,59508,3554
12168,59521,3554
12169,59525,3602
12170,59526,3600
12171,59533,3678
12172,59541,3554
12173,59547,3678
12174,59555,3706
12175,59560,3678
12176,59579,3678
12177,59584,3547
12178,59586,3722
12179,59588,3722
12180,59592,3678
12181,59601,3678
12182,59613,3554
12183,59622,3722
12184,59648,2663
12185,59655,3722
12186,59661,3722
12187,59666,3722
12188,59668,3554
12189,59670,3554
12190,59708,3722
12191,59709,3722
12192,59714,2642
12193,59717,3722
12194,59723,3554
12195,59727,3722
12196,59736,2663
12197,59737,2669
12198,59738,3554
12199,59742,3722
12200,59749,2663
12201,59753,3722
12202,59758,3722
12203,59760,3722
12204,59761,3722
12205,59763,3722
12206,59768,3722
12207,59769,3722
12208,59777,3722
12209,59780,3722
12210,59782,3722
12211,59794,2663
12212,59798,2663
12213,59804,3722
12214,59806,2663
12215,59807,3554
12216,59808,3554
12217,59809,3722
12218,59811,2663
12219,59812,2663
12220,59814,3554
12221,59819,3554
12222,59820,2682
12223,59832,2663
12224,59835,3678
12225,59836,3722
12226,59838,3722
12227,59846,3722
12228,59848,3722
12229,59852,3722
12230,59854,3554
12231,59855,2663
12232,59856,2663
12233,59857,3722
12234,59860,3722
12235,59869,3722
12236,59870,3722
12237,59876,3722
12238,59882,3554
12239,59886,3554
12240,59896,3684
12241,59901,3722
12242,59902,3554
12243,59903,3678
12244,59904,3722
12245,59905,3554
12246,59907,3722
12247,59918,3678
12248,59922,3554
12249,59923,3554
12250,59924,3678
12251,59926,3678
12252,59929,3678
12253,59930,3554
12254,59933,3554
12255,59943,3554
12256,59945,3678
12257,59946,3722
12258,59957,3722
12259,59962,3722
12260,59966,3722
12261,59976,3722
12262,59978,3722
12263,59980,3722
12264,59991,3547
12265,59996,3722
12266,59999,3678
12267,60009,3678
12268,60010,3722
12269,60011,3722
12270,60020,2663
12271,60023,2663
12272,60024,3722
12273,60026,3554
12274,60030,3554
12275,60031,3722
12276,60032,3685
12277,60033,3554
12278,60039,3554
12279,60045,3722
12280,60049,3678
12281,60059,3678
12282,60064,3722
12283,60067,3554
12284,60069,3554
12285,60073,2642
12286,60074,3722
12287,60075,3722
12288,60076,3722
12289,60077,3554
12290,60082,3554
12291,60085,3554
12292,60086,3678
12293,60087,3602
12294,60088,3722
12295,60089,3554
12296,60091,3722
12297,60106,3817
12298,60109,3722
12299,60123,3722
12300,60127,3722
12301,60131,3547
12302,60137,3600
12303,60138,3722
12304,60139,3678
12305,60141,3722
12306,60142,2663
12307,60143,2663
12308,60144,2663
12309,60147,2663
12310,60148,2663
12311,60150,2663
12312,60151,3554
12313,60152,3722
12314,60153,3678
12315,60154,3678
12316,60159,3562
12317,60173,2663
12318,60180,3678
12319,60183,3554
12320,60190,2663
12321,60203,3547
12322,60205,3678
12323,60206,3678
12324,60207,2669
12325,60228,3722
12326,60230,3722
12327,60233,3678
12328,60234,3547
12329,60238,3722
12330,60245,3678
12331,60253,2683
12332,60255,3656
12333,60256,2663
12334,60257,2663
12335,60259,2663
12336,60264,3722
12337,60266,3722
12338,60269,3587
12339,60270,3554
12340,60273,3678
12341,60283,3554
12342,60288,3554
12343,60289,3722
12344,60295,3602
12345,60296,3678
12346,60303,3547
12347,60305,3722
12348,60306,3554
12349,60309,3554
12350,60315,3722
12351,60318,3722
12352,60324,3678
12353,60325,3678
12354,60349,3678
12355,60358,3678
12356,60361,3678
12357,60370,2669
12358,60373,3722
12359,60383,3554
12360,60385,3554
12361,60394,2663
12362,60397,767
12363,60398,3554
12364,60401,3722
12365,60405,3678
12366,60409,3678
12367,60412,3678
12368,60413,3554
12369,60415,3554
12370,60418,3602
12371,60419,3722
12372,60422,3722
12373,60426,3554
12374,60429,2663
12375,60437,3554
12376,60439,3678
12377,60442,2663
12378,60445,3554
12379,60452,2663
12380,60454,3554
12381,60456,3678
12382,60459,3678
12383,60460,2663
12384,60464,3722
12385,60465,3554
12386,60468,3678
12387,60470,3554
12388,60484,3550
12389,60485,3550
12390,60486,3550
12391,60487,3550
12392,60488,3550
12393,60489,3550
12394,60492,3722
12395,60493,3722
12396,60495,3722
12397,60517,3678
12398,60518,3722
12399,60525,3678
12400,60526,3678
12401,60527,3678
12402,60529,3678
12403,60545,3554
12404,60550,3722
12405,60551,3554
12406,60557,3678
12407,60561,3722
12408,60563,3547
12409,60569,3722
12410,60572,3554
12411,60581,2663
12412,60591,3600
12413,60602,729
12414,60603,3722
12415,60605,767
12416,60606,3547
12417,60628,3678
12418,60633,3554
12419,60636,3722
12420,60637,2663
12421,60639,3554
12422,60641,3722
12423,60649,3722
12424,60652,3587
12425,60653,2664
12426,60657,3722
12427,60664,3678
12428,60667,3678
12429,60682,3722
12430,60688,3550
12431,60695,3554
12432,60700,3722
12433,60703,3722
12434,60705,3722
12435,60706,3563
12436,60707,3563
12437,60710,3722
12438,60714,3673
12439,60717,3554
12440,60726,3554
12441,60728,3554
12442,60735,3722
12443,60742,767
12444,60743,3554
12445,60744,3554
12446,60756,3722
12447,60758,3722
12448,60759,3678
12449,60766,3554
12450,60771,3678
12451,60772,3550
12452,60773,3722
12453,60778,3602
12454,60779,3554
12455,60781,3722
12456,60784,2663
12457,60787,3562
12458,60788,3722
12459,60790,3722
12460,60794,3602
12461,60801,3722
12462,60802,3722
12463,60804,3678
12464,60807,2663
12465,60823,2663
12466,60840,3554
12467,60842,767
12468,60843,3722
12469,60846,3722
12470,60849,3722
12471,60850,3678
12472,60860,3678
12473,60861,3678
12474,60865,3554
12475,60867,3554
12476,60870,3554
12477,60871,3722
12478,60872,3678
12479,60873,3554
12480,60876,3554
12481,60884,3722
12482,60886,3722
12483,60887,3722
12484,60891,3722
12485,60893,3678
12486,60894,3722
12487,60895,3722
12488,60899,2667
12489,60909,2663
12490,60911,3554
12491,60921,3678
12492,60922,2663
12493,60925,3722
12494,60927,3722
12495,60928,3600
12496,60937,3678
12497,60938,3554
12498,60944,3722
12499,60954,3554
12500,60956,3704
12501,60958,3554
12502,60966,2663
12503,60967,3678
12504,60969,2663
12505,60972,3722
12506,60973,3722
12507,60974,3722
12508,60975,3722
12509,60976,3722
12510,60986,3548
12511,60990,3722
12512,60992,3722
12513,60994,3554
12514,60996,3722
12515,61006,3722
12516,61009,3678
12517,61024,3722
12518,61029,3722
12519,61030,3685
12520,61036,3678
12521,61059,3678
12522,61070,2669
12523,61092,3678
12524,61093,3678
12525,61094,3722
12526,61095,3722
12527,61097,3722
12528,61098,3722
12529,61111,3602
12530,61112,767
12531,61113,3554
12532,61114,3678
12533,61115,3554
12534,61125,3722
12535,61126,3678
12536,61134,3554
12537,61136,3554
12538,61162,2642
12539,61174,3562
12540,61179,3547
12541,61188,3550
12542,61192,3722
12543,61195,2663
12544,61204,3678
12545,61211,3547
12546,61217,2642
12547,61223,3678
12548,61228,3600
12549,61234,3678
12550,61245,3554
12551,61254,3722
12552,61264,3678
12553,61277,3722
12554,61279,3678
12555,61280,3554
12556,61296,3678
12557,61298,3678
12558,61300,3722
12559,61302,3722
12560,61303,3704
12561,61310,3678
12562,61314,3678
12563,61316,3678
12564,61350,3554
12565,61366,3722
12566,61372,3704
12567,61375,727
12568,61382,3722
12569,61384,3678
12570,61400,2667
12571,61404,2663
12572,61423,3563
12573,61424,3722
12574,61425,3563
12575,61427,3678
12576,61429,3678
12577,61430,3678
12578,61431,3678
12579,61432,2663
12580,61433,2663
12581,61435,3564
12582,61436,3722
12583,61437,3722
12584,61440,2667
12585,61442,2663
12586,61453,3554
12587,61454,3554
12588,61460,3564
12589,61468,2663
12590,61477,3722
12591,61490,3563
12592,61491,3564
12593,61492,3563
12594,61500,3678
12595,61507,3722
12596,61510,3554
12597,61512,2669
12598,61518,3562
12599,61524,2669
12600,61526,3554
12601,61539,3722
12602,61540,3562
12603,61543,3722
12604,61547,3600
12605,61550,3554
12606,61551,3554
12607,61559,3563
12608,61561,3678
12609,61562,3722
12610,61563,3722
12611,61564,2663
12612,61565,3563
12613,61583,3722
12614,61585,3678
12615,61586,3678
12616,61587,3722
12617,61597,3554
12618,61604,3678
12619,61607,3722
12620,61627,3678
12621,61641,3678
12622,61644,3722
12623,61656,3547
12624,61662,3722
12625,61677,3722
12626,61684,2663
12627,61689,3554
12628,61690,3678
12629,61701,3554
12630,61702,3563
12631,61709,3563
12632,61710,3564
12633,61716,3722
12634,61724,3678
12635,61726,3678
12636,61730,3678
12637,61734,3678
12638,61735,3554
12639,61736,3554
12640,61740,3678
12641,61755,3678
12642,61757,3722
12643,61758,3678
12644,61763,3722
12645,61768,3722
12646,61777,3586
12647,61781,3554
12648,61782,2663
12649,61789,3722
12650,61798,3722
12651,61800,3513
12652,61801,3674
12653,61802,3722
12654,61810,3678
12655,61811,3722
12656,61812,3722
12657,61817,3722
12658,61826,3685
12659,61831,3685
12660,61833,3562
12661,61848,3722
12662,61869,3678
12663,61872,3678
12664,61878,3678
12665,61884,3554
12666,61903,3554
12667,61907,3554
12668,61909,3554
12669,61910,3685
12670,61912,3554
12671,61921,727
12672,61924,3554
12673,61928,3562
12674,61944,3685
12675,61949,3678
12676,61951,3547
12677,61953,3722
12678,61957,3722
12679,61959,3722
12680,61960,3722
12681,61961,3722
12682,61962,3547
12683,61963,3722
12684,61967,3678
12685,61972,3722
12686,61979,3722
12687,61982,3678
12688,61995,3566
12689,61996,3554
12690,61997,3554
12691,62002,3678
12692,62004,3722
12693,62016,3554
12694,62025,3722
12695,62029,2663
12696,62030,3678
12697,62043,3722
12698,62044,3722
12699,62049,3563
12700,62051,3601
12701,62057,3600
12702,62064,2663
12703,62073,3722
12704,62077,3722
12705,62082,3515
12706,62084,3678
12707,62088,3678
12708,62089,3722
12709,62090,3678
12710,62100,3722
12711,62104,2642
12712,62107,3678
12713,62108,3722
12714,62109,3722
12715,62110,3722
12716,62116,3554
12717,62117,3722
12718,62122,2663
12719,62125,3554
12720,62130,3722
12721,62131,2663
12722,62133,2663
12723,62134,3678
12724,62138,3554
12725,62157,3678
12726,62162,3563
12727,62163,3722
12728,62165,3564
12729,62177,3722
12730,62184,3722
12731,62187,3722
12732,62195,767
12733,62197,767
12734,62200,3554
12735,62212,3678
12736,62230,2663
12737,62234,3722
12738,62238,2669
12739,62243,3722
12740,62244,2663
12741,62246,3678
12742,62261,3554
12743,62269,3722
12744,62271,3722
12745,62275,2669
12746,62276,3722
12747,62291,3547
12748,62298,3554
12749,62300,3678
12750,62302,3554
12751,62306,727
12752,62307,3554
12753,62310,3554
12754,62312,2663
12755,62334,3547
12756,62358,3563
12757,62367,3554
12758,62372,3722
12759,62373,3722
12760,62375,2667
12761,62376,3722
12762,62380,3554
12763,62382,3722
12764,62393,3554
12765,62394,3554
12766,62396,3722
12767,62397,3722
12768,62398,3722
12769,62399,3678
12770,62416,3722
12771,62418,3594
12772,62432,767
12773,62436,3722
12774,62445,3722
12775,62446,3554
12776,62459,3722
12777,62463,3678
12778,62487,3547
12779,62494,3722
12780,62507,3678
12781,62511,3722
12782,62512,3678
12783,62513,3722
12784,62516,3722
12785,62520,2663
12786,62539,3722
12787,62561,3554
12788,62582,3722
12789,62583,3554
12790,62592,2669
12791,62596,3554
12792,62604,3678
12793,62609,3554
12794,62612,3673
12795,62613,3673
12796,62614,3673
12797,62615,3673
12798,62616,3673
12799,62617,3673
12800,62618,3673
12801,62619,3673
12802,62620,3600
12803,62625,3678
12804,62626,3722
12805,62630,3722
12806,62631,3678
12807,62632,727
12808,62634,3722
12809,62635,3722
12810,62646,2663
12811,62660,3678
12812,62664,3566
12813,62666,3678
12814,62669,3550
12815,62674,3566
12816,62677,3565
12817,62689,3722
12818,62690,3722
12819,62694,3551
12820,62701,3685
12821,62702,3722
12822,62703,3678
12823,62713,3722
12824,62721,3722
12825,62724,3722
12826,62725,3554
12827,62729,3563
12828,62734,3678
12829,62737,3563
12830,62754,3564
12831,62757,3722
12832,62759,3722
12833,62760,3722
12834,62766,3678
12835,62772,3678
12836,62778,3722
12837,62799,3722
12838,62804,3554
12839,62806,3554
12840,62812,3722
12841,62821,3554
12842,62823,3722
12843,62826,3678
12844,62827,3678
12845,62833,3722
12846,62835,3678
12847,62838,3678
12848,62850,3722
12849,62852,3722
12850,62853,3678
12851,62854,3678
12852,62855,3678
12853,62856,3678
12854,62857,3562
12855,62858,3678
12856,62875,767
12857,62877,3722
12858,62878,3550
12859,62880,3550
12860,62888,3678
12861,62889,3678
12862,62891,3554
12863,62894,3562
12864,62896,3678
12865,62906,3554
12866,62911,3678
12867,62918,3722
12868,62927,3563
12869,62928,3563
12870,62936,3554
12871,62941,3678
12872,62948,3678
12873,62949,3678
12874,62952,3678
12875,62960,3678
12876,62964,3722
12877,62969,3685
12878,62975,3678
12879,62982,3554
12880,62987,3554
12881,62988,2669
12882,63005,3678
12883,63016,3678
12884,63019,3722
12885,63024,3678
12886,63028,3566
12887,63029,3722
12888,63030,3722
12889,63032,3722
12890,63045,3673
12891,63046,3550
12892,63050,3678
12893,63051,3566
12894,63060,3565
12895,63069,3722
12896,63070,3554
12897,63087,3554
12898,63088,2663
12899,63092,3515
12900,63107,3722
12901,63110,3569
12902,63113,3563
12903,63114,3563
12904,63125,3722
12905,63126,3678
12906,63127,3722
12907,63131,3554
12908,63132,3565
12909,63134,3566
12910,63135,3554
12911,63138,3566
12912,63145,3722
12913,63148,767
12914,63149,2663
12915,63156,3550
12916,63159,3678
12917,63187,3678
12918,63194,3722
12919,63203,3678
12920,63206,3587
12921,63209,3722
12922,63211,3678
12923,63222,3678
12924,63224,3550
12925,63227,3722
12926,63229,3678
12927,63230,3722
12928,63238,3550
12929,63256,3678
12930,63260,3554
12931,63273,3602
12932,63280,3722
12933,63290,3722
12934,63293,3678
12935,63294,3722
12936,63298,3722
12937,63314,3554
12938,63315,3562
12939,63321,3722
12940,63326,3722
12941,63330,3587
12942,63331,727
12943,63332,727
12944,63333,3678
12945,63351,3678
12946,63352,3555
12947,63355,3678
12948,63361,3586
12949,63364,3554
12950,63365,3554
12951,63378,3722
12952,63381,3722
12953,63389,3554
12954,63391,3722
12955,63396,3678
12956,63399,3554
12957,63400,3678
12958,63402,3563
12959,63405,3563
12960,63415,3722
12961,63418,3722
12962,63423,3722
12963,63435,3722
12964,63436,3554
12965,63437,3722
12966,63439,3562
12967,63442,3722
12968,63443,3722
12969,63446,3554
12970,63449,3678
12971,63450,3678
12972,63452,3722
12973,63453,3722
12974,63455,3722
12975,63456,3718
12976,63459,3678
12977,63479,3547
12978,63488,3554
12979,63493,3722
12980,63494,3513
12981,63500,3722
12982,63502,2663
12983,63513,3722
12984,63517,2669
12985,63519,2663
12986,63521,3722
12987,63532,767
12988,63533,3673
12989,63534,3673
12990,63535,2669
12991,63536,3554
12992,63540,3554
12993,63552,2663
12994,63557,3722
12995,63562,3566
12996,63572,3722
12997,63573,3722
12998,63578,2669
12999,63582,3554
13000,63597,2663
13001,63607,3722
13002,63610,3554
13003,63611,3678
13004,63631,3678
13005,63633,3678
13006,63636,3678
13007,63646,3566
13008,63649,3565
13009,63665,3678
13010,63670,3722
13011,63683,3678
13012,63686,3678
13013,63690,3722
13014,63697,3722
13015,63703,3722
13016,63724,3554
13017,63733,2663
13018,63740,3554
13019,63741,3722
13020,63747,3678
13021,63754,2663
13022,63757,3722
13023,63762,3722
13024,63771,3554
13025,63774,3554
13026,63775,3722
13027,63780,3678
13028,63790,3547
13029,63793,3554
13030,63796,2663
13031,63805,3678
13032,63806,3722
13033,63807,3601
13034,63826,3678
13035,63827,3722
13036,63832,3554
13037,63835,3722
13038,63838,3554
13039,63839,3722
13040,63840,3554
13041,63842,3722
13042,63860,3722
13043,63875,3722
13044,63877,3722
13045,63883,2669
13046,63885,3678
13047,63894,3678
13048,63899,3554
13049,63907,3554
13050,63908,2663
13051,63909,2663
13052,63918,3722
13053,63926,3722
13054,63949,3554
13055,63950,3554
13056,63955,3722
13057,63958,3550
13058,63985,3722
13059,63986,3722
13060,63987,3600
13061,63988,3678
13062,63995,3563
13063,63997,3563
13064,63999,3678
13065,64010,3554
13066,64033,3678
13067,64048,2663
13068,64050,2669
13069,64053,2663
13070,64054,2662
13071,64055,3554
13072,64061,2663
13073,64070,3722
13074,64072,3547
13075,64084,3547
